date,Station_No,TSP,PM2.5,O3,CO,NO2,SO2,Temperature,Humidity
24-02-2021 16:00,1,32.48833333,15.32,56.37081667,1467.262,102.9767667,355.8833333,25.78,61.42666667
24-02-2021 16:00,2,28.44333333,14.02666667,62.94686667,0.0,52.5078,323.1333333,25.92166667,62.03333333
24-02-2021 16:00,3,27.41166667,13.33666667,72.72915,1135.304,66.5287,359.8133333,26.21833333,60.26166667
24-02-2021 16:00,4,25.27166667,13.01166667,36.9044,1150.966,44.19563333,289.0733333,26.19333333,60.94333333
24-02-2021 16:00,5,27.62333333,14.40166667,47.112,1260.409,45.13663333,275.9733333,26.07166667,60.89333333
24-02-2021 16:00,6,27.24545455,14.38181818,49.61036364,1243.41,92.47463636,327.5,25.72727273,62.8
24-02-2021 17:00,1,45.67333333,20.24666667,88.95661667,1020.131,125.1843667,347.5866667,27.42166667,63.38
24-02-2021 17:00,2,43.32833333,18.8,77.9311,0.0,63.95663333,330.9933333,27.565,64.32166667
24-02-2021 17:00,3,39.77833333,17.70833333,65.1716,829.131,76.37783333,312.2166667,28.005,62.03666667
24-02-2021 17:00,4,38.55833333,17.60666667,47.14471667,876.881,55.92676667,295.6233333,27.48666667,64.055
24-02-2021 17:00,5,38.075,18.00333333,60.68941667,1002.368,54.4839,291.2566667,27.64,63.25
24-02-2021 17:00,6,30.54,15.22,59.2826,1155.168,106.8976,324.88,26.7,62.1
05-03-2021 10:00,1,45.66,20.72166667,46.81755,492.398,54.26433333,230.56,28.145,51.85
05-03-2021 10:00,2,42.26833333,19.54166667,36.02105,0.0,22.4899,330.5566667,28.30833333,51.835
05-03-2021 10:00,3,39.24833333,18.02666667,24.50478333,483.612,27.0067,261.1266667,28.59333333,50.67666667
05-03-2021 10:00,4,34.245,16.735,9.553266667,502.712,16.21656667,245.4066667,28.29833333,51.94166667
05-03-2021 10:00,5,36.85666667,18.425,16.62006667,437.581,19.60416667,275.5366667,28.78166667,50.23833333
05-03-2021 10:00,6,31.43478261,11.18695652,2.645782609,1450.935652,39.44017391,519.4434783,25.66956522,48.92608696
05-03-2021 11:00,1,62.36333333,28.44666667,68.01795,1236.152,99.77736667,266.3666667,26.94166667,57.79833333
05-03-2021 11:00,2,57.54166667,26.73833333,67.26546667,0.0,47.95963333,289.51,27.09333333,57.64
05-03-2021 11:00,3,53.23333333,24.65833333,49.33673333,981.931,51.50406667,239.2933333,27.22833333,56.925
05-03-2021 11:00,4,47.12166667,22.62833333,32.42221667,981.358,39.08286667,239.73,27.21833333,57.3
05-03-2021 11:00,5,51.05333333,25.02166667,43.25143333,868.095,41.2158,259.8166667,27.37,56.54166667
05-03-2021 11:00,6,23.18125,10.45625,0.8588125,1120.93125,31.75875,379.9,24.43125,46.21875
05-03-2021 14:00,1,34.555,16.40333333,60.39496667,890.442,88.8304,292.5666667,27.16833333,57.28333333
05-03-2021 14:00,2,30.56833333,15.25166667,61.96536667,0.0,48.02236667,314.4,27.38166667,56.92333333
05-03-2021 14:00,3,29.155,14.26333333,46.85026667,744.327,51.53543333,264.62,27.41166667,56.54166667
05-03-2021 14:00,4,23.425,12.48333333,26.40235,753.304,37.8282,263.31,27.56166667,56.40333333
05-03-2021 14:00,5,29.65166667,15.82666667,39.58716667,684.735,39.4279,284.7066667,27.62,55.93833333
05-03-2021 14:00,6,20.82,8.946666667,8.768066667,11551.68,27.22626667,379.9,22.47333333,44.65333333
05-03-2021 15:00,1,40.08166667,18.12833333,61.0493,1008.289,91.43383333,295.6233333,27.16833333,57.88833333
05-03-2021 15:00,2,38.215,18.04,64.05923333,0.0,48.7438,314.4,27.46666667,57.435
05-03-2021 15:00,3,34.02166667,15.83166667,47.8972,836.771,51.59816667,266.3666667,27.445,57.055
05-03-2021 15:00,4,30.115,14.97833333,26.66408333,821.109,37.8282,262.0,27.60833333,57.01
05-03-2021 15:00,5,32.46833333,16.29666667,42.46623333,797.043,40.3689,288.2,27.70833333,56.305
05-03-2021 15:00,6,14.16610169,7.805084746,35.00128814,1201.551864,73.55749153,389.8915254,22.35084746,46.73898305
05-03-2021 16:00,1,57.42833333,26.07833333,53.85163333,836.962,87.19933333,292.5666667,27.38666667,56.07666667
05-03-2021 16:00,2,53.38666667,24.93,63.53576667,0.0,48.30466667,314.8366667,27.795,55.41666667
05-03-2021 16:00,3,48.50166667,22.435,45.44345,720.07,50.65716667,265.93,27.595,55.53666667
05-03-2021 16:00,4,41.825,20.35666667,22.70536667,729.429,36.73036667,263.7466667,27.79333333,55.195
05-03-2021 16:00,5,47.73166667,23.62833333,39.52173333,677.859,38.23596667,288.2,27.88166667,54.73666667
05-03-2021 16:00,6,11.99285714,7.485714286,31.17430952,904.5214286,70.08209524,252.6428571,21.99285714,44.71190476
11-03-2021 17:00,1,52.865,22.53,81.75895,1041.905,113.1082,339.29,29.015,57.75333333
11-03-2021 17:00,2,48.055,21.31166667,60.78756667,0.0,51.72363333,341.91,29.34,57.68833333
11-03-2021 17:00,3,29.57272727,12.55454545,82.62445455,1235.596364,81.09709091,335.8363636,24.22727273,60.46363636
11-03-2021 17:00,4,37.60666667,17.17666667,37.52601667,965.123,34.3465,328.3733333,29.28666667,57.54166667
11-03-2021 17:00,5,41.82666667,19.83,64.15738333,705.363,50.5317,314.8366667,29.20666667,57.22166667
11-03-2021 17:00,6,29.54,13.76666667,53.91706667,1290.396,107.0230667,349.3333333,23.72,60.24
12-03-2021 10:00,1,89.38833333,37.09666667,83.39478333,1560.852,74.18216667,365.49,30.235,56.02166667
12-03-2021 10:00,2,65.78666667,35.31666667,67.78893333,0.0,32.96636667,417.0166667,30.03833333,56.51
12-03-2021 10:00,3,37.84444444,12.8,0.0,10613.23333,0.0,335.8363636,22.45555556,48.93333333
12-03-2021 10:00,4,61.33833333,27.23166667,46.88298333,1542.707,18.22403333,394.31,30.06666667,56.13833333
12-03-2021 10:00,5,73.66666667,32.96666667,63.4049,1290.969,40.5571,417.0166667,30.38666667,55.635
12-03-2021 10:00,6,40.33846154,14.59230769,0.453,21092.57077,4.198307692,349.3333333,23.31538462,51.53846154
26-03-2021 16:00,1,58.58166667,19.62333333,95.63081667,772.213,106.7094,370.2933333,32.845,52.90166667
26-03-2021 16:00,2,42.29545455,14.725,17.44393182,0.0,6.244818182,417.0166667,32.80909091,53.59318182
26-03-2021 16:00,3,49.98166667,16.56833333,59.44618333,1435.556,6.994766667,604.7833333,33.84166667,51.95333333
26-03-2021 16:00,4,90.73,23.23333333,71.8458,1099.205,30.36293333,489.0666667,33.46,53.62833333
26-03-2021 16:00,5,42.45166667,15.835,133.6475833,1935.594,66.96783333,638.8433333,33.16333333,54.21166667
26-03-2021 16:00,6,145.9762712,60.64745763,87.40340678,2543.731525,77.70427119,349.3333333,33.82033898,51.98983051
26-03-2021 17:00,1,51.22166667,18.42666667,91.96655,687.6,124.5256667,334.4866667,31.60166667,55.78833333
26-03-2021 17:00,2,43.73833333,15.795,72.46741667,0.0,30.64523333,654.1266667,31.44833333,58.77666667
26-03-2021 17:00,3,55.25166667,17.55666667,73.84151667,1950.683,32.58996667,611.77,32.46166667,55.88166667
26-03-2021 17:00,4,81.055,23.94333333,55.09486667,1002.177,30.55113333,394.7466667,32.37333333,53.41666667
26-03-2021 17:00,5,42.06833333,16.28166667,115.0645167,2417.678,71.516,674.65,32.06166667,57.39166667
26-03-2021 17:00,6,237.3016667,103.68,93.76596667,2776.758,100.3419667,349.3333333,32.42666667,56.24
26-03-2021 18:00,1,44.19512195,17.56829268,89.05317073,660.2078049,123.3857561,310.5658537,30.6902439,58.69268293
26-03-2021 18:00,2,45.3047619,17.70238095,107.3574048,0.0,54.21952381,515.2666667,30.51428571,62.53809524
26-03-2021 18:00,3,48.85227273,16.11818182,67.94656818,1710.144545,42.00281818,517.45,31.60227273,56.02954545
26-03-2021 18:00,4,59.17179487,22.05128205,68.95666667,1160.398462,48.98025641,392.3282051,31.4025641,57.05384615
26-03-2021 18:00,5,38.6625,15.0225,95.30365,1715.562,64.69375,533.825,31.34,57.07
26-03-2021 18:00,6,235.5357143,105.1714286,88.70890476,2152.024286,106.2881905,693.6761905,31.76190476,57.30238095
09-04-2021 16:00,1,80.82166667,33.37166667,170.781,989.189,177.2530333,233.18,30.73833333,69.275
09-04-2021 16:00,2,59.40666667,30.06166667,110.2551667,0.0,47.26956667,368.5466667,30.0,71.30333333
09-04-2021 16:00,3,0.0,45.16,45.9342,2697.684,30.4884,517.45,30.04,70.38
09-04-2021 16:00,4,102.7145455,40.66727273,108.0363818,1358.947636,57.69185455,386.8072727,27.89636364,92.57636364
09-04-2021 16:00,5,64.19666667,26.465,132.2734833,1799.029,65.1172,472.0366667,29.99833333,73.435
09-04-2021 16:00,6,68.41333333,28.80833333,111.6947,1393.536,89.61456667,383.3933333,30.11833333,70.85166667
09-04-2021 17:00,1,82.67166667,32.78833333,152.0670667,1152.303,161.3815,239.73,29.68666667,69.04
09-04-2021 17:00,2,55.96166667,26.82166667,131.4555667,0.0,61.7296,399.55,28.83166667,76.44333333
09-04-2021 17:00,3,0.0,48.665,102.8939167,1398.502,68.5048,391.69,29.53333333,73.72333333
09-04-2021 17:00,4,97.39,39.895,84.17998333,1070.555,48.14783333,286.89,22.435,34.89166667
09-04-2021 17:00,5,59.60666667,25.81,127.2351167,2988.195,68.25386667,694.3,29.75333333,72.32166667
09-04-2021 17:00,6,67.40833333,28.09333333,107.7359833,1815.837,102.3180667,470.29,29.555,74.34666667
09-04-2021 18:00,1,71.93666667,29.15333333,143.59345,1023.378,142.3419333,214.84,29.15666667,70.95
09-04-2021 18:00,2,51.425,24.87,140.4199333,0.0,74.93496667,320.0766667,27.37,83.25166667
09-04-2021 18:00,3,0.0,43.24,105.9365667,1324.012,73.14706667,347.5866667,26.81,87.37333333
09-04-2021 18:00,4,108.5616667,45.095,91.44308333,1144.281,60.09853333,272.9166667,22.01333333,32.04333333
09-04-2021 18:00,5,44.14666667,20.56333333,157.6943333,2257.62,91.02606667,501.2933333,27.09166667,86.14333333
09-04-2021 18:00,6,79.26166667,29.09333333,121.41155,1555.504,116.5899,382.0833333,27.41166667,83.5
09-04-2021 19:00,1,81.62833333,32.46166667,131.7173,999.312,143.0633667,206.5433333,28.82333333,71.52333333
09-04-2021 19:00,2,44.46833333,20.62833333,169.2760333,0.0,84.47043333,234.49,25.52,88.07166667
09-04-2021 19:00,3,0.0,37.41,139.3075667,1342.73,100.8752,282.96,25.09333333,92.10833333
09-04-2021 19:00,4,105.5883333,41.81833333,88.89118333,1291.542,65.36813333,283.8333333,27.95166667,81.91333333
09-04-2021 19:00,5,51.73166667,24.00333333,144.4113667,2953.242,98.0522,600.4166667,27.26,84.04833333
09-04-2021 19:00,6,48.57833333,23.79166667,122.0331667,1516.54,127.7564333,338.4166667,27.07333333,83.02166667
09-04-2021 20:00,1,78.66333333,31.76666667,134.1383333,959.393,155.0454333,192.57,28.445,74.1
09-04-2021 20:00,2,48.89333333,23.87333333,147.4540167,0.0,87.513,305.23,26.67833333,86.84333333
09-04-2021 20:00,3,0.0,43.71833333,124.0943167,1945.526,104.2628,402.17,26.32833333,89.14166667
09-04-2021 20:00,4,103.1,41.16833333,89.02205,1019.94,66.4346,234.0533333,28.17666667,80.32333333
09-04-2021 20:00,5,59.95666667,25.36333333,128.0530333,2885.819,91.8416,599.1066667,27.70166667,83.24666667
09-04-2021 20:00,6,68.77333333,29.065,109.6008333,3205.171,140.8990667,665.0433333,27.52833333,83.905
09-04-2021 21:00,1,79.39333333,32.34666667,134.2692,975.246,163.3576,197.81,28.08166667,77.07333333
09-04-2021 21:00,2,51.01333333,24.74833333,120.43005,0.0,80.20456667,339.7266667,27.02166667,86.56833333
09-04-2021 21:00,3,0.0,49.47833333,116.6676333,2171.479,108.5286667,450.2033333,26.655,90.08166667
09-04-2021 21:00,4,99.44333333,39.47166667,83.68923333,1092.711,65.36813333,244.97,28.01166667,80.69333333
09-04-2021 21:00,5,63.68666667,26.41166667,107.0489333,2122.201,77.31883333,480.77,28.06166667,79.72166667
09-04-2021 21:00,6,80.11833333,30.55833333,97.23393333,3413.361,132.5555333,665.0433333,27.88,82.585
09-04-2021 22:00,1,74.82,30.64,135.2179833,863.129,171.5756667,173.3566667,27.87166667,79.23
09-04-2021 22:00,2,59.64,29.02333333,116.2096,0.0,85.5369,352.39,27.125,86.67333333
09-04-2021 22:00,3,0.0,52.08666667,103.9081333,2085.147,103.1649667,448.8933333,27.29333333,87.445
09-04-2021 22:00,4,99.89333333,39.53833333,81.59536667,1060.05,69.50853333,233.6166667,27.885,81.33333333
09-04-2021 22:00,5,63.89166667,27.05166667,103.0902167,1546.718,74.7154,375.5333333,28.09333333,78.8
09-04-2021 22:00,6,77.35,30.24666667,90.72331667,2308.617,125.6862333,501.73,28.01166667,81.33666667
09-04-2021 23:00,1,79.18666667,30.75666667,130.8666667,851.287,179.0723,157.6366667,27.78166667,80.57166667
09-04-2021 23:00,2,67.31206897,36.17931034,108.3372931,0.0,80.34193103,299.9448276,27.2137931,86.23275862
09-04-2021 23:00,3,0.0,48.15166667,85.94668333,1374.054,88.20306667,335.7966667,27.455,85.78166667
09-04-2021 23:00,4,98.91833333,39.55833333,82.51143333,837.153,74.9977,194.7533333,27.84333333,81.83333333
09-04-2021 23:00,5,58.455,24.97166667,106.68905,1152.112,73.83713333,317.8933333,28.16833333,79.10166667
09-04-2021 23:00,6,69.415,27.78333333,87.51708333,1309.878,112.7004333,324.4433333,28.05333333,80.41
10-04-2021 00:00,1,74.13666667,30.01166667,121.21525,777.943,152.4733667,157.2,27.875,80.58666667
10-04-2021 00:00,2,68.55833333,36.92833333,107.27795,0.0,80.04773333,265.4933333,27.21166667,86.81333333
10-04-2021 00:00,3,0.0,44.49,75.44463333,712.621,73.61756667,229.25,27.66833333,83.87666667
10-04-2021 00:00,4,93.49,37.495,80.22126667,602.605,61.6355,172.4833333,27.77,82.21833333
10-04-2021 00:00,5,53.07833333,23.25833333,101.4871,720.834,66.49733333,260.69,28.11666667,80.07833333
10-04-2021 00:00,6,67.15,27.29833333,84.89975,924.631,106.5839333,254.5766667,27.94333333,81.53166667
10-04-2021 01:00,1,69.9,28.51166667,125.0431,738.979,154.3553667,157.2,27.62666667,82.32
10-04-2021 01:00,2,60.195,29.73833333,92.68631667,0.0,79.45176667,293.8766667,27.14166667,88.075
10-04-2021 01:00,3,0.0,53.22333333,89.18563333,803.728,86.79156667,230.1233333,26.92333333,88.54333333
10-04-2021 01:00,4,98.48833333,38.765,80.81016667,593.819,61.9178,165.4966667,27.52666667,83.93833333
10-04-2021 01:00,5,54.84166667,23.785,101.8797,774.314,69.4458,287.3266667,27.99833333,81.22166667
10-04-2021 01:00,6,62.42333333,26.64833333,86.92818333,630.109,108.1209,194.3166667,27.83333333,82.79666667
10-04-2021 02:00,1,69.53333333,28.68,120.0701667,747.383,147.6742667,157.6366667,27.38666667,83.18833333
10-04-2021 02:00,2,59.01,28.58666667,91.4758,0.0,79.01263333,304.7933333,26.81,89.37333333
10-04-2021 02:00,3,0.0,72.58333333,94.71475,1189.93,99.9342,286.4533333,26.47833333,91.73
10-04-2021 02:00,4,98.35666667,39.05666667,77.80023333,556.192,58.93796667,157.6366667,27.465,83.68833333
10-04-2021 02:00,5,53.93,23.55333333,101.0617833,922.912,68.09703333,348.0233333,27.79166667,82.64166667
10-04-2021 02:00,6,63.94137931,26.63448276,84.91667241,632.8686207,108.1501034,191.0793103,27.63793103,84.02068966
10-04-2021 03:00,1,79.33166667,32.49666667,116.0460167,764.955,148.4584333,164.1866667,27.16333333,83.715
10-04-2021 03:00,2,60.55833333,30.79666667,93.30793333,0.0,80.11046667,305.23,26.63666667,90.14166667
10-04-2021 03:00,3,0.0,127.6616667,75.9681,1218.771,89.80276667,309.16,27.36833333,88.44333333
10-04-2021 03:00,4,98.67333333,38.81833333,72.53285,530.216,58.1538,151.5233333,27.27166667,83.03166667
10-04-2021 03:00,5,58.82833333,24.43833333,101.9451333,689.51,70.92003333,264.62,27.66833333,81.90333333
10-04-2021 03:00,6,74.345,28.02166667,86.60101667,1117.923,122.4241,272.48,27.47333333,84.29333333
10-04-2021 04:00,1,76.53,31.11833333,114.7046333,793.414,155.7668667,158.51,27.01,84.555
10-04-2021 04:00,2,58.625,28.45166667,99.78583333,0.0,80.61233333,327.0633333,26.71,89.435
10-04-2021 04:00,3,0.0,162.6933333,48.2898,1226.22,68.75573333,341.91,27.675,86.65
10-04-2021 04:00,4,110.22,41.97333333,79.82866667,611.2,76.4092,146.72,27.095,84.11
10-04-2021 04:00,5,55.54666667,24.045,105.2168,505.577,76.5974,204.7966667,27.45666667,82.33166667
10-04-2021 04:00,6,66.4,27.605,79.79595,871.151,107.6817667,230.1233333,27.80833333,81.40166667
10-04-2021 05:00,1,104.0966667,39.04666667,115.6534167,978.302,179.0095667,187.7666667,26.56166667,87.81666667
10-04-2021 05:00,2,55.94166667,27.09166667,93.96226667,0.0,73.24116667,339.29,26.96833333,84.69833333
10-04-2021 05:00,3,0.0,76.53,74.594,1442.05,84.4077,359.3766667,26.94833333,87.74666667
10-04-2021 05:00,4,127.4433333,47.22833333,78.61815,810.031,70.4809,191.6966667,26.93166667,84.40333333
10-04-2021 05:00,5,66.02833333,26.41,104.7587667,676.14,80.29866667,241.9133333,27.35166667,82.14666667
10-04-2021 05:00,6,90.10666667,33.10833333,86.01211667,1999.961,127.4741333,461.5566667,27.33333333,83.125
10-04-2021 06:00,1,138.9216667,49.66833333,113.3959667,1801.13,179.0723,342.3466667,26.45,89.42333333
10-04-2021 06:00,2,63.49666667,32.125,96.21971667,0.0,78.1971,564.61,27.91166667,79.53
10-04-2021 06:00,3,0.0,97.235,61.47461667,2203.949,77.50703333,519.1966667,27.875,85.39333333
10-04-2021 06:00,4,132.8983333,50.32,79.01075,1398.12,69.47716667,299.5533333,27.10833333,84.36
10-04-2021 06:00,5,65.25333333,26.38166667,97.03763333,1177.133,70.07313333,327.0633333,27.51,80.135
10-04-2021 06:00,6,89.34333333,33.06666667,85.03061667,4073.839,127.7878,519.4434783,27.68333333,80.51666667
10-04-2021 07:00,1,162.48,62.20166667,108.7502,1957.941,153.5084667,373.35,26.95166667,87.49833333
10-04-2021 07:00,2,63.86833333,33.655,80.6793,0.0,54.51526667,482.5166667,29.1,73.15833333
10-04-2021 07:00,3,0.0,102.2116667,72.79458333,2088.012,72.9275,515.7033333,28.60833333,80.85
10-04-2021 07:00,4,189.545,71.96833333,80.71201667,1568.301,65.08583333,338.4166667,27.99333333,81.68333333
10-04-2021 07:00,5,84.47333333,34.14666667,98.67346667,1224.501,63.92526667,340.6,28.20333333,78.68666667
10-04-2021 07:00,6,105.005,39.64666667,88.46586667,4839.749,125.0275333,379.9,28.445,78.33166667
10-04-2021 08:00,1,139.3183333,57.19,103.35195,1406.142,100.5615333,273.3533333,28.69666667,78.715
10-04-2021 08:00,2,74.97,41.73166667,91.01776667,0.0,49.27703333,457.19,30.35,69.08333333
10-04-2021 08:00,3,0.0,137.815,84.2127,1829.971,66.2464,474.6566667,29.78166667,75.98
10-04-2021 08:00,4,198.875,79.39333333,78.94531667,1593.322,46.54813333,349.77,29.05166667,77.46
10-04-2021 08:00,5,132.2833333,52.98,117.48555,1843.532,61.98053333,446.2733333,29.33333333,75.055
10-04-2021 08:00,6,151.565,58.06,106.5909,4882.533,128.9483667,379.9,29.12166667,76.685
10-04-2021 09:00,1,155.055,61.1,131.61915,1285.621,74.30763333,241.9133333,30.23166667,72.29333333
10-04-2021 09:00,2,84.96166667,50.01833333,85.09605,0.0,21.1725,465.9233333,31.80166667,63.16
10-04-2021 09:00,3,0.0,104.4733333,56.76341667,1065.398,22.3017,375.5333333,31.84666667,64.71666667
10-04-2021 09:00,4,157.0933333,63.99833333,79.17433333,1262.51,17.62806667,310.0333333,30.78666667,68.705
10-04-2021 09:00,5,154.6783333,63.62333333,121.8695833,1434.983,38.7692,401.7333333,31.28666667,66.59333333
10-04-2021 09:00,6,158.4866667,61.875,111.3021,3609.327,98.0522,389.8915254,30.62333333,69.55666667
10-04-2021 10:00,1,141.87,56.6,127.7585833,1039.231,27.50856667,215.7133333,31.91666667,64.22666667
10-04-2021 10:00,2,88.35833333,51.87166667,124.3233333,0.0,23.08586667,422.6933333,32.86166667,57.785
10-04-2021 10:00,3,0.0,116.69,75.60821667,1068.263,9.2218,402.6066667,32.925,61.37666667
10-04-2021 10:00,4,158.0766667,62.79666667,102.8939167,1022.041,7.9044,270.2966667,31.59,64.79666667
10-04-2021 10:00,5,150.6983333,56.495,100.60375,1224.883,3.795366667,465.4866667,33.355,57.53333333
10-04-2021 10:00,6,152.9733333,57.11166667,134.5309333,3522.422,93.3472,252.6428571,31.275,65.93666667
10-04-2021 11:00,1,99.62333333,39.995,117.87815,862.174,28.29273333,212.6566667,32.72166667,57.76166667
10-04-2021 11:00,2,74.53,41.655,90.13441667,0.0,1.7879,457.19,34.70333333,48.28
10-04-2021 11:00,3,0.0,94.84333333,63.73206667,861.792,1.160566667,385.5766667,33.49166667,55.885
10-04-2021 11:00,4,144.6083333,57.205,110.0588667,917.182,9.159066667,265.93,31.92333333,63.10333333
10-04-2021 11:00,5,118.3466667,48.015,103.4828167,1576.705,3.795366667,593.43,34.61,52.09833333
10-04-2021 11:00,6,144.7516667,55.515,134.9235333,2809.992,73.80576667,680.3266667,32.60666667,60.04
10-04-2021 12:00,1,87.57833333,35.84,115.2935333,802.009,31.39803333,216.5866667,33.13,54.08166667
10-04-2021 12:00,2,74.76,41.47833333,120.4954833,0.0,2.666166667,419.6366667,34.58166667,48.285
10-04-2021 12:00,3,0.0,82.08333333,90.46158333,723.508,2.697533333,387.76,34.1,53.24833333
10-04-2021 12:00,4,112.2516667,45.47166667,88.59673333,766.865,0.909633333,279.03,33.13833333,56.28166667
10-04-2021 12:00,5,101.7783333,42.59166667,152.3615167,1457.521,17.18893333,532.2966667,34.10833333,51.80166667
10-04-2021 12:00,6,127.8233333,50.10666667,81.0719,2320.268,13.76996667,680.3266667,34.94166667,51.6
10-04-2021 13:00,1,87.43166667,35.08,113.854,730.957,25.06196667,237.5466667,34.645,50.00833333
10-04-2021 13:00,2,70.87833333,37.82833333,135.2507,0.0,10.1628,413.96,34.48,47.54833333
10-04-2021 13:00,3,0.0,71.05166667,72.72915,666.972,3.6699,392.1266667,34.11333333,51.87333333
10-04-2021 13:00,4,103.0783333,41.65333333,81.62808333,704.026,1.5056,297.8066667,34.23666667,52.28833333
10-04-2021 13:00,5,90.565,36.425,152.9831333,840.973,23.46226667,389.9433333,34.38,48.66333333
10-04-2021 13:00,6,110.265,44.32166667,87.1572,1669.149,8.1867,637.0966667,34.995,49.13
10-04-2021 14:00,1,78.11833333,31.99166667,93.99498333,645.962,2.227033333,253.2666667,35.74,43.86666667
10-04-2021 14:00,2,68.65833333,36.46833333,157.8579167,0.0,15.96563333,411.34,34.01,50.64
10-04-2021 14:00,3,0.0,66.17666667,59.51161667,605.088,2.132933333,432.3,35.55,46.87
10-04-2021 14:00,4,96.99166667,39.185,73.67793333,669.073,1.286033333,324.0066667,34.95333333,49.29166667
10-04-2021 14:00,5,83.78333333,34.24,160.7697,1129.574,39.58473333,430.99,34.16833333,50.69666667
10-04-2021 14:00,6,104.4516667,41.21666667,75.08475,1500.496,2.383866667,637.0966667,35.43333333,48.40166667
10-04-2021 15:00,1,80.74,31.68,185.60165,819.199,121.5772,256.3233333,33.62166667,54.73333333
10-04-2021 15:00,2,58.495,29.47666667,155.4696,0.0,49.52796667,413.0866667,33.51333333,56.70833333
10-04-2021 15:00,3,0.0,57.59166667,92.16285,733.631,11.0097,440.5966667,33.87166667,55.59833333
10-04-2021 15:00,4,91.10166667,34.99,98.28086667,791.886,14.115,340.6,34.04833333,55.80833333
10-04-2021 15:00,5,74.23333333,30.48166667,168.71985,1064.443,54.07613333,392.1266667,33.34166667,56.30666667
10-04-2021 15:00,6,85.02833333,34.48666667,117.68185,1055.657,47.01863333,524.0,34.16666667,54.48333333
10-04-2021 16:00,1,64.64166667,25.8,189.8875333,935.327,146.0432,238.8566667,30.73666667,63.74833333
10-04-2021 16:00,2,56.09245283,25.83018868,119.7800377,0.0,42.93090566,395.4716981,32.20943396,59.81698113
10-04-2021 16:00,3,0.0,48.32413793,104.6143621,972.7168966,45.46003448,401.1310345,32.81551724,59.20172414
10-04-2021 16:00,4,83.07333333,33.18166667,104.4643167,893.116,39.6161,313.9633333,31.62,63.46
10-04-2021 16:00,5,61.31,25.525,137.0828333,1294.789,60.1299,455.4433333,31.61666667,64.24166667
10-04-2021 16:00,6,74.67333333,29.74333333,110.2878833,1346.359,75.53093333,524.8733333,32.64333333,58.54833333
10-04-2021 17:00,1,73.35,28.76,178.92745,1194.705,180.1387667,286.4533333,29.80333333,71.11
10-04-2021 17:00,2,58.84,25.52333333,154.0300667,0.0,72.8334,374.66,30.50333333,65.88666667
10-04-2021 17:00,3,0.0,43.61,111.7274167,1296.317,68.47343333,409.5933333,30.84333333,66.05
10-04-2021 17:00,4,94.33166667,38.91833333,119.5139833,1335.854,84.28223333,339.7266667,30.35833333,70.47833333
10-04-2021 17:00,5,54.225,22.77666667,158.51225,2022.499,95.3233,498.2366667,30.215,70.75
10-04-2021 17:00,6,70.60166667,27.14333333,133.3204167,2899.38,139.2052667,524.8733333,30.51666667,69.17666667
10-04-2021 18:00,1,60.9,26.33833333,178.2076833,1312.934,188.3254667,279.9033333,27.65833333,83.29166667
10-04-2021 18:00,2,51.99166667,24.02833333,141.5650167,0.0,84.90956667,367.6733333,29.95333333,69.775
10-04-2021 18:00,3,0.0,47.22666667,113.1342333,1475.475,82.08656667,421.3833333,30.03166667,71.135
10-04-2021 18:00,4,104.5433333,40.945,100.0802833,1614.714,77.22473333,389.5066667,30.01166667,71.78
10-04-2021 18:00,5,57.57333333,24.30666667,121.3461167,1733.134,79.76543333,457.6266667,30.36,69.55666667
10-04-2021 18:00,6,73.96666667,28.985,110.1243,2610.397,126.9095333,660.6766667,30.80833333,67.75333333
10-04-2021 19:00,1,62.09166667,26.20666667,149.87505,1762.93,175.4651333,341.91,27.44833333,83.51833333
10-04-2021 19:00,2,54.14166667,25.18,119.5794167,0.0,85.5369,406.5366667,29.875,70.26333333
10-04-2021 19:00,3,0.0,48.69,120.9208,1613.377,96.67206667,405.6633333,28.095,82.41
10-04-2021 19:00,4,108.76,43.28,106.2310167,2239.475,92.81396667,470.29,29.00166667,78.14666667
10-04-2021 19:00,5,53.53166667,23.42166667,106.002,1220.49,67.62653333,367.2366667,29.99666667,68.19833333
10-04-2021 19:00,6,73.04166667,30.31166667,87.5498,2036.442,103.51,544.0866667,30.85666667,65.15666667
10-04-2021 20:00,1,71.0,27.13666667,148.30465,1729.696,170.7601333,316.5833333,26.59333333,85.23333333
10-04-2021 20:00,2,49.12166667,22.26166667,113.4286833,0.0,78.2912,309.5966667,29.44,69.735
10-04-2021 20:00,3,0.0,38.92,91.6721,1234.815,74.21353333,317.02,27.73666667,80.85166667
10-04-2021 20:00,4,116.78,46.29,110.3860333,2217.701,93.66086667,454.1333333,27.73666667,82.05666667
10-04-2021 20:00,5,66.07166667,27.60166667,127.4314167,2099.663,88.95586667,510.4633333,29.24166667,74.105
10-04-2021 20:00,6,71.39666667,31.12166667,111.4984,2083.046,133.9356667,524.0,28.77166667,75.85
10-04-2021 21:00,1,66.16666667,25.39666667,128.3802,1703.529,162.5420667,318.7666667,26.85833333,83.48833333
10-04-2021 21:00,2,52.42542373,24.52881356,116.8484068,0.0,85.61505085,347.7050847,29.01016949,73.01525424
10-04-2021 21:00,3,0.0,37.98,76.22983333,1211.322,66.7169,295.1866667,28.09166667,77.46
10-04-2021 21:00,4,107.1245614,42.26666667,104.7622105,2250.181053,90.73221053,437.5859649,27.65438596,81.28421053
10-04-2021 21:00,5,66.665,27.42666667,124.1270333,2645.35,92.7826,586.0066667,28.90666667,75.92333333
10-04-2021 21:00,6,86.51833333,31.70666667,114.5083333,3536.938,153.4457333,524.0,28.61333333,77.0
10-04-2021 22:00,1,65.01166667,25.0,124.4869167,1366.605,168.1880667,258.5066667,27.04666667,82.465
10-04-2021 22:00,2,52.29833333,23.55333333,119.8084333,0.0,89.6773,289.51,28.57666667,75.13666667
10-04-2021 22:00,3,0.0,47.20333333,88.04055,1777.637,87.95213333,395.1833333,28.59333333,76.11
10-04-2021 22:00,4,94.46129032,37.18387097,90.55129032,1290.913548,86.26845161,286.5096774,28.30967742,78.35483871
10-04-2021 22:00,5,59.03833333,25.12833333,106.7544833,1402.131,79.7968,385.14,28.8,75.48166667
10-04-2021 22:00,6,78.27166667,28.14,85.55408333,2122.392,113.2336667,520.07,29.11,73.46333333
10-04-2021 23:00,1,80.825,29.70166667,114.1811667,1521.697,179.7937333,276.41,27.30333333,82.50666667
10-04-2021 23:00,2,48.87241379,21.11034483,108.2696034,0.0,83.81389655,246.6413793,28.28965517,76.29137931
10-04-2021 23:00,3,0.0,37.67333333,61.37646667,798.38,61.98053333,249.3366667,28.985,73.31833333
10-04-2021 23:00,4,89.16333333,36.445,66.38211667,912.598,57.18143333,240.6033333,28.25,77.15
10-04-2021 23:00,5,49.22833333,21.50333333,96.05613333,869.432,67.752,292.5666667,28.60333333,74.69166667
10-04-2021 23:00,6,51.625,22.72333333,77.86566667,823.592,95.95063333,277.72,29.34833333,71.74833333
11-04-2021 00:00,1,84.76833333,33.61166667,103.6136833,1178.852,160.3777667,237.9833333,27.16166667,83.16166667
11-04-2021 00:00,2,42.92,17.73666667,92.22828333,0.0,68.3166,219.6433333,28.235,73.91
11-04-2021 00:00,3,0.0,35.01166667,55.29116667,624.57,56.11496667,217.0233333,28.82333333,72.53666667
11-04-2021 00:00,4,80.79166667,33.205,66.90558333,757.506,61.13363333,209.6,27.97,76.70333333
11-04-2021 00:00,5,47.74666667,21.18,96.67775,536.901,69.32033333,241.04,28.28166667,74.825
11-04-2021 00:00,6,52.06333333,22.32,75.60821667,715.104,97.14256667,244.5333333,29.12666667,71.19833333
11-04-2021 01:00,1,76.94333333,30.17166667,95.23821667,1007.716,148.1761333,218.3333333,27.285,81.575
11-04-2021 01:00,2,42.17666667,17.08666667,93.66781667,0.0,68.5989,203.4866667,28.04,73.79833333
11-04-2021 01:00,3,0.0,34.29666667,64.84443333,564.978,64.7408,198.6833333,28.64666667,72.51333333
11-04-2021 01:00,4,73.43166667,30.16833333,66.9383,656.467,59.12616667,193.0066667,28.01333333,75.86833333
11-04-2021 01:00,5,50.36333333,21.835,93.86411667,502.33,68.1284,233.6166667,28.2,74.52166667
11-04-2021 01:00,6,52.08,22.69166667,77.47306667,653.411,104.4196333,225.7566667,29.01333333,71.15166667
11-04-2021 02:00,1,77.14333333,31.62,89.87268333,899.61,139.2052667,217.46,27.14166667,79.095
11-04-2021 02:00,2,48.21333333,21.21666667,97.88826667,0.0,75.71913333,210.91,27.69833333,74.81
11-04-2021 02:00,3,0.0,31.24666667,69.91551667,526.969,67.59516667,183.8366667,28.43333333,71.72166667
11-04-2021 02:00,4,65.83166667,27.71833333,63.83021667,585.988,52.66463333,182.09,27.83833333,75.22
11-04-2021 02:00,5,44.85833333,19.79166667,92.19556667,454.389,69.03803333,224.01,27.93833333,74.78
11-04-2021 02:00,6,47.66034483,21.36551724,74.89860345,590.5851724,99.48641379,209.1482759,28.87068966,70.48965517
11-04-2021 03:00,1,83.775,32.5,104.4316,1000.076,164.4240667,225.32,26.545,82.58
11-04-2021 03:00,2,49.845,22.79833333,97.03763333,0.0,79.45176667,225.32,27.50666667,74.94
11-04-2021 03:00,3,0.0,29.28333333,67.9198,516.273,65.83863333,178.16,28.08333333,72.59166667
11-04-2021 03:00,4,61.07333333,26.26333333,64.81171667,581.022,51.9432,177.2866667,27.57166667,75.265
11-04-2021 03:00,5,41.99333333,19.195,92.49001667,455.344,68.09703333,209.6,27.65333333,74.78
11-04-2021 03:00,6,45.03333333,20.51166667,73.93966667,602.796,98.2404,205.67,28.62,70.53333333
11-04-2021 04:00,1,78.72833333,31.795,103.6464,998.357,157.2411,221.39,26.23666667,83.38833333
11-04-2021 04:00,2,48.59333333,22.60333333,97.9537,0.0,79.26356667,251.0833333,27.41,73.93
11-04-2021 04:00,3,0.0,27.30666667,77.5385,546.069,73.398,171.1733333,27.77,73.28833333
11-04-2021 04:00,4,54.81166667,24.39,67.82165,580.258,51.0963,168.1166667,27.15,76.09333333
11-04-2021 04:00,5,41.63166667,18.87166667,96.31786667,657.231,73.99396667,248.0266667,27.49833333,75.58166667
11-04-2021 04:00,6,46.17333333,21.08666667,80.05768333,656.085,107.8699667,213.53,28.41666667,71.44833333
11-04-2021 05:00,1,113.5383333,40.905,113.9848667,1251.623,178.7272667,268.9866667,25.895,86.46
11-04-2021 05:00,2,53.745,25.67166667,101.8469833,0.0,87.57573333,364.18,27.34833333,74.435
11-04-2021 05:00,3,0.0,27.96833333,90.298,854.343,87.45026667,211.7833333,27.29,75.07166667
11-04-2021 05:00,4,55.19,24.42,73.54706667,725.609,57.46373333,186.02,26.88166667,77.385
11-04-2021 05:00,5,37.865,17.57666667,99.16421667,678.432,76.44056667,220.9533333,27.335,76.12
11-04-2021 05:00,6,51.21166667,20.78,83.36206667,1163.19,118.7855667,292.13,28.11833333,72.71333333
11-04-2021 06:00,1,120.6866667,44.22833333,105.3476667,1355.145,164.2672333,296.06,26.395,84.31333333
11-04-2021 06:00,2,54.425,25.855,97.33208333,0.0,81.7729,396.93,28.72166667,69.26333333
11-04-2021 06:00,3,0.0,32.14166667,85.32506667,1114.485,83.2785,265.4933333,28.00166667,73.39833333
11-04-2021 06:00,4,74.51833333,31.43,75.60821667,928.069,63.01563333,224.4466667,27.11666667,77.48833333
11-04-2021 06:00,5,34.66833333,16.36666667,98.31358333,756.933,67.15603333,242.35,27.53166667,74.61
11-04-2021 06:00,6,44.94833333,19.11166667,81.4645,1745.167,112.1985667,412.65,28.35666667,71.28833333
11-04-2021 07:00,1,85.32666667,32.12,77.17861667,956.146,103.8236667,224.4466667,28.30666667,74.04
11-04-2021 07:00,2,48.53,21.77333333,82.67501667,0.0,58.37336667,365.49,29.86833333,64.41666667
11-04-2021 07:00,3,0.0,56.98,68.57413333,1016.311,58.40473333,286.89,29.64166667,68.55666667
11-04-2021 07:00,4,104.2433333,41.19166667,69.98095,1158.606,49.52796667,274.2266667,28.71166667,71.955
11-04-2021 07:00,5,42.65666667,19.555,97.3648,967.797,59.7535,284.27,28.445,72.00166667
11-04-2021 07:00,6,53.41,21.39166667,81.75895,2526.93,107.3053667,572.0333333,29.18,68.68333333
11-04-2021 08:00,1,68.08,26.38333333,67.10188333,854.725,57.0246,214.4033333,30.72333333,63.16166667
11-04-2021 08:00,2,45.69166667,19.44,68.1161,0.0,39.45926667,378.59,31.53166667,57.73
11-04-2021 08:00,3,0.0,49.47166667,61.60548333,896.745,32.02536667,296.06,31.55666667,60.19666667
11-04-2021 08:00,4,66.12833333,27.27833333,49.23858333,931.698,14.52276667,264.1833333,30.75833333,62.645
11-04-2021 08:00,5,54.985,24.73833333,83.6238,1013.064,43.34873333,317.02,30.86166667,62.51
11-04-2021 08:00,6,72.26166667,28.705,87.77881667,3053.326,103.9805,686.8766667,30.37666667,63.875
11-04-2021 09:00,1,66.98666667,23.72333333,57.22145,619.031,13.70723333,193.0066667,32.52833333,55.07833333
11-04-2021 09:00,2,45.58166667,19.585,62.78328333,0.0,18.88273333,371.6033333,32.34333333,53.87666667
11-04-2021 09:00,3,0.0,41.49,52.44481667,782.145,9.159066667,306.9766667,33.10666667,53.89333333
11-04-2021 09:00,4,64.98166667,25.79833333,38.8674,816.907,0.125466667,276.8466667,32.64166667,55.015
11-04-2021 09:00,5,47.74166667,21.91833333,11.3854,732.867,0.690066667,414.8333333,33.64166667,52.51
11-04-2021 09:00,6,59.37833333,24.39166667,78.84716667,2038.543,72.14333333,520.5066667,32.07166667,56.89
11-04-2021 10:00,1,66.60333333,24.63833333,63.86293333,560.203,4.014933333,211.7833333,33.99666667,49.685
11-04-2021 10:00,2,45.79333333,20.29833333,88.49858333,0.0,28.16726667,350.6433333,33.31333333,51.02666667
11-04-2021 10:00,3,0.0,38.74833333,44.1675,637.749,0.972366667,327.0633333,34.20166667,50.16
11-04-2021 10:00,4,58.29,24.73333333,29.21598333,676.713,0.0,307.85,34.385,49.60166667
11-04-2021 10:00,5,44.74333333,20.96,20.97138333,656.085,0.0,485.1366667,35.34,47.75833333
11-04-2021 10:00,6,53.85666667,23.00666667,76.39341667,1376.346,42.94096667,428.37,33.235,53.01666667
11-04-2021 11:00,1,54.06666667,22.78,56.37081667,515.318,2.195666667,257.1966667,35.56833333,44.75333333
11-04-2021 11:00,2,47.72833333,21.89,90.13441667,0.0,16.68706667,374.66,34.18,48.11833333
11-04-2021 11:00,3,0.0,33.83333333,35.75931667,543.204,0.0,349.77,35.02,47.05166667
11-04-2021 11:00,4,54.29,24.40833333,17.24168333,649.973,0.0,351.9533333,35.76166667,44.86166667
11-04-2021 11:00,5,46.29666667,21.91833333,34.45065,571.663,0.0,516.5766667,36.24166667,43.32333333
11-04-2021 11:00,6,54.29833333,23.735,63.14316667,1357.246,24.81103333,456.7533333,35.00833333,46.65166667
11-04-2021 12:00,1,50.295,22.69333333,75.34648333,523.149,7.088866667,274.6633333,35.95833333,43.66333333
11-04-2021 12:00,2,50.82,23.89,126.4499167,0.0,26.78713333,364.18,34.44,48.29666667
11-04-2021 12:00,3,0.0,36.78333333,29.01968333,489.915,0.0,375.97,35.765,43.915
11-04-2021 12:00,4,56.64,25.52666667,31.27713333,586.561,0.0,371.6033333,36.16,43.92333333
11-04-2021 12:00,5,51.68,24.355,116.6349167,756.36,17.7849,461.5566667,34.58,47.95
11-04-2021 12:00,6,60.81,26.78666667,40.20878333,1157.842,1.944733333,545.3966667,35.80166667,45.45833333
11-04-2021 13:00,1,66.14333333,28.30166667,148.8608333,713.003,78.5735,265.4933333,34.165,50.57666667
11-04-2021 13:00,2,49.81333333,22.54333333,131.7827333,0.0,36.35396667,367.2366667,33.94166667,52.45833333
11-04-2021 13:00,3,0.0,40.48166667,92.98076667,721.789,23.93276667,356.32,32.29833333,59.635
11-04-2021 13:00,4,69.87333333,29.45833333,117.2565333,827.794,32.3704,347.15,33.07166667,59.91
11-04-2021 13:00,5,43.44,20.05,237.2612667,2119.336,114.4256,513.9566667,30.32166667,71.99833333
11-04-2021 13:00,6,66.22666667,28.31,134.4327833,1505.462,87.35616667,519.6333333,32.28,61.15
11-04-2021 14:00,1,56.96166667,24.405,136.91925,802.582,87.95213333,301.3,34.2,53.07833333
11-04-2021 14:00,2,45.69833333,19.87333333,100.4728833,0.0,29.95516667,386.0133333,34.02,51.66
11-04-2021 14:00,3,0.0,26.59666667,172.6131333,750.057,99.11866667,232.3066667,26.62666667,87.685
11-04-2021 14:00,4,79.17,33.47333333,161.2277333,990.335,82.93346667,264.1833333,28.615,79.96833333
11-04-2021 14:00,5,41.115,19.23,206.7366167,1888.799,106.8662333,437.1033333,29.60166667,76.19666667
11-04-2021 14:00,6,47.08333333,21.87,159.6573333,2151.233,144.8199,567.23,29.89833333,74.09166667
11-04-2021 15:00,1,52.71,21.62666667,92.58816667,820.727,54.51526667,337.98,35.25166667,50.88
11-04-2021 15:00,2,43.35333333,17.81333333,91.11591667,0.0,34.4406,396.93,33.53,52.76833333
11-04-2021 15:00,3,0.0,27.39833333,191.1634833,1506.417,128.6033333,320.95,27.57,89.70333333
11-04-2021 15:00,4,65.495,28.025,145.36015,1859.767,97.9581,374.2233333,30.47333333,72.33666667
11-04-2021 15:00,5,41.29666667,17.995,130.0814667,2132.133,73.27253333,521.8166667,31.38333333,64.22
11-04-2021 15:00,6,44.25,19.15833333,111.891,1651.577,96.98573333,443.6533333,31.55166667,63.53166667
11-04-2021 16:00,1,58.61833333,23.98,113.5268333,830.086,82.49433333,295.6233333,32.88,52.91
11-04-2021 16:00,2,42.535,17.45,90.72331667,0.0,33.90736667,396.93,32.94166667,54.215
11-04-2021 16:00,3,0.0,25.41206897,96.39006897,1117.152414,69.17972414,293.6206897,30.20172414,69.52413793
11-04-2021 16:00,4,52.805,21.69166667,58.75913333,1008.098,30.6766,282.0866667,31.9,61.28833333
11-04-2021 16:00,5,42.48833333,18.595,70.79886667,1028.726,29.76696667,386.0133333,32.47166667,55.38666667
11-04-2021 16:00,6,43.285,18.53333333,64.87715,1027.58,41.46673333,359.8133333,32.675,54.4
11-04-2021 17:00,1,70.665,26.83166667,157.0727167,1250.286,146.6391667,327.9366667,31.12,61.46333333
11-04-2021 17:00,2,45.68333333,19.76666667,106.9835,0.0,50.68853333,397.8033333,31.755,57.59166667
11-04-2021 17:00,3,0.0,29.34833333,64.02651667,999.121,49.93573333,296.9333333,30.83,62.01666667
11-04-2021 17:00,4,61.10166667,25.10666667,62.48883333,1231.186,44.4152,313.9633333,31.22166667,63.33666667
11-04-2021 17:00,5,46.08833333,20.26333333,90.00355,1420.467,49.62206667,437.1033333,31.7,58.505
11-04-2021 17:00,6,49.69,20.64,73.84151667,1627.893,67.03056667,480.77,32.07166667,56.55833333
11-04-2021 18:00,1,62.32166667,24.34,109.8625667,1080.296,120.3225333,293.0033333,30.905,58.04166667
11-04-2021 18:00,2,48.31,21.71333333,126.8752333,0.0,72.6452,374.66,30.51333333,62.57833333
11-04-2021 18:00,3,0.0,31.62333333,74.92116667,1187.065,60.72586667,333.6133333,30.31166667,64.26166667
11-04-2021 18:00,4,68.74666667,27.64,79.17433333,1691.496,71.82966667,370.73,30.12,67.83166667
11-04-2021 18:00,5,47.115,20.72333333,107.8014167,2043.891,71.95513333,518.3233333,30.90333333,62.31833333
11-04-2021 18:00,6,58.49333333,23.23166667,87.97511667,2340.896,97.4876,597.7966667,30.935,61.73666667
11-04-2021 19:00,1,59.44833333,24.47,113.7885667,967.224,132.0536667,267.6766667,29.97166667,62.315
11-04-2021 19:00,2,46.255,20.05833333,118.9578,0.0,74.55856667,351.08,29.85666667,65.085
11-04-2021 19:00,3,0.0,35.36166667,82.446,1486.935,72.77066667,372.9133333,30.03166667,65.255
11-04-2021 19:00,4,69.55,28.07333333,62.88143333,1257.544,48.0851,304.7933333,29.77666667,64.36833333
11-04-2021 19:00,5,49.32666667,21.58333333,102.2723,1689.395,69.7281,451.0766667,30.31,63.94333333
11-04-2021 19:00,6,59.81333333,24.72,88.62945,2025.746,103.9491333,521.8166667,30.61,63.04666667
11-04-2021 20:00,1,59.29,23.96166667,126.9406667,942.012,148.1761333,250.21,29.035,68.61
11-04-2021 20:00,2,47.97166667,21.09333333,117.5509833,0.0,82.49433333,334.9233333,29.31,68.29333333
11-04-2021 20:00,3,0.0,37.385,84.08183333,1259.072,74.49583333,330.9933333,29.52833333,65.86833333
11-04-2021 20:00,4,76.37,30.40666667,76.78601667,1080.678,56.80503333,271.6066667,29.06833333,69.09333333
11-04-2021 20:00,5,48.99333333,21.52166667,102.7957667,1190.312,68.9753,362.87,29.59666667,66.50833333
11-04-2021 20:00,6,59.52666667,25.68666667,83.6238,1332.989,97.864,381.6466667,30.22166667,63.97166667
11-04-2021 21:00,1,56.72833333,23.4,118.7287833,971.044,153.5084667,240.6033333,28.35333333,73.67333333
11-04-2021 21:00,2,47.47833333,21.03166667,116.4386167,0.0,83.78036667,290.82,28.98166667,70.42333333
11-04-2021 21:00,3,0.0,37.72666667,94.58388333,1095.003,83.59216667,291.6933333,29.08666667,70.14166667
11-04-2021 21:00,4,86.00166667,33.08,82.87131667,1137.023,65.33676667,269.86,28.54833333,73.32333333
11-04-2021 21:00,5,50.69833333,21.56833333,111.3675333,933.99,75.81323333,309.5966667,29.02,71.02
11-04-2021 21:00,6,58.22833333,25.18333333,88.76031667,1005.806,104.3255333,314.4,29.79,67.57166667
11-04-2021 22:00,1,55.33833333,22.82833333,112.18545,899.801,146.2627667,212.6566667,27.93333333,76.17
11-04-2021 22:00,2,46.53166667,20.05833333,109.3391,0.0,81.80426667,276.41,28.785,71.72666667
11-04-2021 22:00,3,0.0,38.455,94.55116667,1057.185,87.54436667,282.0866667,28.83,72.11333333
11-04-2021 22:00,4,88.63666667,33.63666667,78.38913333,990.908,63.01563333,240.6033333,28.21,75.10833333
11-04-2021 22:00,5,50.475,21.34,106.9835,889.869,73.05296667,298.68,28.70833333,72.69666667
11-04-2021 22:00,6,61.74166667,24.95833333,85.9794,1390.289,110.6302333,372.9133333,29.40666667,69.80666667
11-04-2021 23:00,1,58.66666667,23.71166667,107.3761,821.109,137.3546333,186.8933333,27.67833333,76.96666667
11-04-2021 23:00,2,43.88965517,18.32241379,107.7280862,0.0,79.69296552,233.9931034,28.45344828,73.12758621
11-04-2021 23:00,3,0.0,34.17,89.05476667,812.705,81.99246667,236.2366667,28.60166667,72.865
11-04-2021 23:00,4,87.84833333,33.77166667,80.02496667,878.409,72.2688,214.84,27.88166667,76.42333333
11-04-2021 23:00,5,43.93333333,19.52,99.39323333,624.188,65.7759,247.1533333,28.45333333,73.18
11-04-2021 23:00,6,59.015,25.40833333,82.11883333,907.25,100.9693,278.1566667,29.21333333,70.365
12-04-2021 00:00,1,60.65,24.49833333,105.1513667,797.998,143.9416333,183.8366667,27.47,77.70333333
12-04-2021 00:00,2,42.60333333,17.36,96.64503333,0.0,71.95513333,213.0933333,28.23333333,73.27166667
12-04-2021 00:00,3,0.0,32.67,85.68495,679.196,81.14556667,205.67,28.32333333,73.575
12-04-2021 00:00,4,80.91666667,32.125,76.03353333,743.945,70.07313333,188.2033333,27.6,77.32166667
12-04-2021 00:00,5,47.03333333,20.505,99.03335,542.44,70.0104,221.8266667,28.19,74.00333333
12-04-2021 00:00,6,51.47,22.495,79.53421667,622.469,99.49506667,215.7133333,29.00833333,70.46166667
12-04-2021 01:00,1,82.96,32.68833333,100.5056,795.897,139.6444,183.4,27.27,78.12
12-04-2021 01:00,2,41.30333333,16.23333333,98.7389,0.0,69.00666667,199.5566667,28.01833333,73.685
12-04-2021 01:00,3,0.0,34.88166667,86.73188333,575.101,83.12166667,175.9766667,28.275,73.51666667
12-04-2021 01:00,4,75.79833333,29.575,74.92116667,648.445,67.12466667,164.1866667,27.50333333,77.29666667
12-04-2021 01:00,5,49.61333333,21.01,99.26236667,455.153,70.26133333,210.0366667,27.99833333,74.54833333
12-04-2021 01:00,6,52.66166667,22.65666667,80.41756667,681.297,107.2426333,211.7833333,28.70333333,71.495
12-04-2021 02:00,1,65.61333333,25.63,99.16421667,783.864,149.7758333,182.09,26.98833333,79.35333333
12-04-2021 02:00,2,45.29833333,18.92333333,99.65496667,0.0,76.72286667,204.36,27.965,73.48666667
12-04-2021 02:00,3,0.0,34.64666667,93.30793333,573.955,92.0298,168.1166667,28.105,74.08166667
12-04-2021 02:00,4,70.32666667,27.765,73.6125,622.469,61.41593333,159.82,27.35,77.695
12-04-2021 02:00,5,47.97166667,20.38,96.31786667,519.329,69.28896667,224.4466667,27.86833333,74.91666667
12-04-2021 02:00,6,58.0137931,23.99827586,80.14455172,682.4627586,109.8698621,209.6,28.50517241,72.30689655
12-04-2021 03:00,1,66.63,26.145,102.1414333,786.538,159.6563333,183.4,26.72166667,80.88166667
12-04-2021 03:00,2,48.58166667,21.42833333,96.93948333,0.0,81.27103333,220.9533333,27.955,72.77
12-04-2021 03:00,3,0.0,29.37,90.298,575.865,90.58693333,167.68,27.70833333,75.32666667
12-04-2021 03:00,4,64.025,26.36166667,66.84015,626.289,54.54663333,165.06,27.17666667,77.375
12-04-2021 03:00,5,42.69166667,18.455,98.60803333,475.59,75.06043333,210.4733333,27.65166667,75.78666667
12-04-2021 03:00,6,51.92333333,20.94833333,79.07618333,805.256,112.6377,228.3766667,28.33833333,72.92666667
12-04-2021 04:00,1,83.16166667,31.83333333,102.3050167,873.825,166.9020333,192.1333333,26.575,81.21833333
12-04-2021 04:00,2,47.97,21.24333333,101.0290667,0.0,82.6198,237.9833333,27.835,73.63333333
12-04-2021 04:00,3,0.0,30.49666667,81.13733333,659.141,83.0903,184.71,27.32666667,76.53833333
12-04-2021 04:00,4,78.83166667,31.46333333,72.53285,745.664,67.8461,180.3433333,26.91333333,79.09666667
12-04-2021 04:00,5,42.11666667,18.37833333,96.84133333,499.656,75.31136667,212.6566667,27.46666667,76.65333333
12-04-2021 04:00,6,60.71666667,22.37,81.59536667,1337.764,125.2784667,331.43,27.89333333,75.21833333
12-04-2021 05:00,1,89.61833333,32.82166667,100.2765833,1096.149,166.4315333,231.87,26.49833333,81.28333333
12-04-2021 05:00,2,51.54339623,22.90188679,112.8910189,0.0,91.72086792,322.8037736,27.82264151,74.13207547
12-04-2021 05:00,3,0.0,43.60666667,85.81581667,1330.124,91.4652,303.4833333,27.35333333,77.43166667
12-04-2021 05:00,4,116.6533333,46.06,72.36926667,1101.306,75.90733333,238.42,26.855,79.56333333
12-04-2021 05:00,5,40.54333333,18.40166667,90.298,737.833,72.86476667,247.59,27.40666667,76.60166667
12-04-2021 05:00,6,80.80666667,30.59,77.30948333,2120.864,121.8595,506.97,27.85166667,75.16666667
12-04-2021 06:00,1,102.6416667,38.78666667,93.6351,1397.738,157.6488667,299.5533333,27.36833333,77.97666667
12-04-2021 06:00,2,53.80833333,25.04666667,113.7231333,0.0,84.47043333,436.23,28.08166667,74.09666667
12-04-2021 06:00,3,0.0,50.10333333,86.53558333,2313.392,92.0298,494.3066667,27.65166667,76.72666667
12-04-2021 06:00,4,105.2333333,40.55833333,66.08766667,1582.244,68.15976667,324.0066667,27.505,76.28166667
12-04-2021 06:00,5,48.63,20.88666667,89.54551667,1680.8,75.0918,418.7633333,27.81666667,75.695
12-04-2021 06:00,6,58.31166667,23.57833333,72.92545,2748.49,114.6451667,638.8433333,28.335,73.50833333
12-04-2021 07:00,1,94.12833333,35.38666667,73.57978333,1159.561,106.8662333,265.4933333,29.28,69.68333333
12-04-2021 07:00,2,52.84833333,24.72,105.11865,0.0,77.03653333,478.15,29.89,66.76333333
12-04-2021 07:00,3,0.0,46.90333333,72.59828333,2364.962,70.60636667,544.0866667,30.24166667,67.065
12-04-2021 07:00,4,85.64166667,34.41666667,57.15601667,1320.574,47.17546667,306.9766667,28.99666667,70.90833333
12-04-2021 07:00,5,54.82,23.78166667,85.48865,1714.989,64.01936667,435.7933333,28.94,71.055
12-04-2021 07:00,6,70.525,27.83,75.60821667,4196.843,111.3203,572.0333333,29.58166667,68.63833333
12-04-2021 08:00,1,134.34,36.90333333,91.8684,983.841,94.35093333,220.5166667,30.12333333,65.28833333
12-04-2021 08:00,2,57.79166667,27.82333333,82.15155,0.0,45.76396667,406.1,31.81833333,58.885
12-04-2021 08:00,3,0.0,44.65166667,64.3864,1610.894,41.52946667,442.78,31.66,61.09666667
12-04-2021 08:00,4,70.385,28.61,48.02806667,1094.048,28.73186667,285.58,30.465,65.68666667
12-04-2021 08:00,5,70.56,26.16,87.81153333,1231.759,56.0836,386.0133333,30.41,65.41333333
12-04-2021 08:00,6,70.13833333,26.26,79.46878333,4769.843,106.6466667,686.8766667,30.56166667,64.075
12-04-2021 09:00,1,105.9898305,32.70338983,98.94850847,824.7315254,55.34355932,203.8271186,31.54067797,58.82542373
12-04-2021 09:00,2,56.39333333,27.65333333,82.08611667,0.0,28.54366667,430.99,32.81833333,55.45833333
12-04-2021 09:00,3,0.0,38.06,67.1346,946.405,26.31663333,346.7133333,32.855,56.2
12-04-2021 09:00,4,82.48813559,30.28983051,52.10267797,982.4522034,14.67322034,303.7423729,32.3440678,59.69830508
12-04-2021 09:00,5,55.95762712,23.59491525,38.26186441,1180.768475,14.73701695,476.4847458,33.28305085,55.52881356
12-04-2021 09:00,6,68.50175439,25.78245614,86.99189474,3408.646316,96.08105263,520.5066667,31.65263158,59.59473684
12-04-2021 10:00,1,97.49333333,29.1,89.54551667,703.453,18.03583333,218.77,33.55,52.73
12-04-2021 10:00,2,54.67833333,26.35166667,127.0061,0.0,31.20983333,375.5333333,33.88,52.33333333
12-04-2021 10:00,3,0.0,36.83666667,67.46176667,743.754,14.64823333,351.08,33.91,52.50666667
12-04-2021 10:00,4,58.08666667,24.345,43.48045,677.477,0.031366667,301.3,33.905,51.94
12-04-2021 10:00,5,54.94333333,24.01,56.27266667,860.646,0.533233333,481.2066667,34.98,50.28333333
12-04-2021 10:00,6,66.00833333,25.91666667,96.48145,2049.621,71.07686667,562.4266667,33.01,55.50666667
12-04-2021 11:00,1,56.43,21.13333333,89.08748333,670.41,25.0306,248.0266667,33.98833333,50.69333333
12-04-2021 11:00,2,51.97,24.66833333,133.7457333,0.0,27.7595,389.07,34.46,50.69166667
12-04-2021 11:00,3,0.0,32.77666667,68.05066667,608.717,6.147866667,350.2066667,34.635,50.47166667
12-04-2021 11:00,4,59.12166667,24.485,44.33108333,610.245,0.1882,310.9066667,35.08333333,49.17
12-04-2021 11:00,5,48.05833333,22.09666667,89.48008333,1149.629,0.533233333,572.9066667,36.23166667,46.79833333
12-04-2021 11:00,6,64.17169811,26.68867925,95.63143396,1753.812453,48.00875472,543.2792453,34.72830189,51.02830189
12-04-2021 12:00,1,53.065,20.705,107.1470833,636.794,39.4279,254.14,35.14166667,48.67333333
12-04-2021 12:00,2,49.765,23.19833333,150.8892667,0.0,38.7692,361.1233333,34.29833333,51.41166667
12-04-2021 12:00,3,0.0,32.50833333,60.2641,594.965,0.721433333,382.9566667,35.415,48.59333333
12-04-2021 12:00,4,52.14,23.37833333,55.29116667,623.997,0.0941,341.4733333,35.71166667,48.2
12-04-2021 12:00,5,48.74166667,22.61833333,181.67565,1017.648,33.62506667,458.5,33.92666667,52.65666667
12-04-2021 12:00,6,62.195,25.61166667,61.37646667,1712.315,8.531733333,654.5633333,36.10333333,47.43833333
12-04-2021 13:00,1,53.80166667,22.53666667,126.4826333,666.208,56.58546667,273.3533333,34.47666667,52.23833333
12-04-2021 13:00,2,47.54833333,20.575,151.5763167,0.0,45.7326,387.76,32.29333333,61.53
12-04-2021 13:00,3,0.0,35.76,88.23685,816.716,10.31963333,425.75,33.33,57.37833333
12-04-2021 13:00,4,70.93,25.98666667,97.43023333,983.459,24.71693333,364.18,32.44333333,60.69166667
12-04-2021 13:00,5,39.67666667,18.09,207.8489833,1144.472,85.3487,401.2966667,29.16166667,73.885
12-04-2021 13:00,6,51.93333333,22.73166667,116.6022,1086.79,74.6213,487.32,30.76333333,68.025
12-04-2021 14:00,1,56.89722222,22.30833333,163.6923889,962.64,169.0663333,283.8333333,31.55555556,64.275
12-04-2021 14:00,2,36.715,12.65166667,195.1549167,0.0,104.451,247.1533333,26.99666667,80.505
12-04-2021 14:00,3,0.0,17.84166667,141.6958833,918.519,84.2195,306.54,28.335,76.09
12-04-2021 14:00,4,49.35833333,16.53333333,102.8612,1077.431,57.33826667,306.54,29.98333333,65.03333333
12-04-2021 14:00,5,20.05333333,9.553333333,200.5858833,1417.029,118.8796667,329.6833333,26.01166667,83.49
12-04-2021 14:00,6,19.71,10.54666667,161.4894667,1096.913,164.7377333,310.0333333,26.63166667,81.65666667
12-04-2021 15:00,1,54.36166667,20.27166667,140.1254833,1055.657,148.5839,275.5366667,31.31,64.49833333
12-04-2021 15:00,2,41.01,15.67166667,183.8022333,0.0,109.0305333,324.0066667,28.98833333,74.82
12-04-2021 15:00,3,0.0,20.36,151.9689167,1615.669,110.6929667,381.21,28.93666667,75.64666667
12-04-2021 15:00,4,105.3966667,23.375,106.49275,1441.668,69.9163,362.87,31.26666667,64.175
12-04-2021 15:00,5,32.1,14.09,176.2119667,3335.051,112.92,657.1833333,28.86833333,75.925
12-04-2021 15:00,6,31.58833333,14.62833333,150.1695,2212.735,153.5084667,498.2366667,29.03166667,73.555
12-04-2021 16:00,1,92.91333333,33.24333333,182.1336833,1521.124,218.4061,334.9233333,29.41,76.2
12-04-2021 16:00,2,45.59666667,17.68666667,96.90676667,0.0,53.9193,393.4366667,31.04166667,64.10833333
12-04-2021 16:00,3,0.0,28.74310345,91.21181034,1892.283103,64.99389655,489.2172414,31.02068966,66.44310345
12-04-2021 16:00,4,54.38166667,21.42,82.57686667,1367.942,62.16873333,362.87,31.22333333,64.95166667
12-04-2021 16:00,5,40.73333333,17.34333333,97.88826667,2768.354,65.36813333,648.45,30.655,65.56666667
12-04-2021 16:00,6,52.615,19.825,102.6649,3108.907,111.1007333,359.8133333,30.85,67.83333333
12-04-2021 17:00,1,66.92666667,24.70166667,93.40608333,1219.344,124.8707,298.2433333,30.76333333,64.30833333
12-04-2021 17:00,2,44.00333333,17.40166667,121.0516667,0.0,60.56903333,367.6733333,30.10833333,68.13
12-04-2021 17:00,3,0.0,26.92,82.77316667,1969.21,61.41593333,519.6333333,30.68833333,67.635
12-04-2021 17:00,4,61.87833333,23.495,81.95525,1493.047,67.40696667,361.56,30.72833333,65.45166667
12-04-2021 17:00,5,36.00666667,15.83333333,106.3291667,3219.687,66.87373333,648.45,30.34666667,65.21
12-04-2021 17:00,6,51.11166667,18.915,90.33071667,3773.969,104.9842333,480.77,30.505,67.15666667
12-04-2021 18:00,1,82.82,32.28333333,94.78018333,904.194,120.9498667,254.5766667,30.23666667,65.43666667
12-04-2021 18:00,2,44.97166667,18.22166667,142.6446667,0.0,75.3741,328.81,29.22166667,72.70666667
12-04-2021 18:00,3,0.0,26.17,87.02633333,1696.462,68.5989,451.5133333,29.925,70.78333333
12-04-2021 18:00,4,58.69,24.45,93.20978333,1259.072,76.8797,306.54,29.885,70.01
12-04-2021 18:00,5,36.04333333,15.75833333,114.4101833,2729.39,76.7856,643.6466667,29.74333333,69.545
12-04-2021 18:00,6,45.77166667,17.86166667,92.62088333,2790.128,112.2299333,691.68,29.76,70.80166667
12-04-2021 19:00,1,46.66166667,19.885,106.3946,795.324,131.6459,221.39,29.34166667,68.98333333
12-04-2021 19:00,2,40.57166667,15.645,140.06005,0.0,78.22846667,300.4266667,28.68166667,76.50833333
12-04-2021 19:00,3,0.0,23.405,81.49721667,1396.019,69.94766667,379.4633333,29.40666667,72.18166667
12-04-2021 19:00,4,65.07333333,27.72333333,92.09741667,1119.642,71.0455,275.5366667,29.155,74.34333333
12-04-2021 19:00,5,37.36833333,16.03,120.1683167,2388.264,83.68626667,552.82,29.16833333,73.48
12-04-2021 19:00,6,43.56226415,17.37358491,94.70549057,2614.393585,121.6908302,629.2943396,29.37169811,72.48490566
12-04-2021 20:00,1,45.425,19.3,120.1683167,805.829,156.2687333,210.91,28.55666667,73.42833333
12-04-2021 20:00,2,39.93833333,14.945,130.24505,0.0,83.2785,268.1133333,28.355,76.985
12-04-2021 20:00,3,0.0,26.12,88.49858333,1268.24,82.30613333,329.2466667,29.07833333,73.075
12-04-2021 20:00,4,61.05,25.75166667,81.82438333,1138.36,64.01936667,266.8033333,28.59833333,75.625
12-04-2021 20:00,5,38.595,16.38166667,108.5539,1595.423,76.84833333,407.41,28.75,74.26833333
12-04-2021 20:00,6,51.54333333,19.97,93.2425,2039.689,127.2232,495.6166667,29.13833333,73.67833333
12-04-2021 21:00,1,48.33666667,20.52,127.88945,847.658,157.1783667,201.3033333,28.1,77.03666667
12-04-2021 21:00,2,42.28333333,16.02166667,130.5067833,0.0,89.04996667,267.6766667,28.10166667,78.725
12-04-2021 21:00,3,0.0,25.83666667,84.27813333,1229.849,80.89463333,306.54,28.80833333,73.53333333
12-04-2021 21:00,4,55.19833333,23.345,81.36635,998.166,65.7759,239.73,28.41,75.07333333
12-04-2021 21:00,5,33.925,15.82,110.3533167,1505.844,80.0791,382.0833333,28.40166667,76.18833333
12-04-2021 21:00,6,43.675,18.32666667,89.38193333,1361.83,118.9424,358.0666667,29.12333333,73.215
12-04-2021 22:00,1,42.47,18.65666667,130.5722167,708.992,156.5510333,172.4833333,27.67,81.09333333
12-04-2021 22:00,2,43.11333333,16.51666667,125.14125,0.0,91.9357,260.2533333,27.96,79.745
12-04-2021 22:00,3,0.0,23.24166667,87.48436667,1129.192,79.57723333,271.17,28.61,74.53833333
12-04-2021 22:00,4,68.14333333,27.29,88.23685,944.877,82.40023333,212.6566667,28.16833333,76.84833333
12-04-2021 22:00,5,33.08333333,15.44666667,109.7971333,1360.111,77.85206667,335.36,28.14833333,77.775
12-04-2021 22:00,6,41.91,17.39666667,90.06898333,1515.203,121.0126,365.9266667,28.73,75.20666667
12-04-2021 23:00,1,42.17333333,17.25833333,124.9776667,658.759,158.1507333,157.2,27.34,83.32333333
12-04-2021 23:00,2,42.67413793,16.09137931,114.0909138,0.0,88.74603448,225.862069,27.77241379,80.40689655
12-04-2021 23:00,3,0.0,22.39298246,88.40387719,737.8631579,81.28919298,210.5192982,28.15964912,77.92631579
12-04-2021 23:00,4,75.055,30.23833333,88.17141667,711.666,75.3741,180.78,27.96,79.425
12-04-2021 23:00,5,30.59166667,14.40833333,113.4286833,528.497,72.42563333,216.5866667,27.83166667,80.71166667
12-04-2021 23:00,6,39.93559322,17.10677966,92.46062712,1016.055254,122.6489831,288.2,28.52711864,77.58305085
13-04-2021 00:00,1,52.44,21.03166667,115.8824333,644.816,155.8296,155.0166667,27.12,83.85666667
13-04-2021 00:00,2,39.91833333,15.17166667,118.27075,0.0,80.20456667,185.1466667,27.475,81.71166667
13-04-2021 00:00,3,0.0,23.70833333,88.89118333,494.69,80.51823333,168.5533333,27.99166667,78.91333333
13-04-2021 00:00,4,61.575,25.29666667,84.34356667,584.46,69.38306667,156.3266667,27.66333333,80.92833333
13-04-2021 00:00,5,33.32666667,15.20166667,112.1200167,394.415,75.68776667,196.5,27.64166667,82.16
13-04-2021 00:00,6,37.74333333,17.235,89.87268333,489.915,113.5159667,192.1333333,28.47666667,78.29666667
13-04-2021 01:00,1,45.07166667,18.21666667,109.0773667,594.965,146.7019,144.9733333,26.895,84.45
13-04-2021 01:00,2,40.14166667,15.50166667,114.93365,0.0,79.29493333,182.9633333,27.245,83.33333333
13-04-2021 01:00,3,0.0,23.335,88.56401667,427.076,78.91853333,158.51,27.75166667,79.93833333
13-04-2021 01:00,4,67.305,26.71166667,81.69351667,547.979,63.7057,154.58,27.46,81.48666667
13-04-2021 01:00,5,33.04666667,15.10166667,106.4273167,343.418,69.5399,186.4566667,27.46333333,82.46
13-04-2021 01:00,6,44.45689655,18.81206897,87.55656897,497.9172414,114.9317931,182.4965517,28.19137931,79.11724138
13-04-2021 02:00,1,52.85666667,22.41833333,107.2452333,670.792,164.5181667,155.0166667,26.64166667,86.05833333
13-04-2021 02:00,2,43.08070175,16.90526316,123.4623684,0.0,84.26077193,176.9649123,27.10701754,84.31403509
13-04-2021 02:00,3,0.0,26.97333333,89.34921667,418.29,81.3965,150.65,27.64833333,80.37666667
13-04-2021 02:00,4,72.62666667,28.715,79.73051667,556.574,67.21876667,151.96,27.37,81.59166667
13-04-2021 02:00,5,38.41666667,16.62166667,99.7204,538.047,68.47343333,229.25,27.41333333,82.37333333
13-04-2021 02:00,6,45.41833333,19.16333333,86.60101667,448.468,112.7318,167.68,27.88166667,80.32333333
13-04-2021 03:00,1,41.44833333,18.24666667,102.7957667,709.947,156.1432667,150.2133333,26.68666667,85.50666667
13-04-2021 03:00,2,46.45666667,20.01833333,118.2053167,0.0,83.81173333,211.3466667,26.88333333,86.39666667
13-04-2021 03:00,3,0.0,24.365,88.5313,485.522,79.63996667,160.6933333,27.55333333,81.445
13-04-2021 03:00,4,70.83166667,28.11,77.89838333,580.449,64.42713333,155.89,27.46666667,81.74666667
13-04-2021 03:00,5,32.855,15.22666667,96.74318333,837.917,64.01936667,299.5533333,27.46166667,82.75333333
13-04-2021 03:00,6,43.80166667,19.1,86.01211667,575.865,114.5824333,178.16,27.69833333,81.86
13-04-2021 04:00,1,46.565,19.49666667,100.2438667,733.249,155.6414,137.55,27.03166667,83.14
13-04-2021 04:00,2,43.375,18.20166667,121.9677333,0.0,87.54436667,224.8833333,26.98666667,86.98333333
13-04-2021 04:00,3,0.0,31.13,81.2682,745.282,78.35393333,197.3733333,27.72666667,82.67666667
13-04-2021 04:00,4,77.88833333,31.775,78.87988333,1177.897,71.516,207.4166667,27.49833333,82.47166667
13-04-2021 04:00,5,36.36166667,16.26166667,96.35058333,1042.86,68.37933333,309.16,27.49333333,83.84166667
13-04-2021 04:00,6,55.49,21.59666667,89.9054,753.495,122.5809333,210.91,27.39666667,84.99333333
13-04-2021 05:00,1,44.92166667,18.825,100.6691833,718.16,143.1574667,148.4666667,26.99333333,82.65333333
13-04-2021 05:00,2,46.53166667,20.30666667,120.82265,0.0,91.99843333,272.9166667,27.13333333,85.995
13-04-2021 05:00,3,0.0,49.06,71.81308333,1102.261,77.13063333,274.6633333,28.01166667,81.9
13-04-2021 05:00,4,83.07,32.83666667,77.44035,1214.951,73.52346667,220.5166667,27.28,83.33833333
13-04-2021 05:00,5,33.70166667,15.24666667,109.63355,783.482,80.33003333,242.35,27.35,84.765
13-04-2021 05:00,6,45.65333333,18.53333333,85.9794,1120.406,120.9498667,287.3266667,27.93166667,82.625
13-04-2021 06:00,1,51.855,21.63666667,103.4828167,887.959,142.7497,191.26,27.33333333,82.46666667
13-04-2021 06:00,2,50.68333333,21.90833333,112.77435,0.0,89.89686667,484.7,28.87166667,78.93333333
13-04-2021 06:00,3,0.0,41.78333333,77.30948333,1753.953,80.8319,393.8733333,28.24,80.13166667
13-04-2021 06:00,4,83.605,31.03,76.91688333,1378.829,70.0104,275.1,27.94333333,79.85666667
13-04-2021 06:00,5,37.30943396,16.4490566,105.1501321,1574.344528,79.11501887,384.1018868,27.75660377,82.56037736
13-04-2021 06:00,6,57.64666667,21.59833333,89.44736667,2781.724,127.7878,611.77,28.26833333,80.26333333
13-04-2021 07:00,1,63.13,25.75666667,92.261,817.671,118.4405333,195.6266667,28.585,78.43333333
13-04-2021 07:00,2,50.33333333,22.38,101.5198167,0.0,62.35693333,460.6833333,29.81666667,73.885
13-04-2021 07:00,3,0.0,34.26166667,73.97238333,1675.07,66.30913333,415.27,29.87166667,73.01666667
13-04-2021 07:00,4,74.53666667,28.65666667,62.19438333,1297.845,50.87673333,297.8066667,29.575,74.39
13-04-2021 07:00,5,41.31860465,17.88139535,98.83476744,1321.897674,62.89381395,346.6930233,28.56744186,78.59534884
13-04-2021 07:00,6,56.15333333,22.12333333,85.42321667,2567.231,104.7960333,596.4866667,29.62666667,74.35666667
13-04-2021 08:00,1,65.43666667,25.61,63.33946667,736.878,70.54363333,183.8366667,30.68333333,69.11
13-04-2021 08:00,2,49.31833333,22.43166667,97.72468333,0.0,52.47643333,346.2766667,31.24333333,67.21333333
13-04-2021 08:00,3,0.0,36.48333333,57.61405,1117.541,41.7804,342.3466667,30.97,67.79666667
13-04-2021 08:00,4,79.14833333,30.185,52.6084,1058.522,28.92006667,287.3266667,30.995,68.36166667
13-04-2021 08:00,5,49.17058824,20.8372549,73.70872549,1301.496471,43.13839216,393.5137255,31.10588235,66.8254902
13-04-2021 08:00,6,62.52166667,25.17,76.45885,2181.22,84.94093333,549.7633333,30.785,68.01166667
13-04-2021 09:00,1,60.82,23.99666667,70.50441667,669.073,43.63103333,181.6533333,32.35,62.47833333
13-04-2021 09:00,2,48.98666667,22.13,76.42613333,0.0,22.42716667,365.9266667,32.285,62.78
13-04-2021 09:00,3,0.0,39.90666667,61.8345,861.792,29.86106667,304.3566667,32.01166667,63.065
13-04-2021 09:00,4,87.08333333,32.345,55.78191667,910.879,9.6923,288.6366667,32.51166667,62.54666667
13-04-2021 09:00,5,59.895,25.375,44.26565,1465.161,12.86033333,512.21,32.37,62.83
13-04-2021 09:00,6,79.67333333,28.96333333,85.42321667,2196.5,83.05893333,573.3433333,31.81,64.59333333
13-04-2021 10:00,1,54.87833333,22.82833333,70.01366667,623.233,14.71096667,204.7966667,33.865,57.21166667
13-04-2021 10:00,2,45.92833333,19.7,95.76168333,0.0,24.1837,349.3333333,33.08833333,58.29333333
13-04-2021 10:00,3,0.0,43.67166667,66.02223333,828.558,21.61163333,318.7666667,32.42666667,62.24
13-04-2021 10:00,4,77.58666667,30.50166667,65.33518333,768.011,4.5168,283.3966667,33.43,58.61833333
13-04-2021 10:00,5,63.71,25.47666667,96.67775,1452.173,29.86106667,497.3633333,32.86333333,60.545
13-04-2021 10:00,6,83.27666667,29.26833333,98.08456667,2143.402,76.18963333,572.0333333,32.37666667,62.07166667
13-04-2021 11:00,1,45.51,20.18666667,86.73188333,605.279,30.5825,217.46,34.06,54.53
13-04-2021 11:00,2,43.13666667,17.76,96.5796,0.0,21.04703333,338.8533333,33.795,55.86666667
13-04-2021 11:00,3,0.0,37.36833333,74.13596667,835.816,18.7259,334.4866667,33.20833333,60.08
13-04-2021 11:00,4,99.12166667,29.26,66.61113333,839.445,3.8581,319.2033333,34.66666667,55.30666667
13-04-2021 11:00,5,48.775,21.3,74.10325,1263.274,15.02463333,537.5366667,34.78,54.32166667
13-04-2021 11:00,6,60.44,23.34833333,91.73753333,1791.58,53.3547,519.1966667,33.675,57.25833333
13-04-2021 12:00,1,54.505,22.11166667,134.6290833,698.869,70.07313333,227.0666667,34.51,56.06166667
13-04-2021 12:00,2,42.32166667,17.10666667,92.94805,0.0,22.33306667,379.0266667,34.545,54.25166667
13-04-2021 12:00,3,0.0,29.61833333,54.89856667,661.815,2.572066667,365.0533333,34.32,55.90666667
13-04-2021 12:00,4,53.42166667,22.715,52.67383333,626.671,0.062733333,345.84,36.005,51.55
13-04-2021 12:00,5,42.79333333,19.37666667,98.7389,817.098,14.5855,458.5,34.43833333,55.01166667
13-04-2021 12:00,6,48.90833333,20.395,76.49156667,633.547,29.42193333,342.3466667,33.67,57.77166667
13-04-2021 13:00,1,48.14833333,19.385,116.2750333,693.139,71.6101,262.4366667,34.365,57.11333333
13-04-2021 13:00,2,40.08666667,15.375,74.46313333,0.0,11.54293333,407.8466667,34.49833333,53.88666667
13-04-2021 13:00,3,0.0,26.73684211,49.21275439,636.9347368,5.646,484.4701754,34.22105263,56.51578947
13-04-2021 13:00,4,52.08833333,20.56,51.85591667,608.335,0.0,366.3633333,35.98666667,51.28666667
13-04-2021 13:00,5,41.24333333,16.95833333,111.7601333,749.293,44.227,418.3266667,33.305,59.37333333
13-04-2021 13:00,6,45.81296296,18.39444444,60.59853704,678.4744444,31.29696296,394.4555556,34.08518519,56.95555556
13-04-2021 14:00,1,42.22166667,17.12833333,105.2168,686.263,89.80276667,260.69,33.68666667,57.525
13-04-2021 14:00,2,38.19666667,13.83833333,60.4604,0.0,10.9156,408.2833333,33.99166667,51.88166667
13-04-2021 14:00,3,0.0,23.99666667,23.88316667,583.123,0.0,431.4266667,34.52666667,55.45333333
13-04-2021 14:00,4,45.48166667,18.51166667,47.3083,642.524,2.948466667,394.7466667,34.99166667,54.71
13-04-2021 14:00,5,39.89166667,16.51333333,104.6933333,818.435,46.8618,427.9333333,33.10666667,60.15333333
13-04-2021 14:00,6,46.02711864,17.94745763,43.31908475,798.8979661,13.20589831,461.8305085,34.47627119,55.85762712
13-04-2021 15:00,1,38.455,16.185,98.15,659.523,99.80873333,260.69,33.54666667,56.98666667
13-04-2021 15:00,2,38.60833333,14.22333333,91.21406667,0.0,32.49586667,389.07,32.87833333,55.72666667
13-04-2021 15:00,3,0.0,19.88,30.0339,502.712,7.559366667,395.1833333,33.26833333,55.13666667
13-04-2021 15:00,4,67.68333333,19.98833333,60.98386667,722.553,20.702,346.2766667,33.46333333,58.15666667
13-04-2021 15:00,5,39.81,16.585,99.1315,823.592,48.77516667,388.1966667,32.425,61.72333333
13-04-2021 15:00,6,44.72166667,17.49833333,48.84598333,1100.16,19.1964,539.72,33.49666667,57.605
13-04-2021 16:00,1,39.42333333,16.40166667,113.9848667,725.609,128.1642,259.8166667,31.97666667,63.24666667
13-04-2021 16:00,2,41.78333333,16.38333333,126.0900333,0.0,53.1665,392.5633333,31.915,62.02666667
13-04-2021 16:00,3,0.0,20.87833333,70.17725,770.112,39.96113333,366.8,31.995,58.42166667
13-04-2021 16:00,4,62.26833333,20.5,86.43743333,960.921,51.97456667,337.5433333,32.18833333,64.24166667
13-04-2021 16:00,5,36.105,15.465,93.73325,1276.262,52.85283333,455.0066667,31.64833333,62.82
13-04-2021 16:00,6,38.72833333,16.30166667,95.4018,1113.721,85.3487,424.44,31.70833333,62.49833333
13-04-2021 17:00,1,36.885,15.355,130.5722167,807.548,156.7706,237.9833333,30.05666667,69.83
13-04-2021 17:00,2,41.58166667,16.27333333,154.97885,0.0,74.74676667,363.7433333,30.28333333,71.08
13-04-2021 17:00,3,0.0,23.03166667,82.31513333,1202.154,57.43236667,408.2833333,30.81166667,65.09
13-04-2021 17:00,4,50.76666667,20.50333333,89.25106667,1095.767,59.50256667,326.19,30.86666667,69.39666667
13-04-2021 17:00,5,31.915,14.72666667,112.3163167,2339.368,73.05296667,628.3633333,30.84166667,67.655
13-04-2021 17:00,6,35.815,15.39,111.0730833,1520.36,114.2687667,460.6833333,30.65666667,68.46166667
13-04-2021 18:00,1,37.62666667,16.15666667,143.2662833,950.989,179.5428,239.2933333,29.21166667,76.06833333
13-04-2021 18:00,2,40.32333333,15.86166667,172.0896667,0.0,90.96333333,296.4966667,29.015,77.64166667
13-04-2021 18:00,3,0.0,21.63833333,97.46295,915.845,75.24863333,323.1333333,29.64166667,74.05333333
13-04-2021 18:00,4,51.67166667,21.74,95.43451667,1136.641,69.69673333,297.8066667,29.69833333,74.775
13-04-2021 18:00,5,31.395,13.905,121.60785,1546.909,77.162,452.8233333,29.63166667,74.98833333
13-04-2021 18:00,6,35.36,15.57166667,117.2238167,1780.12,126.5958667,478.15,29.49833333,75.625
13-04-2021 19:00,1,37.22333333,16.105,127.6277167,879.173,165.1141333,215.7133333,28.71166667,78.93833333
13-04-2021 19:00,2,38.40666667,14.60333333,157.8906333,0.0,88.6422,270.7333333,28.72,79.50166667
13-04-2021 19:00,3,0.0,21.33333333,90.85418333,924.631,75.59366667,299.1166667,29.14,76.305
13-04-2021 19:00,4,62.51333333,25.42,97.1685,1018.03,73.61756667,260.2533333,29.08,78.16333333
13-04-2021 19:00,5,30.53166667,13.88666667,117.1583833,1496.294,77.38156667,418.3266667,29.16166667,77.02833333
13-04-2021 19:00,6,37.385,15.69333333,107.7687,2309.954,123.9610667,540.5933333,29.335,76.395
13-04-2021 20:00,1,47.66333333,20.07333333,113.6577,848.422,156.9588,205.67,28.26666667,80.16833333
13-04-2021 20:00,2,37.98,14.15666667,143.7243167,0.0,82.5257,241.04,28.40833333,80.99333333
13-04-2021 20:00,3,0.0,20.86,89.7091,796.47,76.62876667,264.1833333,28.785,78.36666667
13-04-2021 20:00,4,97.425,41.47166667,85.09605,1055.084,64.6467,266.8033333,28.82833333,78.5
13-04-2021 20:00,5,30.19,13.805,109.6662667,1073.42,74.339,337.5433333,28.92333333,78.08166667
13-04-2021 20:00,6,36.12833333,15.83833333,102.6649,1676.025,118.1582333,417.0166667,29.075,78.34833333
13-04-2021 21:00,1,45.90666667,19.75333333,110.2878833,761.326,150.56,186.02,28.10666667,80.275
13-04-2021 21:00,2,38.29166667,14.325,130.6049333,0.0,83.02756667,245.8433333,28.4,81.07666667
13-04-2021 21:00,3,0.0,19.04166667,80.58115,681.87,69.88493333,230.9966667,28.70333333,77.78
13-04-2021 21:00,4,68.39833333,27.92,75.31376667,1082.397,63.6116,251.52,28.72333333,78.315
13-04-2021 21:00,5,30.505,13.92166667,98.67346667,1043.051,71.07686667,336.67,28.88166667,77.80166667
13-04-2021 21:00,6,36.36037736,15.39245283,90.52022642,1754.028679,107.4515472,420.1886792,29.10377358,77.10188679
13-04-2021 22:00,1,39.45333333,17.43,114.9663667,692.566,150.9991333,165.4966667,27.79166667,83.06833333
13-04-2021 22:00,2,37.785,13.795,123.4072667,0.0,75.1859,208.7266667,28.15833333,82.20166667
13-04-2021 22:00,3,0.0,18.63666667,69.71921667,555.428,64.89763333,210.0366667,28.645,78.11
13-04-2021 22:00,4,73.99166667,29.93,74.26683333,1053.747,65.6818,237.9833333,28.44833333,79.54333333
13-04-2021 22:00,5,30.965,13.86666667,93.92955,848.231,70.2927,300.4266667,28.60333333,79.72666667
13-04-2021 22:00,6,43.525,16.20833333,86.5683,1274.352,113.2964,348.46,28.82166667,78.435
13-04-2021 23:00,1,38.52666667,17.08666667,109.2082333,658.759,156.3942,157.2,27.70166667,83.99166667
13-04-2021 23:00,2,38.37333333,14.43666667,112.2181667,0.0,72.457,192.57,27.94166667,83.51333333
13-04-2021 23:00,3,0.0,17.395,71.22418333,403.583,64.99173333,181.6533333,28.44666667,79.1
13-04-2021 23:00,4,68.30166667,27.58,75.34648333,771.64,67.1874,196.5,28.22,81.56
13-04-2021 23:00,5,29.09166667,13.115,86.43743333,463.939,65.3995,241.04,28.445,80.90333333
13-04-2021 23:00,6,30.72166667,14.015,81.59536667,892.161,99.6519,256.76,28.825,78.715
14-04-2021 00:00,1,46.27,20.20666667,109.24095,639.659,163.4830667,157.2,27.70166667,84.765
14-04-2021 00:00,2,37.22666667,13.62,104.72605,0.0,69.38306667,184.2733333,27.93,83.52333333
14-04-2021 00:00,3,0.0,17.555,70.40626667,357.17,65.7759,163.75,28.42833333,79.61666667
14-04-2021 00:00,4,64.35166667,26.565,72.07481667,608.717,63.76843333,179.47,28.27333333,82.055
14-04-2021 00:00,5,27.945,12.795,84.31085,266.827,60.9768,206.5433333,28.35166667,80.97166667
14-04-2021 00:00,6,29.01166667,13.62,77.70208333,691.42,95.3233,217.8966667,28.81,78.95833333
14-04-2021 01:00,1,38.12,16.68166667,105.4131,638.131,156.3942,152.8333333,27.47,86.17333333
14-04-2021 01:00,2,36.70333333,13.20333333,106.2310167,0.0,67.3756,179.9066667,27.88833333,83.59333333
14-04-2021 01:00,3,0.0,16.8559322,72.73081356,305.7294915,67.33732203,156.7559322,28.38135593,80.45762712
14-04-2021 01:00,4,58.60833333,24.405,69.85008333,564.596,60.6004,163.3133333,28.06333333,83.09333333
14-04-2021 01:00,5,31.16333333,12.89833333,84.9979,430.896,62.82743333,242.35,28.33,81.42166667
14-04-2021 01:00,6,26.89827586,13.27931034,80.31377586,573.0,96.85810345,191.0793103,28.61206897,80.61551724
14-04-2021 02:00,1,41.65833333,17.98,105.7729833,648.063,160.5973333,156.7633333,27.33,87.28
14-04-2021 02:00,2,38.11551724,14.41551724,106.3066034,0.0,71.58089655,190.6275862,27.78793103,84.2362069
14-04-2021 02:00,3,0.0,18.29333333,70.96245,333.868,68.19113333,157.2,28.285,81.64833333
14-04-2021 02:00,4,53.34166667,22.355,69.2939,548.552,58.78113333,157.2,27.90666667,83.51166667
14-04-2021 02:00,5,32.91333333,12.77166667,88.49858333,962.258,64.11346667,418.7633333,28.26,82.61333333
14-04-2021 02:00,6,29.49,13.78,83.2312,569.753,103.4159,182.5266667,28.47833333,82.03333333
14-04-2021 03:00,1,41.56666667,17.17,98.37901667,631.446,151.2814333,156.3266667,27.38833333,87.00166667
14-04-2021 03:00,2,38.33018868,14.55849057,105.5205094,0.0,72.51026415,199.2188679,27.80566038,84.26981132
14-04-2021 03:00,3,0.0,18.61166667,71.58406667,345.137,67.8461,158.9466667,28.07666667,83.05
14-04-2021 03:00,4,62.07,25.24333333,70.99516667,618.267,65.17993333,164.1866667,27.92666667,83.765
14-04-2021 03:00,5,26.98833333,12.71166667,86.20841667,549.698,65.99546667,272.48,28.19,83.56333333
14-04-2021 03:00,6,33.965,15.55333333,82.77316667,581.595,105.4547333,180.3433333,28.17166667,83.60833333
14-04-2021 04:00,1,38.69333333,17.01,100.9636333,666.972,154.9827,157.2,27.295,87.95166667
14-04-2021 04:00,2,37.58666667,13.77666667,107.67055,0.0,68.75573333,214.84,27.67333333,84.465
14-04-2021 04:00,3,0.0,16.26833333,71.35505,363.855,68.75573333,162.8766667,28.07166667,82.99166667
14-04-2021 04:00,4,65.35833333,25.86333333,74.13596667,748.72,72.2688,169.4266667,27.90166667,84.76333333
14-04-2021 04:00,5,27.43666667,12.93833333,88.5313,581.022,64.99173333,287.3266667,28.02333333,84.04666667
14-04-2021 04:00,6,30.28333333,13.875,81.6608,657.613,102.3808,186.4566667,28.01666667,83.84333333
14-04-2021 05:00,1,44.62,17.95333333,100.8327667,712.812,159.2485667,163.75,27.095,89.83166667
14-04-2021 05:00,2,39.97833333,15.64333333,110.3533167,0.0,71.7983,271.6066667,27.63333333,84.505
14-04-2021 05:00,3,0.0,17.80666667,56.40353333,601.459,60.8827,208.29,28.16833333,82.62166667
14-04-2021 05:00,4,61.25,24.46833333,71.58406667,874.016,62.45103333,191.26,27.785,85.06333333
14-04-2021 05:00,5,27.34166667,12.815,86.47015,730.193,69.79083333,279.4666667,28.03833333,83.41666667
14-04-2021 05:00,6,34.18333333,14.66,82.54415,1038.276,107.5876667,246.7166667,28.02666667,83.78166667
14-04-2021 06:00,1,83.195,31.38166667,97.3648,1005.615,162.6048,220.9533333,27.13666667,89.81333333
14-04-2021 06:00,2,40.84166667,15.845,105.5439667,0.0,69.75946667,361.1233333,27.935,84.11333333
14-04-2021 06:00,3,0.0,23.36166667,62.97958333,1409.771,66.7169,380.3366667,28.29166667,82.67166667
14-04-2021 06:00,4,72.28,25.78666667,73.90695,1578.233,68.56753333,310.9066667,28.14666667,83.84
14-04-2021 06:00,5,27.62333333,13.17833333,92.39186667,1315.99,70.79456667,368.5466667,28.18833333,83.33833333
14-04-2021 06:00,6,35.99166667,15.48,85.84853333,1436.893,110.0342667,330.12,28.10666667,83.92666667
14-04-2021 07:00,1,64.44166667,25.92333333,74.92116667,887.195,115.4293333,210.4733333,28.56666667,82.30666667
14-04-2021 07:00,2,40.33166667,15.60333333,96.64503333,0.0,53.4488,386.45,28.99,79.21333333
14-04-2021 07:00,3,0.0,20.77666667,64.51726667,1736.19,61.8237,443.6533333,28.91833333,79.97833333
14-04-2021 07:00,4,57.86833333,25.07666667,78.74901667,1701.237,64.6467,366.3633333,26.965,87.35833333
14-04-2021 07:00,5,30.99833333,14.33166667,100.1784333,2292.0,76.34646667,541.03,28.22,83.61166667
14-04-2021 07:00,6,38.80333333,15.18833333,91.77025,2828.901,110.8498,618.7566667,28.49666667,82.52833333
14-04-2021 08:00,1,43.12666667,18.52833333,65.62963333,768.202,89.42636667,184.2733333,29.80833333,76.51166667
14-04-2021 08:00,2,38.73666667,14.41333333,61.11473333,0.0,28.7005,328.81,31.21333333,67.93
14-04-2021 08:00,3,0.0,21.99166667,49.53303333,1196.806,38.23596667,366.8,30.82,71.08833333
14-04-2021 08:00,4,61.88166667,26.96,100.0475667,1816.601,79.07536667,371.6033333,28.12666667,83.99
14-04-2021 08:00,5,29.60333333,13.82,114.7700667,2498.28,72.99023333,586.88,29.53833333,78.59
14-04-2021 08:00,6,44.54333333,17.27833333,92.22828333,2880.853,94.63323333,643.6466667,29.86666667,75.73333333
14-04-2021 09:00,1,47.40166667,20.885,42.53166667,737.069,54.42116667,196.9366667,31.39333333,68.24833333
14-04-2021 09:00,2,39.23333333,14.665,34.84325,0.0,7.277066667,364.18,32.50333333,60.81
14-04-2021 09:00,3,0.0,22.28166667,20.90595,677.668,9.535466667,305.23,31.665,64.64666667
14-04-2021 09:00,4,50.34166667,21.08166667,36.83896667,986.324,21.29796667,292.5666667,31.02833333,71.385
14-04-2021 09:00,5,38.50943396,16.66037736,48.88981132,1474.447925,15.55313208,497.3056604,31.98490566,67.0754717
14-04-2021 09:00,6,43.72333333,16.94333333,62.19438333,1884.215,53.76246667,493.87,31.60166667,65.30833333
14-04-2021 10:00,1,32.86333333,14.62666667,23.78501667,570.326,13.20536667,208.29,33.36833333,59.19833333
14-04-2021 10:00,2,39.5125,14.85714286,50.37198214,0.0,6.385357143,372.8821429,33.52321429,56.91071429
14-04-2021 10:00,3,0.0,25.00333333,33.86175,649.209,11.26063333,324.4433333,32.55166667,60.52833333
14-04-2021 10:00,4,39.58833333,17.29,31.27713333,681.488,2.572066667,268.1133333,32.94,62.72833333
14-04-2021 10:00,5,39.61333333,16.67666667,59.38075,1166.437,17.94173333,450.2033333,32.46166667,62.51833333
14-04-2021 10:00,6,41.18,15.765,57.77763333,1734.853,41.7804,487.7566667,32.275,60.48
14-04-2021 11:00,1,35.29,15.47166667,77.11318333,601.268,40.40026667,204.36,33.1,58.98166667
14-04-2021 11:00,2,39.10357143,14.43392857,46.76146429,0.0,5.242714286,415.4571429,34.30892857,53.54285714
14-04-2021 11:00,3,0.0,33.76333333,41.64831667,666.781,9.096333333,330.5566667,33.385,58.89166667
14-04-2021 11:00,4,52.29166667,19.29833333,50.41638333,679.005,3.042566667,274.2266667,33.56833333,60.195
14-04-2021 11:00,5,33.12666667,15.86833333,46.49038333,1140.27,1.3174,534.9166667,34.12833333,55.24666667
14-04-2021 11:00,6,50.425,18.90333333,76.19711667,2466.765,47.92826667,689.9333333,33.65,56.385
14-04-2021 12:00,1,39.05833333,17.01666667,93.53695,656.658,33.46823333,227.5033333,34.75333333,54.09333333
14-04-2021 12:00,2,41.43166667,15.80166667,67.7235,0.0,14.89916667,372.04,34.67666667,51.60166667
14-04-2021 12:00,3,0.0,29.22666667,31.50615,613.492,2.195666667,358.5033333,33.41666667,57.52666667
14-04-2021 12:00,4,43.45833333,19.31,62.06351667,683.016,0.0,293.44,34.32666667,56.44166667
14-04-2021 12:00,5,35.45833333,17.105,102.8939167,904.958,11.1979,437.1033333,34.04,54.34666667
14-04-2021 12:00,6,42.43333333,17.91333333,60.42768333,1526.281,15.3383,530.55,33.97166667,53.82666667
14-04-2021 13:00,1,46.34166667,20.21333333,108.7174833,699.633,18.3495,242.7866667,34.9,51.86666667
14-04-2021 13:00,2,44.81833333,18.66166667,38.18035,0.0,0.313666667,467.67,36.02333333,48.02
14-04-2021 13:00,3,0.0,31.34655172,52.42563793,516.8855172,9.215310345,335.6310345,34.19827586,55.08275862
14-04-2021 13:00,4,52.69833333,20.81,77.63665,870.769,2.9171,320.5133333,34.14333333,55.57833333
14-04-2021 13:00,5,38.02333333,16.87833333,109.5681167,1256.398,29.2651,473.3466667,33.67166667,53.285
14-04-2021 13:00,6,46.39666667,18.97666667,55.02943333,1133.585,8.029866667,497.3633333,34.77333333,51.16333333
14-04-2021 14:00,1,53.02333333,22.565,182.8861667,848.613,83.52943333,226.1933333,33.93,54.78166667
14-04-2021 14:00,2,47.885,20.87166667,100.60375,0.0,17.5026,451.5133333,34.56333333,51.69
14-04-2021 14:00,3,0.0,40.97833333,26.56593333,514.363,0.0,423.13,35.33333333,51.32666667
14-04-2021 14:00,4,51.83666667,20.00833333,78.19283333,762.854,3.042566667,308.2866667,34.31666667,53.93
14-04-2021 14:00,5,45.33833333,17.53666667,107.2452333,1164.336,23.49363333,466.36,34.38833333,50.49833333
14-04-2021 14:00,6,51.66,19.89333333,72.10753333,1383.222,17.15756667,557.1866667,34.72166667,50.255
14-04-2021 15:00,1,52.96491228,21.8245614,176.4633684,859.0978947,109.2220351,234.8807018,33.99122807,54.43684211
14-04-2021 15:00,2,47.12666667,19.975,138.3587833,0.0,49.74753333,401.2966667,33.715,54.18
14-04-2021 15:00,3,0.0,35.765,62.4234,748.338,8.594466667,426.6233333,34.25333333,53.92166667
14-04-2021 15:00,4,85.08833333,21.79,84.6053,942.585,21.42343333,332.3033333,33.71166667,55.16833333
14-04-2021 15:00,5,40.515,17.14833333,118.4997667,1252.769,32.49586667,478.5866667,34.42,51.72666667
14-04-2021 15:00,6,57.12,22.335,103.7118333,1328.023,54.35843333,504.35,34.22,52.26666667
14-04-2021 16:00,1,56.24745763,21.12372881,143.0993729,929.2311864,122.33,280.2067797,34.06610169,55.42372881
14-04-2021 16:00,2,48.18166667,20.34166667,113.5268333,0.0,40.14933333,461.12,33.89166667,54.94666667
14-04-2021 16:00,3,0.0,36.60666667,95.36908333,1154.213,35.4757,444.09,33.51333333,56.81333333
14-04-2021 16:00,4,62.48333333,20.85833333,87.84425,1411.299,36.7931,415.7066667,33.35666667,57.37833333
14-04-2021 16:00,5,48.24833333,19.19333333,134.4655,1420.467,44.66613333,488.1933333,33.60666667,55.69166667
14-04-2021 16:00,6,60.54333333,23.295,112.9052167,1429.826,69.9163,505.66,33.7,55.46333333
14-04-2021 17:00,1,49.99333333,18.14333333,128.7400833,1041.141,155.2336333,303.92,32.05166667,61.33
14-04-2021 17:00,2,45.495,17.59166667,129.2308333,0.0,60.19263333,472.4733333,31.8,62.65166667
14-04-2021 17:00,3,0.0,29.11333333,78.19283333,1426.197,43.81923333,494.3066667,32.39,60.41833333
14-04-2021 17:00,4,56.33833333,19.63833333,85.5868,1532.584,49.4966,437.1033333,31.96833333,63.01
14-04-2021 17:00,5,35.07833333,14.57,117.4201167,2025.173,56.61683333,588.19,31.98,59.54166667
14-04-2021 17:00,6,43.24,17.11666667,93.30793333,1639.735,85.38006667,536.2266667,32.05166667,59.295
14-04-2021 18:00,1,39.485,16.61333333,133.8438833,933.608,171.4502,285.58,30.07166667,70.91333333
14-04-2021 18:00,2,42.68666667,16.55833333,155.2078667,0.0,81.36513333,367.2366667,30.01333333,71.02
14-04-2021 18:00,3,0.0,22.17833333,83.59108333,1193.941,61.47866667,403.48,30.60833333,67.09333333
14-04-2021 18:00,4,42.6,17.56833333,90.55973333,1123.844,66.30913333,324.4433333,30.31833333,69.98666667
14-04-2021 18:00,5,34.085,13.26166667,132.4370667,2127.931,76.37783333,565.0466667,30.64166667,66.61666667
14-04-2021 18:00,6,30.925,13.17833333,107.4415333,1410.726,113.5159667,435.3566667,30.37166667,66.96333333
14-04-2021 19:00,1,28.43833333,12.615,136.4285,792.459,176.9707333,233.6166667,28.95666667,76.98333333
14-04-2021 19:00,2,42.42333333,16.71,151.9689167,0.0,83.5608,316.5833333,29.44166667,74.235
14-04-2021 19:00,3,0.0,18.025,87.5498,939.72,67.21876667,323.1333333,29.845,73.03833333
14-04-2021 19:00,4,40.35833333,17.55,95.7944,970.853,73.6803,269.4233333,29.43833333,75.38333333
14-04-2021 19:00,5,28.945,12.045,134.95625,1642.218,77.85206667,451.5133333,29.82166667,73.26166667
14-04-2021 19:00,6,29.615,12.53166667,114.73735,1756.818,125.4353,469.4166667,29.73666667,73.85833333
14-04-2021 20:00,1,27.12166667,11.8,122.9492333,759.225,173.2694667,210.0366667,28.57,79.98833333
14-04-2021 20:00,2,42.23666667,16.38333333,127.10425,0.0,76.5033,311.3433333,29.16666667,75.88833333
14-04-2021 20:00,3,0.0,20.11333333,77.3422,731.721,67.3756,277.72,29.32333333,75.09166667
14-04-2021 20:00,4,39.26666667,17.06166667,82.60958333,965.887,70.04176667,265.93,29.13833333,77.43166667
14-04-2021 20:00,5,28.34666667,11.21833333,116.11145,1068.836,70.22996667,351.08,29.38666667,76.26333333
14-04-2021 20:00,6,29.17166667,12.49333333,96.51416667,1159.943,112.7004333,338.8533333,29.35833333,75.71833333
14-04-2021 21:00,1,28.47333333,12.34,105.0532167,715.295,158.1193667,203.05,28.38666667,81.25833333
14-04-2021 21:00,2,40.35333333,15.33166667,118.6306333,0.0,74.2449,279.9033333,28.91833333,77.89166667
14-04-2021 21:00,3,0.0,18.73333333,65.7605,693.903,64.05073333,264.1833333,29.27666667,76.485
14-04-2021 21:00,4,45.09833333,19.68666667,78.78173333,953.854,70.82593333,252.83,28.98166667,79.75
14-04-2021 21:00,5,29.23,11.28666667,108.9137833,1097.677,67.4697,343.6566667,29.25166667,77.585
14-04-2021 21:00,6,25.795,11.91166667,94.6166,1099.587,110.0342667,315.2733333,29.19,77.26833333
14-04-2021 22:00,1,37.82666667,15.3,102.8612,679.578,155.3904667,187.7666667,28.21666667,83.325
14-04-2021 22:00,2,39.20166667,14.445,116.0787333,0.0,74.68403333,255.0133333,28.845,79.27333333
14-04-2021 22:00,3,0.0,16.53833333,63.53576667,575.865,62.6706,235.8,29.17333333,78.00333333
14-04-2021 22:00,4,42.24166667,18.13333333,71.71493333,854.534,60.9768,233.6166667,28.84166667,80.50833333
14-04-2021 22:00,5,26.82166667,10.63166667,102.4031667,805.065,61.13363333,289.51,29.165,78.29
14-04-2021 22:00,6,28.38333333,12.73166667,89.93811667,850.141,106.6153,261.1266667,29.145,78.87833333
14-04-2021 23:00,1,50.59666667,20.645,112.7416333,802.582,178.5077,201.74,27.30166667,89.11
14-04-2021 23:00,2,42.21132075,16.99622642,101.8167358,0.0,63.20679245,227.3962264,28.21320755,80.99245283
14-04-2021 23:00,3,0.0,28.525,63.63391667,438.918,49.74753333,180.78,27.06333333,84.29
14-04-2021 23:00,4,46.155,19.28333333,71.02788333,677.095,49.27703333,192.1333333,28.20333333,82.28666667
14-04-2021 23:00,5,23.19833333,10.77666667,105.4785333,564.405,56.99323333,243.66,28.51333333,81.35833333
14-04-2021 23:00,6,29.25166667,13.98833333,93.96226667,666.399,98.55406667,204.36,27.82666667,84.31333333
15-04-2021 00:00,1,34.605,15.44,106.8199167,711.475,122.3927333,124.45,25.44,90.60833333
15-04-2021 00:00,2,36.025,13.42333333,145.55645,0.0,69.57126667,147.1566667,25.265,91.785
15-04-2021 00:00,3,0.0,18.07,121.4442667,434.716,93.78633333,119.21,23.99666667,98.36333333
15-04-2021 00:00,4,56.81,25.81166667,72.07481667,119.375,59.25163333,127.5066667,24.62,92.815
15-04-2021 00:00,5,18.715,9.656666667,165.4809,547.597,70.44953333,147.5933333,24.28166667,94.78
15-04-2021 00:00,6,18.585,11.17,149.3188667,688.173,140.8363333,113.5333333,24.13,95.80666667
15-04-2021 01:00,1,36.23,16.48166667,146.6361,751.203,188.9528,105.2366667,24.95833333,91.65333333
15-04-2021 01:00,2,33.87833333,11.68166667,136.4612167,0.0,68.1284,134.93,24.50166667,92.75166667
15-04-2021 01:00,3,0.0,28.48166667,119.7102833,517.228,100.7497333,137.1133333,24.43666667,99.225
15-04-2021 01:00,4,57.08166667,26.72166667,69.85008333,755.596,82.83936667,157.6366667,25.14166667,91.84666667
15-04-2021 01:00,5,26.37333333,11.34166667,145.8181833,816.525,77.50703333,208.7266667,24.915,93.29833333
15-04-2021 01:00,6,20.48275862,12.02931034,124.3458966,807.5348276,130.3447241,140.0344828,24.57241379,94.84827586
15-04-2021 02:00,1,35.95333333,16.01833333,143.39715,782.336,205.7339667,123.14,24.885,94.455
15-04-2021 02:00,2,31.15344828,9.324137931,163.1997586,0.0,83.52186207,138.2275862,24.13793103,91.86724138
15-04-2021 02:00,3,0.0,16.98,104.8896333,455.153,85.3487,117.4633333,24.08666667,96.92333333
15-04-2021 02:00,4,61.17333333,28.38333333,69.2939,772.977,67.752,162.0033333,25.17833333,92.22833333
15-04-2021 02:00,5,22.24166667,11.14833333,124.8795167,1103.216,63.73706667,318.33,24.81166667,92.44833333
15-04-2021 02:00,6,16.24,10.05,112.5453333,738.597,108.6227667,121.83,24.68166667,92.09666667
15-04-2021 03:00,1,37.625,16.88833333,124.5850667,845.366,187.4158333,136.24,25.02,94.645
15-04-2021 03:00,2,31.80666667,9.655,162.9617167,0.0,87.16796667,130.5633333,24.37333333,91.26666667
15-04-2021 03:00,3,0.0,10.53833333,99.16421667,550.08,85.28596667,138.86,25.21166667,92.31166667
15-04-2021 03:00,4,52.94666667,24.57833333,70.99516667,801.818,69.00666667,161.13,25.21,91.38
15-04-2021 03:00,5,17.18833333,9.321666667,132.1426167,991.29,64.2703,250.21,25.015,90.10333333
15-04-2021 03:00,6,18.86,10.93833333,107.8014167,1001.795,116.2448667,179.0333333,24.9,92.46666667
15-04-2021 04:00,1,46.74166667,20.06,120.7899333,821.109,183.2127,134.0566667,25.06,94.38166667
15-04-2021 04:00,2,34.79833333,11.88666667,150.7584,0.0,89.4891,168.1166667,24.55666667,91.665
15-04-2021 04:00,3,0.0,13.60666667,96.64503333,750.248,92.81396667,173.3566667,25.68,90.375
15-04-2021 04:00,4,49.47,22.58833333,74.13596667,885.858,81.42786667,143.6633333,25.25166667,90.395
15-04-2021 04:00,5,21.99166667,10.84833333,132.5352167,764.191,78.4794,188.64,25.235,90.33333333
15-04-2021 04:00,6,20.69,11.53333333,114.9663667,1568.683,140.1776333,274.2266667,25.02666667,91.86
15-04-2021 05:00,1,64.665,26.02166667,119.743,1036.175,188.0745333,173.3566667,25.39,93.16
15-04-2021 05:00,2,40.38166667,15.91166667,151.64175,0.0,103.7609333,303.92,25.38,88.02
15-04-2021 05:00,3,0.0,20.94666667,113.55955,1303.384,113.7355333,254.5766667,25.62333333,91.17166667
15-04-2021 05:00,4,74.905,32.075,71.58406667,1036.557,95.57423333,160.6933333,25.29666667,92.34833333
15-04-2021 05:00,5,23.97333333,11.375,142.41565,968.943,92.6885,221.39,25.41833333,90.54833333
15-04-2021 05:00,6,37.06166667,15.58166667,115.6534167,2362.861,158.2762,448.02,25.58833333,91.97666667
15-04-2021 06:00,1,67.62833333,28.08666667,111.3348167,1337.764,169.5682,245.8433333,26.115,90.34166667
15-04-2021 06:00,2,47.85666667,21.47,153.8337667,0.0,104.2314333,497.8,26.47333333,85.26
15-04-2021 06:00,3,0.0,33.14,115.2935333,2208.724,118.2209667,447.5833333,26.815,88.0
15-04-2021 06:00,4,86.70833333,37.575,73.90695,1817.556,91.1829,316.1466667,26.27,89.56833333
15-04-2021 06:00,5,32.495,14.76833333,140.7143833,2314.92,96.01336667,461.5566667,26.24833333,88.61333333
15-04-2021 06:00,6,52.14333333,18.99833333,117.9435833,4712.734,158.8408,330.12,26.37666667,89.49166667
15-04-2021 07:00,1,65.45869565,27.5326087,108.2210435,1327.865217,136.5677391,237.5086957,27.4673913,82.6
15-04-2021 07:00,2,56.49,27.274,153.38882,0.0,100.00948,629.848,28.414,79.342
15-04-2021 07:00,3,0.0,40.41052632,117.5733684,3047.756842,97.93003509,650.8631579,28.84035088,80.95087719
15-04-2021 07:00,4,80.93043478,34.09565217,78.74901667,1896.63,86.89930435,375.3434783,27.69565217,84.3
15-04-2021 07:00,5,40.13695652,17.97391304,156.570587,3507.507391,93.97726087,669.2391304,27.73043478,82.73695652
15-04-2021 07:00,6,74.8375,26.26041667,144.4031875,7089.4425,174.437875,618.7566667,27.77916667,84.28958333
16-04-2021 01:00,1,35.06333333,15.37666667,123.5054167,572.236,168.7526667,133.62,27.27666667,91.26833333
16-04-2021 01:00,2,45.0,20.4,117.78,0.0,72.457,209.6,28.0,83.85
16-04-2021 01:00,3,0.0,16.74,82.6423,291.657,72.2688,180.3433333,28.49,80.63666667
16-04-2021 01:00,4,41.93833333,18.84166667,122.4257667,463.557,58.87523333,148.9033333,28.14333333,82.60166667
16-04-2021 01:00,5,26.69666667,12.82666667,94.94376667,215.639,70.1045,233.18,28.22333333,82.88666667
16-04-2021 01:00,6,33.80689655,16.74655172,96.11931034,614.6906897,104.2238621,186.1103448,28.27241379,83.19310345
16-04-2021 02:00,1,57.87333333,25.32666667,114.9009333,695.049,178.6959,160.6933333,27.39666667,90.82333333
16-04-2021 02:00,2,42.35333333,17.89666667,114.6719167,0.0,73.33526667,212.6566667,27.98,83.89333333
16-04-2021 02:00,3,0.0,16.25,75.1829,284.59,70.98276667,167.68,28.34,81.65333333
16-04-2021 02:00,4,44.94333333,19.95833333,119.1541,489.342,60.44356667,155.4533333,28.16,83.34333333
16-04-2021 02:00,5,25.445,12.20833333,93.47151667,605.088,70.07313333,348.0233333,28.32,83.14
16-04-2021 02:00,6,29.74833333,14.73666667,93.34065,578.921,104.4823667,175.1033333,28.335,83.36333333
16-04-2021 03:00,1,44.94333333,18.53333333,116.5694833,716.441,187.3217333,145.8466667,27.465,90.36833333
16-04-2021 03:00,2,38.17833333,14.52333333,107.1798,0.0,70.73183333,214.84,27.81666667,83.98333333
16-04-2021 03:00,3,0.0,14.87,72.14025,321.262,71.7983,180.3433333,28.11,82.19166667
16-04-2021 03:00,4,44.575,20.26666667,106.0674333,539.575,58.84386667,173.3566667,28.20166667,83.565
16-04-2021 03:00,5,28.295,13.55,75.54278333,490.488,70.1045,337.98,28.17833333,83.58333333
16-04-2021 03:00,6,31.09333333,15.57333333,75.31376667,569.562,97.07983333,183.8366667,28.3,83.02
16-04-2021 04:00,1,66.65,28.2375,97.2911875,700.4925,121.036125,139.1875,26.73125,89.1875
16-04-2021 04:00,2,37.80555556,14.30555556,102.9484444,0.0,69.73855556,216.8777778,27.83888889,83.23888889
16-04-2021 04:00,3,0.0,13.99411765,70.668,351.8894118,72.62305882,183.4,28.11764706,82.07058824
16-04-2021 04:00,4,44.65,20.38571429,91.70014286,812.8414286,58.61085714,205.8571429,28.28571429,82.62857143
16-04-2021 04:00,5,29.26,13.95333333,68.705,983.268,68.5048,480.3333333,28.18666667,83.12
16-04-2021 04:00,6,25.66842105,13.13157895,67.05194737,597.7294737,92.31705263,186.1578947,28.31578947,81.69473684
19-04-2021 07:00,1,104.02,39.26,82.446,1207.884,109.5324,267.24,29.12,77.98
19-04-2021 07:00,2,55.52666667,27.98333333,88.79303333,0.0,53.57426667,511.7733333,29.92666667,72.85
19-04-2021 07:00,3,0.0,34.96,90.85418333,2114.752,63.01563333,489.94,29.32166667,75.75166667
19-04-2021 07:00,4,97.31833333,38.015,79.27248333,1511.001,81.23966667,316.5833333,28.73166667,79.34666667
19-04-2021 07:00,5,40.75166667,19.07333333,112.3163167,2138.627,66.96783333,489.94,28.435,77.02
19-04-2021 07:00,6,47.88333333,21.78,105.4785333,2596.836,102.3494333,539.2833333,28.48833333,77.25833333
19-04-2021 08:00,1,64.37666667,26.32166667,71.15875,922.721,78.16573333,221.8266667,30.16166667,72.49666667
19-04-2021 08:00,2,44.1,18.67,60.13323333,0.0,16.8439,356.7566667,31.36666667,65.29833333
19-04-2021 08:00,3,0.0,26.84166667,70.89701667,1337.573,34.97383333,392.1266667,30.90166667,69.24333333
19-04-2021 08:00,4,72.7,28.27333333,66.21853333,1207.884,38.23596667,303.92,30.73333333,68.99666667
19-04-2021 08:00,5,42.45333333,20.06,97.39751667,1749.751,49.4966,463.74,30.27166667,69.56666667
19-04-2021 08:00,6,38.46166667,17.46166667,91.37765,1726.64,78.6676,399.55,29.58833333,71.325
19-04-2021 09:00,1,62.22,25.69,89.97083333,729.047,74.65266667,199.5566667,30.83833333,69.41
19-04-2021 09:00,2,42.32333333,17.53666667,52.11765,0.0,3.356233333,343.6566667,32.19166667,61.73
19-04-2021 09:00,3,0.0,24.945,65.26975,722.553,27.06943333,293.8766667,31.61833333,66.235
19-04-2021 09:00,4,84.49,29.42666667,98.86976667,1227.748,22.52126667,330.9933333,31.325,66.38833333
19-04-2021 09:00,5,46.41833333,21.38,79.76323333,1781.266,27.03806667,536.6633333,30.66833333,67.31
19-04-2021 09:00,6,44.195,19.75333333,96.54688333,1407.861,72.01786667,348.8966667,30.38666667,68.72333333
19-04-2021 10:00,1,65.595,27.63666667,135.9050333,831.805,64.70943333,199.5566667,31.95166667,65.55833333
19-04-2021 10:00,2,44.13833333,18.68166667,85.55408333,0.0,12.01343333,336.2333333,33.32833333,57.54166667
19-04-2021 10:00,3,0.0,30.04666667,80.77745,643.861,31.053,265.4933333,31.83333333,65.43666667
19-04-2021 10:00,4,63.015,26.31333333,95.49995,1023.76,20.3256,313.09,32.29666667,62.4
19-04-2021 10:00,5,45.58666667,20.75666667,103.4501,1774.008,39.17696667,532.7333333,32.37,61.2
19-04-2021 10:00,6,47.5,20.42833333,106.1983,1457.139,67.81473333,352.39,30.995,65.745
19-04-2021 11:00,1,60.95666667,25.91333333,135.7087333,711.284,40.11796667,200.43,33.36666667,60.06833333
19-04-2021 11:00,2,44.81333333,19.175,95.56538333,0.0,9.441366667,339.29,33.73166667,55.23833333
19-04-2021 11:00,3,0.0,32.14333333,77.44035,669.264,22.17623333,300.4266667,33.09833333,61.56666667
19-04-2021 11:00,4,78.59833333,25.46333333,77.60393333,945.259,8.469,322.26,33.55166667,57.78833333
19-04-2021 11:00,5,46.825,21.55333333,97.07035,1862.25,28.1359,590.81,32.94333333,58.28833333
19-04-2021 11:00,6,51.18333333,21.81833333,107.7687,1838.566,57.84013333,442.78,32.06,60.75833333
19-04-2021 12:00,1,55.4,23.495,156.2220833,684.162,66.18366667,205.67,32.355,62.77
19-04-2021 12:00,2,44.41166667,18.84833333,109.3718167,0.0,16.71843333,331.43,33.77,53.46666667
19-04-2021 12:00,3,0.0,28.42666667,69.03216667,539.384,3.889466667,300.4266667,33.41166667,58.11
19-04-2021 12:00,4,54.03333333,23.68666667,81.39906667,853.579,3.983566667,323.57,33.91,56.14166667
19-04-2021 12:00,5,43.55833333,20.615,121.4769833,1199.671,34.50333333,451.5133333,32.395,60.29666667
19-04-2021 12:00,6,52.115,22.45666667,113.5268333,1994.04,68.44206667,505.2233333,32.20666667,60.68333333
19-04-2021 13:00,1,61.78166667,26.165,177.16075,750.057,102.7258333,203.05,31.99166667,64.17833333
19-04-2021 13:00,2,45.37833333,18.93333333,103.9735667,0.0,14.83643333,365.9266667,34.55,51.27
19-04-2021 13:00,3,0.0,27.05166667,85.06333333,876.69,11.54293333,372.04,34.32833333,55.23166667
19-04-2021 13:00,4,57.30666667,23.5,102.2395833,860.073,23.93276667,318.7666667,32.85333333,58.845
19-04-2021 13:00,5,43.20166667,20.17666667,195.7765333,2254.755,83.4667,544.96,31.56833333,65.63333333
19-04-2021 13:00,6,56.08666667,23.20833333,103.2538,3078.156,78.7617,505.2233333,33.53166667,58.065
19-04-2021 14:00,1,54.49,22.85166667,151.2818667,692.375,92.93943333,206.1066667,33.71,57.73666667
19-04-2021 14:00,2,47.69666667,20.69166667,119.5467,0.0,18.6318,396.0566667,34.16,55.66
19-04-2021 14:00,3,0.0,26.87666667,95.56538333,908.587,23.65046667,369.8566667,32.80333333,59.75833333
19-04-2021 14:00,4,60.21333333,24.695,100.9309167,741.08,18.50633333,329.6833333,34.205,56.035
19-04-2021 14:00,5,67.765,21.525,138.1297667,1052.983,50.21803333,391.69,32.435,61.99166667
19-04-2021 14:00,6,53.64833333,22.21166667,77.57121667,1581.289,21.76846667,551.51,33.71833333,56.4
19-04-2021 15:00,1,53.07833333,21.97833333,140.4853667,718.924,139.2366333,251.52,31.72,67.9
19-04-2021 15:00,2,46.88333333,20.47666667,151.1182833,0.0,49.873,372.9133333,32.04166667,66.565
19-04-2021 15:00,3,0.0,24.64166667,116.7330667,899.801,58.4361,334.05,32.21,65.36
19-04-2021 15:00,4,67.99666667,26.31666667,120.1683167,977.92,65.7759,349.77,31.21333333,72.34166667
19-04-2021 15:00,5,44.43666667,18.00333333,120.62635,725.609,58.342,348.0233333,31.5,67.71333333
19-04-2021 15:00,6,44.46166667,19.645,105.8384167,1048.208,75.4682,406.9733333,32.17333333,64.965
19-04-2021 16:00,1,49.59,18.97,136.6248,766.101,154.1985333,248.9,30.49666667,72.22833333
19-04-2021 16:00,2,40.39,14.615,167.7710667,0.0,64.23893333,262.4366667,28.405,74.305
19-04-2021 16:00,3,0.0,18.045,112.8397833,785.392,62.23146667,258.07,28.80666667,74.69166667
19-04-2021 16:00,4,57.62666667,23.16166667,121.5751333,1202.154,65.4936,365.9266667,29.79833333,73.49333333
19-04-2021 16:00,5,45.40166667,15.045,136.8538167,1357.246,66.02683333,409.5933333,29.32,73.37333333
19-04-2021 16:00,6,37.74230769,15.75384615,127.595,1208.148462,111.6532692,357.2269231,29.44615385,72.81730769
19-04-2021 17:00,1,47.83333333,19.68833333,145.262,1377.683,165.3650667,305.6666667,28.72833333,73.70833333
19-04-2021 17:00,2,40.925,15.17833333,175.8193667,0.0,88.76766667,275.1,27.37833333,77.21333333
19-04-2021 17:00,3,0.0,19.86333333,132.3716333,1158.224,91.40246667,273.79,27.47,79.34166667
19-04-2021 17:00,4,52.01833333,19.14,110.6477667,2188.287,76.0328,471.1633333,28.73666667,72.41833333
19-04-2021 17:00,5,31.76833333,14.525,147.0941333,3000.037,83.5608,672.4666667,28.185,73.59166667
19-04-2021 17:00,6,36.72333333,15.84166667,130.8012333,2105.011,128.6974333,475.9666667,28.21,74.11666667
19-04-2021 18:00,1,51.98666667,20.17833333,145.55645,1720.528,178.5077,344.53,27.88,74.97333333
19-04-2021 18:00,2,47.55,21.19833333,153.6701833,0.0,87.35616667,273.3533333,27.52666667,78.57166667
19-04-2021 18:00,3,0.0,28.26166667,113.9848667,1198.907,87.7012,274.6633333,27.56,78.595
19-04-2021 18:00,4,48.65333333,20.73666667,108.6193333,2474.596,90.08506667,512.21,28.53666667,73.22333333
19-04-2021 18:00,5,34.775,16.05,138.8168167,4192.068,90.9006,672.4666667,28.655,72.305
19-04-2021 18:00,6,32.98666667,15.295,118.3689,1785.277,121.4517333,402.17,28.065,75.15333333
19-04-2021 19:00,1,78.49666667,27.475,145.5237333,2115.898,189.8310667,427.06,27.08666667,81.96833333
19-04-2021 19:00,2,44.68166667,18.28166667,129.7870167,0.0,75.9387,278.1566667,27.73,77.03
19-04-2021 19:00,3,0.0,29.88666667,104.2353,1136.641,82.2434,265.0566667,27.435,79.075
19-04-2021 19:00,4,57.67,25.06333333,98.96791667,2037.97,83.52943333,439.2866667,28.29333333,74.39333333
19-04-2021 19:00,5,32.63166667,15.14833333,118.66335,2490.64,80.98873333,584.26,28.37666667,73.93333333
19-04-2021 19:00,6,39.77833333,17.76166667,108.9137833,2198.983,124.5256667,477.7133333,28.09166667,75.60333333
19-04-2021 20:00,1,86.325,31.60166667,144.4113667,2381.961,208.3687667,465.05,26.66333333,84.79333333
19-04-2021 20:00,2,43.505,17.55833333,123.17825,0.0,71.516,259.8166667,27.45333333,78.41
19-04-2021 20:00,3,0.0,36.005,98.18271667,1179.998,82.68253333,264.1833333,27.26333333,80.15166667
19-04-2021 20:00,4,53.8,22.97166667,98.28086667,1945.908,86.2897,417.89,28.17833333,75.39
19-04-2021 20:00,5,32.64,15.42666667,109.9607167,2125.448,76.34646667,526.62,28.615,72.93333333
19-04-2021 20:00,6,38.76833333,17.46333333,101.2253667,1581.671,114.7706333,358.94,27.92833333,76.01
19-04-2021 21:00,1,82.18333333,31.22,134.8908167,2581.747,206.8318,500.42,26.695,84.68666667
19-04-2021 21:00,2,49.30384615,21.56923077,125.06575,0.0,87.80253846,311.3769231,27.41730769,79.10769231
19-04-2021 21:00,3,0.0,31.53,99.06606667,1186.683,87.95213333,280.34,27.135,79.97333333
19-04-2021 21:00,4,48.63333333,20.76833333,92.261,2145.312,83.21576667,450.64,27.975,76.09333333
19-04-2021 21:00,5,33.70166667,15.51333333,108.3576,1882.687,78.88716667,475.0933333,28.27666667,75.015
19-04-2021 21:00,6,40.55666667,17.38166667,97.33208333,1901.023,123.6474,418.3266667,27.98833333,76.57
19-04-2021 22:00,1,106.01,37.89666667,121.9023,2288.371,197.2963333,458.0633333,27.19666667,82.315
19-04-2021 22:00,2,45.06833333,18.765,126.0900333,0.0,86.3838,256.76,27.14666667,81.64333333
19-04-2021 22:00,3,0.0,29.11166667,96.9722,1219.917,87.7953,286.0166667,27.35,80.38666667
19-04-2021 22:00,4,46.935,20.24166667,90.36343333,1684.811,80.01636667,368.11,28.02166667,76.445
19-04-2021 22:00,5,31.68666667,14.86166667,109.3391,1156.505,76.34646667,348.46,27.925,77.03666667
19-04-2021 22:00,6,44.85666667,17.72166667,93.86411667,1438.612,119.5697333,336.67,27.81166667,78.29
19-04-2021 23:00,1,103.5233333,37.74166667,120.7572167,2033.004,195.728,414.8333333,26.88833333,84.16666667
19-04-2021 23:00,2,45.99333333,19.98833333,116.6676333,0.0,85.00366667,250.21,27.46333333,81.24833333
19-04-2021 23:00,3,0.0,39.69333333,88.30228333,876.499,83.02756667,224.01,27.37166667,81.15833333
19-04-2021 23:00,4,47.395,20.37833333,84.11455,1431.354,80.51823333,328.3733333,27.87333333,77.57333333
19-04-2021 23:00,5,32.07666667,15.29666667,107.67055,958.629,78.22846667,317.8933333,28.16833333,77.23666667
19-04-2021 23:00,6,39.49,17.145,89.41465,1174.65,113.0141,282.5233333,27.81,79.13666667
20-04-2021 00:00,1,98.72333333,34.17166667,119.7757167,1563.335,194.5360667,334.4866667,26.70333333,85.80833333
20-04-2021 00:00,2,53.27166667,26.03833333,119.7757167,0.0,86.60336667,224.8833333,27.08666667,82.70666667
20-04-2021 00:00,3,0.0,57.87666667,84.86703333,972.381,83.02756667,244.0966667,26.78,83.635
20-04-2021 00:00,4,48.05666667,21.1,84.11455,1048.972,77.56976667,265.0566667,27.59833333,79.365
20-04-2021 00:00,5,31.06333333,14.625,97.46295,851.478,72.14333333,305.6666667,27.92,77.79166667
20-04-2021 00:00,6,42.11,18.57166667,88.85846667,883.757,115.6175333,221.39,27.72333333,79.55333333
20-04-2021 01:00,1,76.835,26.89166667,113.5268333,860.646,185.5965667,215.7133333,26.49333333,87.205
20-04-2021 01:00,2,48.15517241,21.19482759,118.8630345,0.0,86.7017931,233.5413793,26.95862069,82.70689655
20-04-2021 01:00,3,0.0,32.97413793,81.59987931,832.4306897,79.27113793,215.4724138,27.11034483,82.43965517
20-04-2021 01:00,4,55.81333333,23.79333333,78.84716667,835.434,76.221,226.63,27.35,80.92
20-04-2021 01:00,5,30.54833333,14.45833333,96.71046667,670.028,70.79456667,270.2966667,27.56,79.075
20-04-2021 01:00,6,38.19833333,17.595,81.49721667,775.842,107.8699667,202.6133333,27.53333333,79.91333333
20-04-2021 02:00,1,61.56333333,22.695,104.52975,734.968,176.1238333,189.95,26.30166667,88.225
20-04-2021 02:00,2,48.41833333,21.975,108.6847667,0.0,76.7856,230.56,26.87833333,83.40666667
20-04-2021 02:00,3,0.0,30.75,68.34511667,814.615,71.76693333,227.0666667,27.97333333,79.025
20-04-2021 02:00,4,59.25333333,25.37833333,81.00646667,676.331,78.3853,197.81,27.21333333,81.39166667
20-04-2021 02:00,5,34.85333333,16.50833333,91.31221667,870.387,68.2225,322.6966667,27.50166667,79.80166667
20-04-2021 02:00,6,36.75333333,17.08,79.37063333,797.998,105.5488333,206.98,27.45833333,80.55833333
20-04-2021 03:00,1,69.555,26.705,102.5013167,800.099,174.2104667,211.3466667,26.235,88.30666667
20-04-2021 03:00,2,46.26666667,20.72333333,108.06315,0.0,80.33003333,231.87,26.91833333,83.38
20-04-2021 03:00,3,0.0,25.55,56.1418,767.82,64.01936667,220.5166667,28.43666667,77.67
20-04-2021 03:00,4,62.58166667,25.5,85.88125,747.765,86.7602,207.8533333,27.04166667,83.18
20-04-2021 03:00,5,31.84833333,15.12,89.57823333,1039.422,67.50106667,374.2233333,27.49333333,80.02833333
20-04-2021 03:00,6,46.27166667,20.81833333,76.19711667,956.528,106.8035,234.9266667,27.315,81.98166667
20-04-2021 04:00,1,106.5583333,38.31,106.0674333,934.563,179.5741667,224.01,26.105,88.74666667
20-04-2021 04:00,2,46.215,19.78666667,107.7032667,0.0,84.06266667,275.9733333,26.94,83.45833333
20-04-2021 04:00,3,0.0,18.78833333,62.6197,656.849,61.29046667,213.9666667,28.40666667,77.83
20-04-2021 04:00,4,73.705,29.13166667,86.43743333,870.387,90.2419,202.6133333,27.07,83.53166667
20-04-2021 04:00,5,28.78333333,13.49166667,89.87268333,760.562,65.08583333,305.23,27.63833333,79.63
20-04-2021 04:00,6,35.99333333,16.595,79.27248333,976.774,106.3016333,231.4333333,27.51,80.89
20-04-2021 05:00,1,132.3033333,44.67833333,105.5766833,1211.322,179.8564667,278.1566667,25.83333333,89.575
20-04-2021 05:00,2,49.51,22.405,111.20395,0.0,87.16796667,351.5166667,27.04166667,82.925
20-04-2021 05:00,3,0.0,19.23,75.3792,895.981,69.4458,239.73,27.46666667,81.25166667
20-04-2021 05:00,4,77.32666667,29.88666667,89.83996667,1457.521,97.2994,269.4233333,26.82666667,85.51666667
20-04-2021 05:00,5,32.24833333,15.02166667,95.69625,1397.356,78.69896667,396.0566667,27.59833333,80.29333333
20-04-2021 05:00,6,34.37666667,16.52833333,83.75466667,1007.143,110.4420333,238.42,27.595,80.53666667
20-04-2021 06:00,1,152.3616667,51.19166667,105.2822333,1448.162,177.1589333,326.19,26.21833333,88.68666667
20-04-2021 06:00,2,53.60833333,25.02166667,102.1414333,0.0,78.8558,420.51,28.47833333,77.75666667
20-04-2021 06:00,3,0.0,24.045,91.54123333,1742.302,83.0903,387.76,27.525,81.93
20-04-2021 06:00,4,102.9916667,33.84333333,95.33636667,2022.69,102.3494333,410.03,27.515,83.73
20-04-2021 06:00,5,39.14,18.20833333,107.27795,2639.238,81.83563333,582.95,27.79,79.94166667
20-04-2021 06:00,6,37.53666667,17.66166667,92.4573,1651.959,115.8057333,356.7566667,27.76833333,80.26
20-04-2021 07:00,1,130.615,40.94,102.6976167,1390.289,148.9916667,310.9066667,28.10333333,81.35833333
20-04-2021 07:00,2,45.405,19.315,80.22126667,0.0,45.10526667,415.7066667,30.29,71.41833333
20-04-2021 07:00,3,0.0,23.63666667,86.372,1717.472,66.56006667,415.7066667,29.24333333,76.9
20-04-2021 07:00,4,107.8416667,40.09,111.891,2096.607,83.749,496.0533333,29.02666667,78.25666667
20-04-2021 07:00,5,36.96666667,16.95166667,122.7202167,2413.285,73.52346667,552.3833333,28.56,77.84833333
20-04-2021 07:00,6,37.24333333,16.38166667,105.90385,2445.182,110.8184333,515.2666667,28.64166667,77.77666667
20-04-2021 08:00,1,84.395,33.035,103.5155333,1384.368,115.0215667,315.71,30.62166667,72.79833333
20-04-2021 08:00,2,42.72166667,17.39833333,80.94103333,0.0,34.4406,343.6566667,31.025,68.88333333
20-04-2021 08:00,3,0.0,21.94666667,69.22846667,1048.017,44.82296667,326.6266667,30.66333333,72.245
20-04-2021 08:00,4,75.17166667,24.245,99.42595,1659.599,39.67883333,455.88,30.285,72.43
20-04-2021 08:00,5,43.70333333,17.24166667,95.9907,1704.293,51.1904,506.0966667,29.93166667,72.77833333
20-04-2021 08:00,6,38.58,16.87666667,96.12156667,1740.965,85.22323333,399.1133333,29.57666667,74.69666667
20-04-2021 09:00,1,50.50333333,21.08666667,98.50988333,898.082,64.01936667,259.38,31.915,67.15666667
20-04-2021 09:00,2,40.77666667,15.965,66.97101667,0.0,15.997,317.4566667,32.06333333,63.26
20-04-2021 09:00,3,0.0,22.5490566,55.8899434,677.6535849,27.12920755,280.7849057,31.5,67.41320755
20-04-2021 09:00,4,88.02,22.725,86.99361667,1116.013,21.61163333,403.48,31.73,65.96833333
20-04-2021 09:00,5,42.77,17.42166667,61.70363333,1590.075,25.7834,530.9866667,31.63333333,65.30166667
20-04-2021 09:00,6,36.81694915,15.99661017,79.85084746,1047.327458,67.05023729,324.1694915,30.55084746,68.60338983
20-04-2021 10:00,1,44.355,18.87,88.04055,836.58,29.95516667,274.6633333,32.80166667,62.04833333
20-04-2021 10:00,2,40.46,15.69666667,78.22555,0.0,11.6684,296.4966667,33.105,58.12333333
20-04-2021 10:00,3,0.0,23.93833333,61.76906667,576.438,23.17996667,269.86,32.61666667,62.37833333
20-04-2021 10:00,4,48.96,20.225,88.59673333,875.353,6.053766667,369.8566667,32.94666667,59.81
20-04-2021 10:00,5,52.17833333,21.14166667,68.86858333,1718.809,14.89916667,599.1066667,32.69833333,59.985
20-04-2021 10:00,6,39.97666667,17.72,97.3648,936.091,59.283,275.5366667,31.24833333,64.44333333
20-04-2021 11:00,1,49.86833333,20.44833333,145.16385,977.156,81.71016667,269.86,32.55166667,61.99666667
20-04-2021 11:00,2,40.15666667,15.50166667,103.2210833,0.0,13.3622,290.82,33.525,55.645
20-04-2021 11:00,3,0.0,18.15,65.53148333,488.769,21.01566667,272.0433333,32.93166667,60.26833333
20-04-2021 11:00,4,112.4483333,25.915,93.20978333,851.86,7.935766667,366.3633333,33.265,57.55666667
20-04-2021 11:00,5,43.28166667,19.42166667,106.4273167,1946.099,24.81103333,618.32,33.07666667,56.445
20-04-2021 11:00,6,40.56271186,17.48474576,100.5787966,1095.304068,53.87623729,330.8305085,32.12033898,59.61694915
20-04-2021 12:00,1,48.07833333,20.565,144.5422333,774.887,80.11046667,251.9566667,32.70833333,60.83
20-04-2021 12:00,2,37.845,13.86833333,75.93538333,0.0,4.171766667,331.43,34.52166667,52.295
20-04-2021 12:00,3,0.0,13.77333333,39.94705,391.741,4.924566667,317.8933333,34.20833333,55.00166667
20-04-2021 12:00,4,44.24666667,19.58166667,89.38193333,639.659,6.932033333,348.46,34.19333333,53.59333333
20-04-2021 12:00,5,34.20833333,16.48,102.1414333,1324.585,29.95516667,515.2666667,33.52666667,54.175
20-04-2021 12:00,6,33.67666667,15.84833333,72.66371667,880.51,25.72066667,318.33,33.40333333,54.89166667
20-04-2021 13:00,1,46.00166667,19.165,121.8368667,641.569,50.814,254.5766667,33.49666667,57.745
20-04-2021 13:00,2,37.565,13.19,69.4902,0.0,2.791633333,355.01,34.85333333,50.94833333
20-04-2021 13:00,3,0.0,14.39166667,31.6043,485.331,0.941,379.9,34.66166667,53.265
20-04-2021 13:00,4,42.42666667,16.62166667,74.23411667,496.791,1.913366667,368.11,34.63333333,51.14166667
20-04-2021 13:00,5,35.88,16.26833333,98.24815,1101.688,26.75576667,489.0666667,33.82,52.69666667
20-04-2021 13:00,6,34.85,15.52666667,69.8828,883.566,20.07466667,352.39,33.885,53.15166667
20-04-2021 14:00,1,46.31166667,19.34666667,108.8156333,606.234,42.09406667,276.8466667,33.92333333,54.86833333
20-04-2021 14:00,2,37.28113208,13.06603774,72.07543396,0.0,2.982792453,366.8,34.78490566,49.68490566
20-04-2021 14:00,3,0.0,15.76166667,67.7235,536.137,12.92306667,348.46,34.525,54.48833333
20-04-2021 14:00,4,42.91833333,17.56,94.4203,553.327,13.86406667,362.4333333,34.56833333,51.91666667
20-04-2021 14:00,5,48.68,17.42333333,118.9905167,1547.482,44.85433333,542.34,33.77333333,53.335
20-04-2021 14:00,6,43.075,17.21,91.4758,1122.507,45.7326,399.9866667,33.89666667,53.48
20-04-2021 15:00,1,69.55833333,25.10166667,196.39815,765.146,105.9252333,224.8833333,33.40333333,58.76166667
20-04-2021 15:00,2,38.435,13.79666667,87.48436667,0.0,13.11126667,363.7433333,34.70666667,50.6
20-04-2021 15:00,3,0.0,18.78833333,66.08766667,564.596,12.64076667,367.2366667,34.31333333,55.33666667
20-04-2021 15:00,4,90.66666667,22.18333333,102.1087167,696.004,19.35323333,377.28,34.10166667,53.64
20-04-2021 15:00,5,71.35333333,17.81833333,122.1313167,1689.395,45.19936667,578.5833333,33.75333333,53.34333333
20-04-2021 15:00,6,47.24166667,17.81166667,96.35058333,1210.558,51.03356667,421.82,33.91666667,53.28
20-04-2021 16:00,1,58.845,21.44166667,140.06005,923.485,98.30313333,309.5966667,33.31,59.06
20-04-2021 16:00,2,50.87166667,20.87333333,180.30155,0.0,80.1732,316.5833333,30.40833333,70.31166667
20-04-2021 16:00,3,0.0,26.435,125.33755,870.578,65.43086667,327.0633333,31.17833333,67.76
20-04-2021 16:00,4,69.70166667,22.94,115.2281,1257.162,57.24416667,431.4266667,32.58166667,61.11333333
20-04-2021 16:00,5,48.63666667,21.08166667,141.23785,2049.43,65.74453333,603.0366667,32.02833333,62.82833333
20-04-2021 16:00,6,53.93166667,21.45833333,141.2705667,1536.404,110.8811667,441.0333333,31.23,66.43
20-04-2021 17:00,1,59.68333333,22.64,170.3229667,1364.886,178.0372,358.94,31.10333333,68.26666667
20-04-2021 17:00,2,57.63,26.97333333,187.0739,0.0,106.0193333,379.9,30.42666667,71.41333333
20-04-2021 17:00,3,0.0,34.735,127.595,1349.988,80.48686667,388.6333333,31.14166667,67.61
20-04-2021 17:00,4,67.865,26.41333333,130.3104833,2141.11,88.20306667,524.4366667,31.745,65.06
20-04-2021 17:00,5,53.34833333,22.56333333,164.9574333,3652.493,95.73106667,672.4666667,31.27,67.145
20-04-2021 17:00,6,61.55333333,24.74,142.8736833,2468.484,133.9356667,595.6133333,30.99333333,68.42833333
20-04-2021 18:00,1,55.67333333,22.66166667,188.15355,1311.597,230.8900333,307.4133333,29.23,78.69666667
20-04-2021 18:00,2,53.78301887,24.59433962,171.0032264,0.0,90.58456604,428.5924528,29.79811321,74.92264151
20-04-2021 18:00,3,0.0,42.18,120.62635,1915.539,87.35616667,491.6866667,30.255,71.03333333
20-04-2021 18:00,4,62.79,26.19166667,125.4029833,2002.253,90.4301,487.7566667,30.62833333,72.26833333
20-04-2021 18:00,5,44.845,20.80833333,161.7839167,2961.455,99.71463333,672.4666667,30.29,73.96333333
20-04-2021 18:00,6,53.54,21.81833333,128.67465,2556.917,132.9319333,610.0233333,30.46,72.72
20-04-2021 19:00,1,44.00166667,18.01666667,164.9574333,1307.013,218.4061,268.55,28.89666667,77.585
20-04-2021 19:00,2,50.79333333,21.68,142.5465167,0.0,91.4652,520.9433333,29.82666667,72.675
20-04-2021 19:00,3,0.0,29.76923077,109.928,2198.336538,86.68057692,546.1692308,31.03461538,70.15
20-04-2021 19:00,4,60.04,25.61166667,128.28205,1895.293,109.0932667,425.3133333,29.89333333,76.24833333
20-04-2021 19:00,5,36.87166667,17.285,145.6218833,3222.361,97.04846667,584.26,30.29333333,73.73833333
20-04-2021 19:00,6,64.44,24.315,124.9776667,5701.732,157.2411,477.7133333,30.455,73.145
20-04-2021 20:00,1,60.87833333,23.21833333,155.4368833,1539.842,222.2642,331.43,28.75666667,81.905
20-04-2021 20:00,2,50.18333333,22.05833333,135.0544,0.0,81.83563333,425.75,29.66666667,75.91166667
20-04-2021 20:00,3,0.0,24.685,99.29508333,2100.236,75.59366667,527.93,30.78833333,72.07333333
20-04-2021 20:00,4,64.24333333,26.48333333,124.9122333,1565.818,112.0103667,353.7,29.72833333,79.57166667
20-04-2021 20:00,5,35.32,16.25833333,132.0771833,2374.894,95.44876667,591.2466667,30.17166667,77.41
20-04-2021 20:00,6,66.75166667,22.99833333,116.1768833,3856.29,148.8034667,358.94,30.21833333,76.43666667
20-04-2021 21:00,1,46.56166667,19.57,137.11555,1042.669,201.8758667,267.24,28.6,85.66166667
20-04-2021 21:00,2,46.04,19.43166667,131.5537167,0.0,73.17843333,338.4166667,29.115,78.095
20-04-2021 21:00,3,0.0,22.51,96.80861667,1403.277,74.18216667,389.07,29.96,76.50666667
20-04-2021 21:00,4,65.565,26.61,107.7032667,1341.202,102.0044,327.0633333,29.64833333,80.71666667
20-04-2021 21:00,5,35.995,16.78,107.1798,1326.113,75.97006667,420.51,29.71166667,78.57833333
20-04-2021 21:00,6,45.05833333,19.295,98.70618333,1559.706,117.3113333,429.68,29.695,78.79833333
20-04-2021 22:00,1,41.97166667,16.40666667,121.1171,862.365,196.8258333,230.1233333,28.59833333,85.98333333
20-04-2021 22:00,2,44.77166667,18.35666667,134.8581,0.0,79.3263,279.9033333,28.72833333,81.28833333
20-04-2021 22:00,3,0.0,17.265,95.27093333,989.571,72.5511,298.68,29.28833333,78.425
20-04-2021 22:00,4,54.83166667,23.66166667,82.90403333,1086.026,68.09703333,297.8066667,29.46833333,78.74333333
20-04-2021 22:00,5,30.91166667,14.75833333,103.2538,946.787,70.8573,350.6433333,29.305,80.41
20-04-2021 22:00,6,40.60833333,17.30666667,97.98641667,1094.43,116.684,315.2733333,29.25,80.19
20-04-2021 23:00,1,45.14166667,17.37166667,116.2096,757.888,194.6929,202.6133333,28.38833333,86.59166667
20-04-2021 23:00,2,41.66833333,16.78333333,128.1184667,0.0,74.37036667,230.1233333,28.31666667,85.03666667
20-04-2021 23:00,3,0.0,18.76666667,91.83568333,796.088,75.21726667,254.5766667,28.80833333,82.26166667
20-04-2021 23:00,4,55.66,24.53333333,82.0534,743.945,66.93646667,241.9133333,29.15333333,81.555
20-04-2021 23:00,5,31.43333333,15.05,100.0475667,583.505,69.88493333,282.0866667,28.92333333,83.255
20-04-2021 23:00,6,40.215,18.25666667,95.72896667,808.694,115.7116333,244.0966667,28.88666667,83.39166667
21-04-2021 00:00,1,40.46,16.30666667,102.95935,596.493,170.6660333,183.4,28.33,87.27666667
21-04-2021 00:00,2,41.44666667,16.65333333,119.1541,0.0,75.0918,224.4466667,28.31,85.81666667
21-04-2021 00:00,3,0.0,20.18,83.91825,625.334,72.39426667,214.4033333,28.39,84.66833333
21-04-2021 00:00,4,62.56166667,27.915,78.29098333,638.704,64.14483333,215.2766667,28.9,82.94166667
21-04-2021 00:00,5,28.91166667,13.87666667,94.55116667,496.791,67.87746667,266.8033333,28.63833333,84.72
21-04-2021 00:00,6,35.38333333,16.88,88.07326667,688.746,112.2299333,211.3466667,28.65166667,84.96333333
21-04-2021 01:00,1,34.38666667,15.16,94.28943333,523.913,158.8408,175.54,28.16333333,87.29
21-04-2021 01:00,2,42.10862069,17.41034483,108.3034483,0.0,71.67824138,211.4068966,28.08103448,86.92241379
21-04-2021 01:00,3,0.0,21.46034483,77.87694828,585.8431034,72.13251724,207.3413793,28.10689655,86.12413793
21-04-2021 01:00,4,61.495,27.74166667,77.30948333,563.068,64.2703,200.43,28.69833333,83.83666667
21-04-2021 01:00,5,27.085,13.03,87.05905,522.194,64.30166667,293.8766667,28.46833333,85.55
21-04-2021 01:00,6,31.68666667,15.66,81.95525,650.355,107.3681,194.7533333,28.50833333,85.83166667
21-04-2021 02:00,1,31.44333333,14.00333333,92.32643333,483.803,149.7758333,162.8766667,28.12666667,87.14333333
21-04-2021 02:00,2,43.93166667,19.37666667,106.29645,0.0,67.97156667,208.7266667,27.83166667,88.24833333
21-04-2021 02:00,3,0.0,20.99333333,73.77608333,545.687,70.98276667,186.4566667,28.055,86.66333333
21-04-2021 02:00,4,51.84,23.43833333,74.92116667,478.073,61.66686667,183.4,28.54833333,84.26666667
21-04-2021 02:00,5,25.26333333,12.22,84.04911667,748.338,61.165,339.7266667,28.375,85.835
21-04-2021 02:00,6,31.91,15.92166667,78.81445,640.423,104.8587667,183.4,28.37333333,86.44166667
21-04-2021 03:00,1,29.88666667,13.5,93.96226667,476.927,154.2926333,158.0733333,28.04333333,87.52166667
21-04-2021 03:00,2,45.27833333,20.34,101.78155,0.0,71.95513333,226.63,27.82333333,88.525
21-04-2021 03:00,3,0.0,21.77833333,71.81308333,546.833,69.634,184.2733333,27.97333333,87.24
21-04-2021 03:00,4,52.46166667,23.65333333,71.58406667,506.532,61.76096667,181.2166667,28.475,84.79333333
21-04-2021 03:00,5,24.95,12.01833333,82.34785,756.933,60.66313333,361.56,28.265,86.47
21-04-2021 03:00,6,31.035,15.57166667,74.82301667,661.624,103.3531667,185.5833333,28.35833333,86.725
21-04-2021 04:00,1,36.85166667,15.99333333,94.0277,524.104,158.7467,165.06,27.90833333,88.49666667
21-04-2021 04:00,2,44.09,19.335,94.32215,0.0,67.87746667,218.77,27.70333333,89.36666667
21-04-2021 04:00,3,0.0,27.28666667,73.08903333,624.952,73.398,206.98,27.49166667,89.71666667
21-04-2021 04:00,4,54.63666667,24.69666667,69.26118333,611.773,61.7296,196.5,28.36666667,85.71833333
21-04-2021 04:00,5,27.86166667,13.34,78.78173333,769.921,62.73333333,327.9366667,28.155,87.27833333
21-04-2021 04:00,6,34.83,17.085,73.6125,777.561,105.5488333,210.4733333,28.23,87.40166667
21-04-2021 05:00,1,38.75833333,16.56166667,90.65788333,739.361,160.9423667,204.7966667,27.40666667,91.125
21-04-2021 05:00,2,51.41,25.16333333,98.50988333,0.0,72.23743333,250.6466667,27.575,89.89
21-04-2021 05:00,3,0.0,36.57,75.80451667,795.515,80.5496,227.94,27.25,90.76166667
21-04-2021 05:00,4,60.325,24.97166667,64.41911667,822.064,62.54513333,230.9966667,28.27333333,84.73833333
21-04-2021 05:00,5,29.71166667,14.19333333,71.02788333,971.044,67.43833333,345.4033333,28.23166667,85.56666667
21-04-2021 05:00,6,38.80666667,18.285,73.08903333,1024.715,113.1709333,248.9,28.125,86.90833333
21-04-2021 06:00,1,46.08,19.25166667,80.0904,1187.256,154.6690333,291.6933333,27.84333333,89.585
21-04-2021 06:00,2,63.02333333,34.87,91.54123333,0.0,70.1045,300.4266667,27.89833333,88.27666667
21-04-2021 06:00,3,0.0,47.74,72.14025,1050.882,79.5145,279.9033333,27.675,88.90666667
21-04-2021 06:00,4,49.51,22.05833333,63.4049,1047.253,57.55783333,273.79,28.6,81.17833333
21-04-2021 06:00,5,31.67166667,15.18166667,69.85008333,1339.483,65.61906667,404.3533333,28.485,82.63
21-04-2021 06:00,6,39.33,18.755,73.44891667,1193.75,109.5951333,288.6366667,28.345,84.97
21-04-2021 07:00,1,43.23166667,18.85666667,64.51726667,1180.571,116.1507667,294.3133333,28.61833333,83.80333333
21-04-2021 07:00,2,57.67,29.81166667,86.01211667,0.0,60.85133333,349.77,28.50666667,85.01
21-04-2021 07:00,3,0.0,41.24833333,66.742,1220.299,69.41443333,341.0366667,28.27166667,86.40833333
21-04-2021 07:00,4,50.25833333,22.15,70.56985,1447.589,56.46,355.01,29.07,79.30333333
21-04-2021 07:00,5,28.83333333,13.85166667,82.70773333,1466.498,63.64296667,435.7933333,28.77333333,82.36833333
21-04-2021 07:00,6,40.76833333,19.19,80.18855,1679.463,106.2702667,418.3266667,28.69166667,83.44
21-04-2021 08:00,1,41.84166667,18.65666667,75.9681,1299.182,89.17543333,310.9066667,29.74666667,77.67
21-04-2021 08:00,2,50.4,23.40833333,81.17005,0.0,47.74006667,292.5666667,29.31833333,81.15166667
21-04-2021 08:00,3,0.0,32.90333333,59.38075,917.755,57.65193333,296.06,29.28166667,82.07333333
21-04-2021 08:00,4,45.925,20.065,74.49585,1362.021,46.8618,348.8966667,30.17666667,74.865
21-04-2021 08:00,5,33.82833333,15.06833333,89.18563333,1547.1,57.71466667,458.0633333,29.675,78.23833333
21-04-2021 08:00,6,40.12166667,18.1,82.446,1464.97,97.0171,355.01,29.24,80.74833333
21-04-2021 09:00,1,41.455,18.15,93.30793333,1128.81,80.70643333,279.4666667,30.45833333,74.02
21-04-2021 09:00,2,43.43666667,17.25,62.97958333,0.0,23.58773333,296.06,30.96666667,72.65166667
21-04-2021 09:00,3,0.0,40.87333333,39.61988333,608.144,34.31513333,262.4366667,30.445,76.20666667
21-04-2021 09:00,4,50.345,21.32166667,73.28533333,1366.987,31.86853333,365.49,30.855,71.58666667
21-04-2021 09:00,5,41.83666667,17.72666667,71.74765,1532.966,39.39653333,485.1366667,30.89666667,71.45666667
21-04-2021 09:00,6,47.97833333,19.21,80.45028333,1469.172,79.29493333,361.1233333,30.29833333,74.47333333
21-04-2021 10:00,1,56.545,24.12833333,102.56675,1076.285,55.20533333,282.5233333,32.08333333,68.51833333
21-04-2021 10:00,2,40.48,15.375,60.98386667,0.0,14.46003333,289.51,31.65166667,69.38333333
21-04-2021 10:00,3,0.0,22.43,41.84461667,554.855,26.4421,247.1533333,31.04166667,73.33
21-04-2021 10:00,4,64.49166667,27.04833333,88.1387,1296.89,29.9238,351.5166667,31.68833333,68.55166667
21-04-2021 10:00,5,46.27666667,18.75,95.14006667,1428.298,44.35246667,459.81,31.48833333,68.94
21-04-2021 10:00,6,50.25833333,20.29,83.75466667,1290.396,70.82593333,345.4033333,30.71166667,72.43333333
21-04-2021 11:00,1,63.16,26.31833333,128.3802,884.521,86.2897,272.0433333,31.93833333,71.4
21-04-2021 11:00,2,38.845,14.415,61.18016667,0.0,9.755033333,288.2,32.56333333,65.035
21-04-2021 11:00,3,0.0,19.39666667,46.68668333,558.675,21.4548,256.3233333,31.43833333,70.945
21-04-2021 11:00,4,55.62166667,24.06833333,75.67365,987.661,20.6079,333.6133333,32.325,65.91666667
21-04-2021 11:00,5,44.36,20.26666667,69.06488333,1054.129,23.30543333,451.95,32.48833333,65.56666667
21-04-2021 11:00,6,49.66896552,21.6862069,87.45503448,1090.675862,68.33606897,305.3655172,31.40517241,69.75862069
21-04-2021 12:00,1,47.68333333,20.005,107.1798,689.51,72.77066667,242.35,31.945,69.68166667
21-04-2021 12:00,2,35.71333333,12.04333333,56.76341667,0.0,4.579533333,292.5666667,33.64666667,59.335
21-04-2021 12:00,3,0.0,14.29622642,41.03781132,540.7822642,17.32860377,264.4716981,33.04150943,62.78679245
21-04-2021 12:00,4,38.355,17.05833333,51.39788333,686.072,12.9858,331.43,34.86666667,57.405
21-04-2021 12:00,5,35.82833333,17.05,79.59965,1087.554,27.53993333,449.33,32.74833333,63.22166667
21-04-2021 12:00,6,32.62333333,14.96833333,75.11746667,975.246,53.2606,296.9333333,32.31166667,64.27833333
21-04-2021 13:00,1,40.99666667,17.50166667,103.8427,646.535,86.25833333,230.9966667,32.145,67.11333333
21-04-2021 13:00,2,36.89666667,12.74,54.50596667,0.0,0.219566667,334.4866667,34.505,56.03833333
21-04-2021 13:00,3,0.0,16.43333333,22.99981667,539.384,0.125466667,329.2466667,33.99333333,58.59333333
21-04-2021 13:00,4,35.435,15.6,55.58561667,721.407,5.959666667,334.9233333,33.585,59.065
21-04-2021 13:00,5,42.10833333,16.63166667,93.56966667,962.831,33.4996,416.1433333,32.98833333,60.76166667
21-04-2021 13:00,6,33.33333333,14.935,58.36653333,854.534,21.4548,311.3433333,33.31666667,59.525
21-04-2021 14:00,1,38.82333333,15.925,124.4542,790.549,123.4278333,228.3766667,31.66666667,68.00333333
21-04-2021 14:00,2,38.88833333,14.33666667,104.13715,0.0,16.2793,300.8633333,33.32833333,58.74333333
21-04-2021 14:00,3,0.0,14.92641509,64.29750943,595.7037736,21.09260377,288.6943396,32.53584906,62.76037736
21-04-2021 14:00,4,43.41833333,18.36833333,90.59245,1049.163,34.4406,352.39,33.05166667,60.79666667
21-04-2021 14:00,5,47.08666667,18.435,129.7543,886.622,49.08883333,358.0666667,32.6,62.05666667
21-04-2021 14:00,6,36.25333333,15.38166667,97.65925,878.791,60.63176667,282.0866667,32.77333333,61.205
21-04-2021 15:00,1,46.49333333,18.24333333,148.0429167,942.203,148.3329667,240.6033333,31.495,69.72833333
21-04-2021 15:00,2,41.74666667,16.24833333,129.06725,0.0,32.2763,282.96,32.76,60.92333333
21-04-2021 15:00,3,0.0,22.81833333,102.6321833,757.888,50.4376,262.4366667,31.975,66.26833333
21-04-2021 15:00,4,63.55166667,24.54166667,102.6976167,1396.401,48.96336667,395.1833333,32.73833333,62.275
21-04-2021 15:00,5,151.0,27.245,143.5280167,1320.956,60.28673333,414.3966667,32.49,63.375
21-04-2021 15:00,6,43.96333333,18.26333333,112.38175,1114.103,79.67133333,317.02,32.53,61.98166667
21-04-2021 16:00,1,52.36833333,20.58333333,152.42695,957.101,146.4196,247.59,30.75333333,72.71666667
21-04-2021 16:00,2,47.58813559,19.77627119,138.5079492,0.0,47.24138983,394.7762712,32.54915254,62.50338983
21-04-2021 16:00,3,0.0,23.07666667,88.20413333,788.066,46.8618,282.96,31.93833333,65.63666667
21-04-2021 16:00,4,74.20333333,29.47333333,110.8440667,1409.771,56.46,386.0133333,32.27333333,65.23833333
21-04-2021 16:00,5,64.45333333,20.71833333,135.5124333,1453.51,64.1762,439.7233333,32.26,64.03833333
21-04-2021 16:00,6,50.44833333,19.785,118.9250833,1846.206,96.10746667,484.7,32.42833333,63.23666667
21-04-2021 17:00,1,39.305,17.40666667,147.8793333,772.404,161.0364667,241.4766667,29.48333333,82.20166667
21-04-2021 17:00,2,48.71,21.695,162.4055333,0.0,75.5623,359.8133333,30.45166667,75.46333333
21-04-2021 17:00,3,0.0,24.63666667,101.4216667,1112.766,61.7296,345.4033333,31.17833333,71.87833333
21-04-2021 17:00,4,56.625,24.105,118.1726,997.402,80.11046667,305.6666667,30.45166667,77.555
21-04-2021 17:00,5,35.95,16.51166667,137.3445667,1185.728,76.81696667,413.0866667,30.46833333,76.99333333
21-04-2021 17:00,6,49.16833333,20.3,122.4257667,1783.367,121.2321667,483.8266667,30.72166667,75.78333333
21-04-2021 18:00,1,32.28666667,14.41,120.0701667,753.113,151.9715,220.9533333,29.02833333,82.66166667
21-04-2021 18:00,2,45.59833333,19.025,142.8409667,0.0,77.94616667,329.2466667,29.52166667,76.38166667
21-04-2021 18:00,3,0.0,19.44666667,92.8499,1045.152,66.1523,313.9633333,29.82833333,75.90333333
21-04-2021 18:00,4,55.18833333,23.685,100.60375,1128.428,74.55856667,305.23,29.97333333,77.16333333
21-04-2021 18:00,5,32.89,15.78166667,118.6960667,1160.325,70.6691,379.9,29.90833333,76.30166667
21-04-2021 18:00,6,42.56166667,18.92833333,107.3761,1395.637,114.6765333,370.2933333,29.89,76.60666667
21-04-2021 19:00,1,32.18166667,14.25333333,114.5737667,929.406,157.5547667,237.11,28.75833333,82.60666667
21-04-2021 19:00,2,47.56166667,20.40333333,121.9677333,0.0,70.0104,330.9933333,29.26666667,76.565
21-04-2021 19:00,3,0.0,18.62166667,79.53421667,1064.634,63.7057,310.0333333,29.56833333,74.55
21-04-2021 19:00,4,63.43166667,27.12833333,88.62945,1386.278,70.51226667,342.7833333,29.90166667,75.75333333
21-04-2021 19:00,5,35.41166667,16.9,104.8896333,1458.858,67.62653333,428.37,29.76,75.25833333
21-04-2021 19:00,6,45.17833333,19.49333333,93.50423333,1725.303,109.2814667,428.8066667,29.79833333,75.49833333
21-04-2021 20:00,1,39.43833333,16.55833333,109.3063833,990.908,159.6877,255.8866667,28.52666667,84.42833333
21-04-2021 20:00,2,42.89615385,17.31730769,116.53425,0.0,70.53880769,293.2384615,28.91730769,78.31346154
21-04-2021 20:00,3,0.0,19.58833333,73.6125,946.405,64.30166667,287.3266667,29.18,77.01833333
21-04-2021 20:00,4,57.06166667,24.73333333,77.27676667,1338.528,61.22773333,342.7833333,29.66333333,75.15666667
21-04-2021 20:00,5,32.9,15.645,98.86976667,1106.654,64.30166667,369.8566667,29.29833333,76.87
21-04-2021 20:00,6,40.11,17.595,90.4943,1274.352,107.4935667,330.9933333,29.29333333,77.14
21-04-2021 21:00,1,42.55,16.565,92.29371667,859.691,155.7668667,222.7,28.655,82.02833333
21-04-2021 21:00,2,42.63,17.69333333,118.5652,0.0,71.95513333,258.9433333,28.63,80.93333333
21-04-2021 21:00,3,0.0,19.36551724,74.86475862,2356.808276,65.9997931,287.3266667,28.69655172,80.36206897
21-04-2021 21:00,4,52.94,22.59,78.19283333,1695.507,68.53616667,455.0066667,29.47166667,77.28166667
21-04-2021 21:00,5,30.63,14.695,98.08456667,1058.904,69.0694,359.3766667,29.04666667,79.45166667
21-04-2021 21:00,6,35.035,16.43166667,88.95661667,1041.332,108.9678,282.5233333,29.09666667,79.63
21-04-2021 22:00,1,42.25166667,17.07833333,98.60803333,801.627,164.8632,216.15,28.29833333,84.06666667
21-04-2021 22:00,2,44.20333333,18.93166667,113.0033667,0.0,71.54736667,244.97,28.46,82.48833333
21-04-2021 22:00,3,0.0,19.47666667,80.8756,950.607,73.9626,254.14,28.825,80.29
21-04-2021 22:00,4,49.15166667,21.52333333,77.3422,950.225,66.3405,275.5366667,29.08833333,79.76666667
21-04-2021 22:00,5,28.35833333,13.69,91.70481667,768.011,66.84236667,305.6666667,28.835,81.21166667
21-04-2021 22:00,6,39.99622642,17.52075472,85.26086792,1075.077736,116.1513585,293.1433962,28.96037736,80.99433962
21-04-2021 23:00,1,41.80833333,16.90833333,100.80005,674.039,167.1843333,189.95,27.79333333,87.17166667
21-04-2021 23:00,2,45.39166667,19.88833333,100.8982,0.0,70.04176667,234.49,28.365,83.31333333
21-04-2021 23:00,3,0.0,20.49666667,67.36361667,837.917,61.6355,229.6866667,28.685,80.355
21-04-2021 23:00,4,62.58833333,27.98666667,75.47735,811.177,64.77216667,246.28,28.82666667,80.93833333
21-04-2021 23:00,5,31.86833333,15.28166667,85.45593333,527.733,61.47866667,270.2966667,28.62333333,82.07333333
21-04-2021 23:00,6,37.94166667,17.65333333,76.32798333,749.293,105.2351667,228.3766667,28.68833333,82.22666667
22-04-2021 00:00,1,44.48,17.85833333,97.1685,771.258,172.9244333,201.74,27.62666667,88.31
22-04-2021 00:00,2,41.615,16.98,93.14435,0.0,68.72436667,216.5866667,28.235,82.465
22-04-2021 00:00,3,0.0,24.24333333,66.18581667,736.687,61.2591,206.98,28.18333333,81.93833333
22-04-2021 00:00,4,46.02333333,20.85166667,67.49448333,770.112,57.1187,237.9833333,28.85666667,79.27166667
22-04-2021 00:00,5,29.185,14.03333333,76.3607,466.804,58.59293333,254.5766667,28.59666667,80.88166667
22-04-2021 00:00,6,34.845,16.62833333,72.79458333,523.531,106.333,193.88,28.66,81.06333333
22-04-2021 01:00,1,34.87666667,15.38833333,86.04483333,637.367,157.9939,179.0333333,27.585,86.79833333
22-04-2021 01:00,2,40.13333333,15.93833333,92.81718333,0.0,68.5989,209.1633333,27.925,84.085
22-04-2021 01:00,3,0.0,27.115,73.08903333,692.184,68.1284,186.02,27.77333333,83.86166667
22-04-2021 01:00,4,41.65166667,18.99833333,67.3309,585.224,59.0007,205.67,28.65666667,80.415
22-04-2021 01:00,5,27.79,13.40833333,83.29663333,628.199,64.20756667,293.44,28.46833333,81.77666667
22-04-2021 01:00,6,29.99,14.84833333,75.05203333,488.005,110.2538333,182.9633333,28.49,82.015
22-04-2021 02:00,1,43.19,18.57833333,85.16148333,703.071,155.5159333,194.3166667,27.43833333,87.345
22-04-2021 02:00,2,39.49,15.25333333,92.88261667,0.0,70.98276667,215.7133333,27.83166667,84.97166667
22-04-2021 02:00,3,0.0,37.03666667,64.61541667,784.819,67.4697,208.7266667,28.355,82.39166667
22-04-2021 02:00,4,42.19666667,19.22166667,64.9753,610.627,60.34946667,204.36,28.46833333,81.68166667
22-04-2021 02:00,5,27.45833333,13.205,74.29955,1075.903,60.81996667,412.2133333,28.42,82.40666667
22-04-2021 02:00,6,30.67,14.79833333,73.15446667,536.137,112.8886333,186.4566667,28.38666667,82.895
22-04-2021 03:00,1,25.18,9.758333333,115.5879833,506.532,107.1171667,99.99666667,24.835,90.625
22-04-2021 03:00,2,42.455,17.99166667,85.75038333,0.0,63.86253333,234.49,28.105,83.33666667
22-04-2021 03:00,3,0.0,24.08166667,38.21306667,713.385,34.03283333,197.81,28.47666667,78.68
22-04-2021 03:00,4,37.56,14.835,68.9013,566.888,42.69003333,164.6233333,27.00166667,83.04833333
22-04-2021 03:00,5,23.36666667,11.18833333,78.25826667,794.178,48.96336667,332.3033333,27.82833333,81.59
22-04-2021 03:00,6,30.925,13.94,71.71493333,514.363,98.20903333,175.9766667,28.01833333,82.775
22-04-2021 04:00,1,18.08166667,8.603333333,152.2633667,585.606,176.3747667,99.99666667,23.74333333,96.85666667
22-04-2021 04:00,2,32.34333333,9.426666667,118.1398833,0.0,59.9417,179.0333333,25.86166667,87.43833333
22-04-2021 04:00,3,0.0,6.693333333,103.0575,651.119,72.01786667,124.8866667,24.555,92.18833333
22-04-2021 04:00,4,36.84,16.8,118.66335,578.73,74.2449,114.4066667,24.56666667,92.835
22-04-2021 04:00,5,16.685,7.988333333,141.336,304.645,71.7042,141.9166667,24.54666667,94.00666667
22-04-2021 04:00,6,15.85166667,9.158333333,113.6249833,852.433,134.4375333,180.3433333,25.33,92.58666667
22-04-2021 05:00,1,20.025,8.683333333,135.2834167,674.803,164.9886667,120.9566667,23.775,96.42833333
22-04-2021 05:00,2,34.34666667,11.3,143.8224667,0.0,91.21426667,251.0833333,25.62166667,88.82
22-04-2021 05:00,3,0.0,7.59,120.8553667,1024.715,97.3935,173.3566667,24.82666667,91.55166667
22-04-2021 05:00,4,55.445,25.49166667,115.7842833,770.303,83.68626667,148.4666667,24.645,92.81333333
22-04-2021 05:00,5,18.10666667,8.791666667,134.8908167,586.561,85.03503333,175.54,24.84833333,93.16666667
22-04-2021 05:00,6,20.88833333,11.28833333,111.8255667,1684.047,147.3606,339.7266667,25.51833333,91.76833333
22-04-2021 07:00,1,43.085,17.67666667,136.3957833,1642.218,183.5577333,279.03,24.235,94.38
22-04-2021 07:00,2,41.57166667,16.14666667,135.54515,0.0,86.9484,342.7833333,25.43166667,88.67
22-04-2021 07:00,3,0.0,20.14333333,91.77025,2651.271,82.30613333,518.3233333,26.83666667,84.63666667
22-04-2021 07:00,4,60.465,26.56166667,118.8923667,1817.365,97.73853333,320.5133333,25.5,89.49666667
22-04-2021 07:00,5,25.765,12.29666667,150.6929667,3401.71,100.4047,650.6333333,25.64833333,88.68333333
22-04-2021 07:00,6,43.19666667,17.88833333,119.8738667,5093.015,159.3426667,288.6366667,25.92166667,88.20166667
22-04-2021 08:00,1,76.38666667,27.01833333,147.9774833,1754.335,180.3897,295.1866667,25.14666667,89.82
22-04-2021 08:00,2,56.54833333,27.78833333,128.3802,0.0,70.44953333,496.9266667,27.66666667,80.36666667
22-04-2021 08:00,3,0.0,35.655,67.29818333,2666.742,52.25686667,529.6766667,27.95333333,80.41
22-04-2021 08:00,4,93.22,38.33166667,130.3432,2512.414,83.5608,467.2333333,26.3,85.05
22-04-2021 08:00,5,40.54833333,17.73833333,191.49065,4742.912,95.5115,435.7933333,26.85833333,84.01333333
22-04-2021 08:00,6,68.65833333,27.385,159.5919,6864.731,183.0558667,418.3266667,27.33666667,83.94166667
22-04-2021 09:00,1,90.975,32.97666667,167.6402,1605.355,179.2918667,276.8466667,26.89,85.31166667
22-04-2021 09:00,2,72.14333333,39.02833333,167.4439,0.0,52.28823333,637.5333333,30.14,72.02333333
22-04-2021 09:00,3,0.0,62.37833333,140.6162333,3138.894,70.16723333,621.3766667,29.225,77.23833333
22-04-2021 09:00,4,130.5466667,51.90666667,170.09395,2750.209,86.69746667,470.29,28.27666667,77.62166667
22-04-2021 09:00,5,90.295,37.42333333,236.3124833,4824.66,92.65713333,458.0633333,28.82666667,77.59333333
22-04-2021 09:00,6,110.9316667,43.43666667,205.9514167,5850.521,146.9842,355.01,29.04333333,77.21666667
22-04-2021 10:00,1,113.0363636,42.03181818,200.6721364,1812.242727,144.9995455,252.4727273,27.06818182,84.23636364
22-04-2021 10:00,2,58.93833333,28.73,157.4980333,0.0,45.32483333,377.28,30.505,71.95666667
22-04-2021 10:00,3,0.0,52.52666667,120.82265,2373.175,43.78786667,534.9166667,30.405,74.31333333
22-04-2021 10:00,4,98.45,39.46333333,142.9064,1656.161,60.7886,324.0066667,29.45,74.04666667
22-04-2021 10:00,5,70.91333333,29.12166667,194.9913333,2294.865,76.37783333,503.04,29.13,75.94333333
22-04-2021 10:00,6,95.43166667,37.91666667,189.4949333,3613.529,114.3628667,361.1233333,30.06,74.19833333
22-04-2021 11:00,1,87.88205128,32.72820513,170.328,1103.686154,37.1574359,182.7282051,31.38205128,70.42051282
22-04-2021 11:00,2,51.60833333,23.27333333,202.87605,0.0,59.7535,296.06,29.83166667,73.855
22-04-2021 11:00,3,0.0,62.345,176.7027167,2450.721,85.4428,482.9533333,28.90333333,77.37333333
22-04-2021 11:00,4,99.84333333,37.4,167.4439,1013.446,49.84163333,217.46,30.67,70.91833333
22-04-2021 11:00,5,47.62833333,21.03333333,171.46805,1380.357,57.05596667,382.0833333,29.92,72.86833333
22-04-2021 11:00,6,61.7137931,24.91034483,156.3631034,2302.076897,103.9967241,577.7551724,30.30517241,73.01034483
22-04-2021 12:00,1,52.77647059,22.21960784,166.3546275,917.6988235,66.7187451,163.3647059,31.79215686,69.34705882
22-04-2021 12:00,2,44.55166667,18.84166667,190.5745833,0.0,81.23966667,251.52,29.41166667,77.075
22-04-2021 12:00,3,0.0,39.25666667,163.3216,1663.801,72.01786667,372.4766667,30.24666667,75.45
22-04-2021 12:00,4,66.225,27.49166667,144.4440833,846.703,25.94023333,235.8,31.48833333,68.81166667
22-04-2021 12:00,5,40.83333333,18.405,168.71985,1667.812,54.73483333,433.1733333,30.64166667,70.77
22-04-2021 12:00,6,42.385,18.26,163.1907333,2143.02,128.4778667,531.4233333,29.55,77.78833333
22-04-2021 13:00,1,54.84651163,22.59302326,211.6844419,1016.74186,82.72046512,135.8744186,32.05581395,67.85116279
22-04-2021 13:00,2,42.76603774,17.03207547,109.1872453,0.0,30.0054717,307.9735849,31.98679245,67.16792453
22-04-2021 13:00,3,0.0,25.58833333,108.5211833,1248.567,26.78713333,387.76,32.03,69.38333333
22-04-2021 13:00,4,47.14666667,18.85666667,120.6590667,1024.906,19.0082,306.54,32.605,63.695
22-04-2021 13:00,5,31.12333333,13.97833333,113.7885667,1478.722,30.89616667,489.5033333,32.04166667,64.06
22-04-2021 13:00,6,36.20166667,15.09666667,103.54825,1618.152,63.76843333,490.3766667,31.73166667,68.04333333
22-04-2021 14:00,1,41.085,17.02333333,158.7739833,1091.374,54.45253333,217.0233333,33.48666667,60.72333333
22-04-2021 14:00,2,44.57333333,18.04333333,79.59965,0.0,7.088866667,385.14,33.53833333,61.21666667
22-04-2021 14:00,3,0.0,28.6,67.23275,968.179,2.854366667,384.7033333,32.82166667,65.57666667
22-04-2021 14:00,4,35.02833333,15.39833333,93.73325,935.518,10.10006667,338.8533333,33.04333333,60.86666667
22-04-2021 14:00,5,35.675,15.72333333,129.65615,1405.378,37.85956667,480.3333333,32.885,60.82333333
22-04-2021 14:00,6,40.03333333,17.90666667,79.17433333,816.907,12.6094,381.6466667,33.135,61.33166667
22-04-2021 15:00,1,43.96166667,17.695,205.82055,1345.213,120.8557667,246.7166667,32.27833333,65.08666667
22-04-2021 15:00,2,57.98,28.435,128.1184667,0.0,28.63776667,335.36,32.475,64.07666667
22-04-2021 15:00,3,0.0,33.37,89.80725,1058.14,13.4563,354.1366667,32.45833333,64.56166667
22-04-2021 15:00,4,103.7383333,29.02833333,135.2179833,976.583,33.7819,311.78,32.99,63.08166667
22-04-2021 15:00,5,60.16037736,21.60754717,158.9659623,1845.492453,57.31222642,534.3811321,32.51509434,63.56415094
22-04-2021 15:00,6,70.39833333,28.60666667,144.9021167,1123.844,71.10823333,384.2666667,32.12166667,65.79666667
22-04-2021 16:00,1,61.81525424,24.52881356,197.364678,1425.31322,116.1417288,268.2169492,32.52542373,65.61864407
22-04-2021 16:00,2,43.95517241,17.53965517,94.224,0.0,37.25062069,356.862069,31.12241379,66.59827586
22-04-2021 16:00,3,0.0,29.23833333,119.7757167,969.707,53.88793333,286.89,30.94666667,68.735
22-04-2021 16:00,4,111.035,35.88833333,150.9874167,1502.406,55.9895,393.0,32.67833333,64.455
22-04-2021 16:00,5,62.88166667,26.535,162.5364,2296.202,57.08733333,613.5166667,32.135,64.53333333
22-04-2021 16:00,6,58.17333333,24.43666667,138.09705,1272.251,94.5705,393.8733333,31.43833333,66.255
22-04-2021 17:00,1,65.45666667,25.71833333,219.0708,1885.17,189.2978333,333.1766667,29.55333333,78.50333333
22-04-2021 17:00,2,48.835,19.635,154.6844,0.0,87.45026667,355.4466667,29.05666667,76.23333333
22-04-2021 17:00,3,0.0,25.68333333,112.5453333,1340.438,72.30016667,345.4033333,29.35833333,74.56
22-04-2021 17:00,4,47.21333333,18.38,93.37336667,1846.779,51.62953333,502.1666667,31.35666667,65.01666667
22-04-2021 17:00,5,39.69,17.27333333,133.8438833,2858.888,80.20456667,613.5166667,30.74833333,68.99333333
22-04-2021 17:00,6,45.21333333,18.21833333,119.4812667,1752.234,124.6825,498.6733333,30.33166667,70.96
22-04-2021 18:00,1,34.69074074,15.45740741,233.851463,1848.667778,276.654,301.7851852,26.16296296,94.27592593
22-04-2021 18:00,2,45.79333333,18.53833333,151.0855667,0.0,97.2053,368.9833333,28.125,80.79
22-04-2021 18:00,3,0.0,24.535,121.706,1427.916,90.46146667,352.8266667,27.95833333,81.70833333
22-04-2021 18:00,4,58.05666667,24.185,118.66335,2263.35,89.64593333,544.0866667,29.30333333,77.14833333
22-04-2021 18:00,5,48.51333333,17.34666667,142.4810833,2039.307,91.5593,534.48,29.00833333,76.65166667
22-04-2021 18:00,6,40.67666667,17.53833333,117.09295,1310.451,135.0648667,390.38,28.855,78.09333333
22-04-2021 19:00,1,34.90363636,15.40363636,184.7004545,2547.037091,252.4617455,450.1636364,26.4,95.56
22-04-2021 19:00,2,44.51333333,17.87666667,121.0843833,0.0,85.78783333,321.3866667,28.01,79.545
22-04-2021 19:00,3,0.0,21.63666667,125.2394,1329.742,101.3770667,305.6666667,26.88666667,87.975
22-04-2021 19:00,4,48.72,20.61166667,102.95935,2002.826,90.02233333,465.9233333,28.8,76.98833333
22-04-2021 19:00,5,30.00833333,13.89666667,122.6220667,1768.469,83.68626667,476.84,28.69666667,76.08333333
22-04-2021 19:00,6,36.08833333,15.57,106.002,1625.983,135.504,424.8766667,28.38333333,78.75833333
22-04-2021 20:00,1,54.65666667,22.09333333,148.0102,2837.687,214.4852667,511.3366667,26.51666667,94.225
22-04-2021 20:00,2,53.00166667,24.44666667,103.7118333,0.0,81.1142,311.78,27.90333333,80.895
22-04-2021 20:00,3,0.0,36.68,97.72468333,1400.221,91.81023333,306.1033333,27.50166667,84.41666667
22-04-2021 20:00,4,67.59333333,28.13,96.9722,2094.506,94.1941,474.6566667,28.53166667,79.05833333
22-04-2021 20:00,5,36.85,17.14,106.6563333,2343.761,84.69,571.5966667,29.06333333,75.445
22-04-2021 20:00,6,50.015,21.20833333,97.26665,1881.923,137.6055667,473.3466667,28.37166667,78.95666667
22-04-2021 21:00,1,73.22666667,29.56833333,115.5879833,1787.951,169.5054667,360.25,26.48666667,93.35333333
22-04-2021 21:00,2,57.61166667,28.45833333,99.81855,0.0,76.94243333,286.4533333,27.68666667,82.63166667
22-04-2021 21:00,3,0.0,31.9637931,87.59041379,1110.434483,85.7607931,261.0965517,27.34482759,85.43448276
22-04-2021 21:00,4,87.55333333,36.15833333,88.89118333,1351.516,83.90583333,352.39,28.08,81.63666667
22-04-2021 21:00,5,50.46333333,22.32166667,99.1315,1651.195,80.2673,467.67,28.65333333,78.91
22-04-2021 21:00,6,57.505,23.98333333,94.74746667,1111.429,131.2381333,330.5566667,27.77166667,83.04666667
22-04-2021 22:00,1,67.23833333,27.29333333,105.5439667,1457.903,152.2851667,297.37,26.35333333,92.86166667
22-04-2021 22:00,2,44.94166667,19.09833333,91.21406667,0.0,61.51003333,240.6033333,27.48333333,79.66
22-04-2021 22:00,3,0.0,18.46666667,59.51161667,770.876,55.92676667,186.4566667,27.27166667,80.14
22-04-2021 22:00,4,68.45833333,29.60833333,80.483,918.328,68.56753333,268.1133333,27.85833333,79.87333333
22-04-2021 22:00,5,39.33333333,18.33333333,89.34921667,1077.049,66.77963333,360.6866667,28.34,78.62666667
22-04-2021 22:00,6,44.64,18.78666667,87.5498,1041.905,114.0178333,286.4533333,27.565,80.56833333
22-04-2021 23:00,1,75.75666667,29.93833333,115.9478667,1563.335,182.5853667,309.5966667,26.25,94.51666667
22-04-2021 23:00,2,44.90666667,19.09166667,92.98076667,0.0,64.67806667,225.32,27.60333333,77.25
22-04-2021 23:00,3,0.0,20.62833333,79.53421667,853.961,73.4921,202.1766667,27.11166667,80.045
22-04-2021 23:00,4,68.76166667,29.54833333,81.79166667,1118.114,74.6213,282.96,27.81333333,79.49
22-04-2021 23:00,5,29.52666667,13.98666667,91.93383333,791.122,61.38456667,282.96,28.11666667,74.68333333
22-04-2021 23:00,6,36.02166667,15.22666667,83.0349,886.049,112.8886333,244.5333333,27.76666667,77.25166667
23-04-2021 00:00,1,82.60666667,33.46833333,115.71885,1500.114,186.2552667,298.2433333,26.14166667,95.15333333
23-04-2021 00:00,2,47.83,20.23833333,104.5951833,0.0,83.34123333,248.0266667,27.21666667,81.695
23-04-2021 00:00,3,0.0,15.65833333,86.11026667,940.866,82.18066667,211.7833333,27.43,80.35166667
23-04-2021 00:00,4,75.57666667,32.62,86.79731667,1023.187,84.43906667,262.0,27.49833333,83.27833333
23-04-2021 00:00,5,42.18666667,19.34666667,105.5766833,922.912,78.73033333,305.6666667,27.68666667,78.90833333
23-04-2021 00:00,6,39.63666667,15.93666667,84.08183333,920.62,122.5182,248.4633333,27.72166667,78.40166667
23-04-2021 01:00,1,119.9516667,49.02666667,114.6064833,1473.947,181.8325667,296.9333333,25.795,95.70666667
23-04-2021 01:00,2,52.85166667,24.95,95.33636667,0.0,78.2912,233.6166667,26.75666667,84.305
23-04-2021 01:00,3,0.0,84.72833333,62.4234,1029.681,73.17843333,230.9966667,27.05666667,81.91666667
23-04-2021 01:00,4,98.12166667,41.83,94.12585,988.998,99.11866667,247.1533333,27.25,86.085
23-04-2021 01:00,5,46.36666667,20.95,98.47716667,1686.53,86.13286667,482.5166667,27.83833333,78.76333333
23-04-2021 01:00,6,49.23666667,20.59,76.58971667,895.026,121.2008,247.1533333,27.45666667,79.7
23-04-2021 02:00,1,112.2783333,44.80333333,108.0304333,1451.218,172.0148,303.0466667,25.595,95.84166667
23-04-2021 02:00,2,63.08333333,33.93333333,103.2865167,0.0,89.42636667,278.1566667,26.57666667,84.11833333
23-04-2021 02:00,3,0.0,69.22833333,54.93128333,874.398,60.0358,221.39,27.38833333,80.53333333
23-04-2021 02:00,4,115.7633333,48.69,86.92818333,1135.495,94.5705,277.2833333,27.03333333,87.52333333
23-04-2021 02:00,5,73.42166667,32.35,85.06333333,1078.004,80.23593333,353.2633333,27.535,78.99333333
23-04-2021 02:00,6,112.29,47.25666667,80.15583333,876.117,136.5391,241.04,26.85666667,83.915
23-04-2021 03:00,1,100.6566667,39.69333333,98.08456667,1314.653,155.2963667,299.5533333,25.33333333,96.52666667
23-04-2021 03:00,2,73.59,42.24,95.10735,0.0,80.01636667,248.4633333,25.98833333,86.31
23-04-2021 03:00,3,0.0,83.03,68.5087,917.373,69.19486667,211.7833333,26.025,84.69666667
23-04-2021 03:00,4,166.5733333,70.29333333,86.04483333,1693.406,93.56676667,421.3833333,26.53666667,90.965
23-04-2021 03:00,5,84.57666667,37.29166667,91.44308333,1942.47,89.70866667,590.3733333,27.31666667,80.65833333
23-04-2021 03:00,6,92.84,40.29,75.60821667,773.168,120.448,226.63,26.85666667,81.85166667
23-04-2021 04:00,1,76.285,31.99666667,97.39751667,1163.954,151.1873333,246.7166667,25.465,95.835
23-04-2021 04:00,2,49.54833333,23.895,94.94376667,0.0,77.00516667,199.12,26.045,85.81
23-04-2021 04:00,3,0.0,45.055,66.18581667,850.332,70.63773333,195.19,26.12166667,85.16
23-04-2021 04:00,4,180.0366667,74.05333333,76.19711667,3221.788,84.2195,515.7033333,26.455,89.585
23-04-2021 04:00,5,49.09833333,22.58833333,87.12448333,1215.906,79.10673333,412.2133333,26.93166667,81.02333333
23-04-2021 04:00,6,68.12166667,30.27333333,86.86275,801.436,128.8542667,216.15,26.40333333,84.20666667
23-04-2021 05:00,1,87.26666667,36.78666667,93.2425,1197.761,146.8273667,249.7733333,25.42166667,96.25666667
23-04-2021 05:00,2,46.455,20.645,93.27521667,0.0,78.16573333,252.3933333,26.365,84.03166667
23-04-2021 05:00,3,0.0,69.69166667,54.70226667,1177.324,69.85356667,250.21,26.03166667,85.58166667
23-04-2021 05:00,4,194.0283333,79.74166667,75.28105,2811.329,82.46296667,462.8666667,26.18166667,89.815
23-04-2021 05:00,5,47.695,22.165,99.58953333,1357.246,83.8431,381.21,27.05833333,80.37333333
23-04-2021 05:00,6,54.72833333,21.26666667,87.48436667,1911.528,137.8251333,432.7366667,26.64833333,83.18
23-04-2021 06:00,1,106.1683333,43.48833333,92.39186667,1529.91,152.1597,304.7933333,25.89166667,94.7
23-04-2021 06:00,2,50.885,24.43833333,80.8756,0.0,68.15976667,330.9933333,28.42333333,75.55333333
23-04-2021 06:00,3,0.0,27.225,74.92116667,1215.524,70.575,264.1833333,27.02166667,81.065
23-04-2021 06:00,4,159.8183333,61.40666667,71.2569,2347.772,74.30763333,458.9366667,27.08333333,83.73166667
23-04-2021 06:00,5,45.385,21.11833333,107.6378333,3452.898,87.85803333,695.61,27.485,78.52333333
23-04-2021 06:00,6,45.66666667,20.62666667,90.52701667,1726.64,120.9498667,389.07,26.975,80.58
23-04-2021 07:00,1,113.4416667,47.21333333,118.9250833,2143.02,150.0267667,366.8,27.45166667,86.12833333
23-04-2021 07:00,2,43.78666667,17.52833333,50.87441667,0.0,34.37786667,346.2766667,29.37,71.60666667
23-04-2021 07:00,3,0.0,31.61,68.37783333,1410.535,56.33453333,310.9066667,27.81,78.61666667
23-04-2021 07:00,4,61.51,26.21666667,79.14161667,1878.103,48.33603333,432.3,28.63,75.43166667
23-04-2021 07:00,5,35.13666667,16.75,112.3163167,2555.58,71.2337,589.9366667,28.57333333,74.23833333
23-04-2021 07:00,6,53.46666667,22.84,108.3903167,2760.141,118.5032667,595.6133333,27.97,77.12166667
23-04-2021 08:00,1,115.4016667,48.71333333,158.9375667,2297.921,152.8184,381.6466667,28.68333333,81.275
23-04-2021 08:00,2,41.655,15.57833333,41.64831667,0.0,16.68706667,324.0066667,31.025,65.37333333
23-04-2021 08:00,3,0.0,20.16333333,71.35505,939.529,53.76246667,238.8566667,28.75833333,75.38
23-04-2021 08:00,4,88.42,31.4,98.80433333,2072.541,36.00893333,480.77,30.21333333,69.74666667
23-04-2021 08:00,5,42.32333333,18.975,111.3348167,2458.934,62.04326667,611.77,30.135,68.12
23-04-2021 08:00,6,52.35,22.015,113.2651,1903.888,101.7221,438.85,28.61666667,74.71166667
23-04-2021 09:00,1,88.86166667,37.28666667,178.4039833,2199.365,98.93046667,364.6166667,30.17,74.575
23-04-2021 09:00,2,40.56166667,14.94333333,74.23411667,0.0,28.95143333,300.8633333,31.36666667,65.42
23-04-2021 09:00,3,0.0,26.14833333,58.1048,879.555,36.47943333,270.7333333,31.23166667,69.37833333
23-04-2021 09:00,4,86.275,22.51,73.25261667,1177.706,11.35473333,389.5066667,32.11666667,62.12166667
23-04-2021 09:00,5,37.68,15.74909091,73.84449091,1653.573818,32.78101818,553.0581818,31.91090909,62.40545455
23-04-2021 09:00,6,42.57,16.67666667,106.1983,1099.587,92.8767,298.68,29.965,70.075
23-04-2021 10:00,1,142.1216667,57.84166667,223.782,1855.565,84.2195,279.9033333,32.10166667,70.115
23-04-2021 10:00,2,41.00566038,15.0,97.26109434,0.0,13.77766038,309.4566038,32.96415094,60.70188679
23-04-2021 10:00,3,0.0,14.92166667,35.30128333,592.1,9.535466667,259.38,32.78,62.675
23-04-2021 10:00,4,46.60833333,19.31,89.25106667,847.658,10.1628,336.2333333,32.72,60.24666667
23-04-2021 10:00,5,37.30344828,14.89310345,61.19144828,1727.891379,5.483758621,664.4862069,33.94482759,56.27068966
23-04-2021 10:00,6,32.99,14.29,100.5383167,851.669,76.84833333,262.4366667,31.12166667,65.23166667
23-04-2021 11:00,1,75.34333333,31.165,187.0739,1366.987,47.36366667,234.9266667,32.90666667,63.01666667
23-04-2021 11:00,2,35.13833333,11.28166667,84.24541667,0.0,20.20013333,294.75,33.29833333,59.22666667
23-04-2021 11:00,3,0.0,14.49666667,59.4789,675.567,24.2778,263.7466667,32.00666667,66.78333333
23-04-2021 11:00,4,82.8,20.77166667,88.00783333,787.302,14.7737,336.67,33.46666667,58.045
23-04-2021 11:00,5,41.94333333,18.10666667,197.8704,2362.67,61.41593333,643.21,33.11833333,60.01333333
23-04-2021 11:00,6,34.90862069,14.39137931,107.5250172,874.3189655,74.43634483,279.1655172,31.92586207,64.06551724
23-04-2021 12:00,1,46.09,18.925,172.0896667,1079.341,89.74003333,241.9133333,32.57166667,64.455
23-04-2021 12:00,2,36.53833333,12.89,80.51571667,0.0,15.40103333,312.2166667,33.61,58.555
23-04-2021 12:00,3,0.0,12.595,38.21306667,614.447,13.39356667,297.37,33.52333333,61.295
23-04-2021 12:00,4,33.83666667,14.76666667,87.18991667,562.686,23.525,303.92,33.88,58.14333333
23-04-2021 12:00,5,24.375,12.11833333,122.39305,1366.223,38.3928,523.5633333,33.965,55.97
23-04-2021 12:00,6,23.58,11.57166667,54.53868333,628.39,35.25613333,306.1033333,33.69333333,57.69166667
23-04-2021 13:00,1,52.38166667,19.73,160.7369833,986.324,97.36213333,247.1533333,32.08166667,67.65333333
23-04-2021 13:00,2,34.32166667,10.73166667,78.25826667,0.0,14.83643333,318.7666667,33.99666667,56.69333333
23-04-2021 13:00,3,0.0,15.19333333,53.68805,706.509,16.81253333,303.0466667,33.34333333,60.43166667
23-04-2021 13:00,4,38.98833333,13.43833333,43.25143333,506.15,3.5758,360.25,34.58333333,54.72
23-04-2021 13:00,5,27.54833333,12.92666667,130.5395,1226.411,48.68106667,496.0533333,33.305,58.68
23-04-2021 13:00,6,31.34833333,12.75,67.29818333,590.19,42.21953333,318.7666667,32.83333333,60.63666667
23-04-2021 14:00,1,31.24,13.44666667,212.2003,906.295,199.8997667,193.0066667,27.67166667,87.18166667
23-04-2021 14:00,2,33.98666667,10.38333333,88.04055,0.0,17.75353333,322.6966667,33.82166667,56.67666667
23-04-2021 14:00,3,0.0,17.48833333,66.05495,780.426,27.22626667,280.7766667,32.52833333,61.51833333
23-04-2021 14:00,4,66.525,26.745,145.4255833,757.506,88.76766667,281.2133333,27.82666667,88.165
23-04-2021 14:00,5,21.96,10.51166667,204.8063333,1147.528,105.392,380.3366667,28.18166667,85.085
23-04-2021 14:00,6,28.18833333,12.31,104.7914833,1497.058,104.7019333,480.3333333,31.92166667,65.59166667
23-04-2021 15:00,1,29.61666667,13.205,196.4963,1223.164,219.8803333,207.8533333,26.42666667,91.38333333
23-04-2021 15:00,2,38.75833333,13.95833333,123.0473833,0.0,46.51676667,358.0666667,31.97666667,65.32666667
23-04-2021 15:00,3,0.0,19.43,110.8767833,1560.088,76.47193333,363.7433333,28.615,84.38833333
23-04-2021 15:00,4,61.35666667,27.38666667,176.3428333,1596.187,134.5316333,350.6433333,26.83666667,93.90833333
23-04-2021 15:00,5,19.115,9.876666667,208.96135,1994.613,123.4592,455.0066667,27.2,90.09166667
23-04-2021 15:00,6,32.58333333,15.87666667,148.6318167,2597.6,169.0349667,638.8433333,27.85166667,88.97
23-04-2021 17:00,1,39.84,14.64333333,153.8664833,1753.38,202.0954333,287.3266667,27.62166667,87.46
23-04-2021 17:00,2,32.57,10.16333333,204.9044833,0.0,109.9088,223.1366667,25.86666667,91.675
23-04-2021 17:00,3,0.0,13.675,126.9406667,1508.327,96.20156667,292.5666667,25.90333333,93.48333333
23-04-2021 17:00,4,34.68833333,14.87166667,120.03745,2962.41,90.21053333,599.1066667,26.25333333,96.10666667
23-04-2021 17:00,5,19.67,9.461666667,150.0059167,5324.316,101.7221,455.0066667,27.47,82.68166667
23-04-2021 17:00,6,22.01166667,10.81166667,137.7371667,2105.966,139.8012333,457.19,26.79166667,85.61
23-04-2021 18:00,1,31.77166667,14.075,153.40845,2652.99,207.1454667,457.6266667,26.725,89.12166667
23-04-2021 18:00,2,35.005,11.445,145.16385,0.0,94.16273333,326.19,27.24333333,84.5
23-04-2021 18:00,3,0.0,21.335,108.3248833,1564.099,95.35466667,331.8666667,26.52666667,92.21
23-04-2021 18:00,4,45.23333333,20.38333333,111.0403667,3060.202,100.7183667,616.1366667,26.395,95.71333333
23-04-2021 18:00,5,31.86333333,11.385,110.6477667,2522.346,84.5018,607.4033333,27.88,83.33333333
23-04-2021 18:00,6,24.55,12.35833333,97.1685,1777.064,120.6048333,428.37,27.89,83.72666667
23-04-2021 19:00,1,30.79,13.755,125.8610167,1530.674,195.0693,291.2566667,26.44,91.70666667
23-04-2021 19:00,2,37.60833333,12.66,131.0956833,0.0,89.26953333,347.5866667,26.92833333,86.97333333
23-04-2021 19:00,3,0.0,22.12166667,97.98641667,1195.469,91.277,257.1966667,26.45833333,91.11333333
23-04-2021 19:00,4,43.885,19.37833333,94.74746667,2589.769,95.041,529.24,26.9,89.50833333
23-04-2021 19:00,5,35.73166667,11.76166667,102.4686,1857.666,82.1493,476.4033333,27.15166667,86.045
23-04-2021 19:00,6,29.36666667,12.965,82.31513333,1812.972,117.4995333,428.37,27.475,84.54833333
23-04-2021 20:00,1,38.025,16.54166667,133.6148667,2003.59,203.6010333,364.6166667,25.69833333,96.62333333
23-04-2021 20:00,2,36.91166667,13.25166667,127.7585833,0.0,91.99843333,268.1133333,26.56,91.45666667
23-04-2021 20:00,3,0.0,25.65,92.78446667,1455.42,92.93943333,309.5966667,26.71166667,90.73
23-04-2021 20:00,4,49.10166667,21.80333333,94.48573333,2310.336,94.3823,482.08,26.67833333,91.51333333
23-04-2021 20:00,5,23.12666667,10.36833333,114.0830167,2083.619,92.06116667,499.5466667,26.975,89.625
23-04-2021 20:00,6,30.075,14.735,91.93383333,1690.732,128.7601667,397.8033333,26.89666667,89.90833333
23-04-2021 21:00,1,35.47666667,15.37833333,122.7202167,2023.072,192.5599667,365.0533333,25.86,96.08333333
23-04-2021 21:00,2,35.92,12.34833333,112.4471833,0.0,82.4316,260.69,26.90833333,89.97666667
23-04-2021 21:00,3,0.0,23.52241379,87.21812069,1253.486897,87.22096552,249.3517241,26.33965517,92.19137931
23-04-2021 21:00,4,44.62833333,20.41833333,87.41893333,1661.318,84.69,385.14,26.92,90.765
23-04-2021 21:00,5,23.59833333,10.93666667,99.19693333,1898.349,86.13286667,481.2066667,27.23833333,88.52
23-04-2021 21:00,6,28.46333333,14.32166667,86.43743333,1402.131,124.4629333,344.9666667,27.245,88.84333333
23-04-2021 22:00,1,30.58666667,13.55,105.3476667,2089.158,175.1514667,388.6333333,25.91833333,96.10666667
23-04-2021 22:00,2,41.64333333,14.76,114.1811667,0.0,88.70493333,256.3233333,27.09,89.70166667
23-04-2021 22:00,3,0.0,36.27166667,68.9013,1183.818,80.20456667,258.07,27.08833333,90.05333333
23-04-2021 22:00,4,47.2,21.025,83.10033333,1405.187,83.8431,332.3033333,27.00333333,90.7
23-04-2021 22:00,5,25.77166667,10.70333333,93.6351,1777.828,83.05893333,447.1466667,27.34666667,88.46166667
23-04-2021 22:00,6,25.77,12.39,81.0719,1102.643,121.8908667,283.8333333,27.32833333,88.78666667
23-04-2021 23:00,1,40.27166667,17.255,107.7032667,1993.467,178.2881333,364.18,26.21333333,94.03666667
23-04-2021 23:00,2,41.67,14.83,104.6279,0.0,82.9962,274.6633333,27.25,88.8
23-04-2021 23:00,3,0.0,32.64833333,42.04091667,911.261,60.72586667,224.8833333,28.21666667,85.39833333
23-04-2021 23:00,4,67.145,28.165,83.72195,1266.521,89.5832,301.3,26.84833333,92.04333333
23-04-2021 23:00,5,26.575,11.12666667,90.85418333,2034.914,83.49806667,492.9966667,27.395,88.75833333
23-04-2021 23:00,6,36.66333333,15.09,74.43041667,1518.068,118.3778,363.7433333,27.27166667,89.21166667
24-04-2021 00:00,1,58.59666667,20.97833333,103.2210833,1779.165,175.9356333,342.7833333,25.98,96.315
24-04-2021 00:00,2,41.26333333,15.09666667,99.88398333,0.0,80.4555,276.41,27.28666667,88.49333333
24-04-2021 00:00,3,0.0,30.99833333,35.85746667,912.598,56.89913333,217.0233333,27.80333333,86.75166667
24-04-2021 00:00,4,83.75833333,35.25333333,82.34785,1369.661,91.40246667,315.2733333,26.79666667,92.48666667
24-04-2021 00:00,5,26.855,11.57166667,88.46586667,1714.416,80.6437,444.9633333,27.25666667,88.98166667
24-04-2021 00:00,6,48.89166667,17.07833333,73.28533333,1880.586,118.4719,428.8066667,27.19,89.415
24-04-2021 01:00,1,93.41333333,29.78,97.07035,1255.825,166.9334,266.3666667,25.825,96.32333333
24-04-2021 01:00,2,45.57833333,16.09166667,106.3291667,0.0,83.87446667,258.9433333,26.96666667,90.72833333
24-04-2021 01:00,3,0.0,30.85166667,71.0606,1113.912,81.9611,262.0,27.95666667,85.43166667
24-04-2021 01:00,4,121.1666667,45.05166667,85.5868,1287.531,93.09626667,304.7933333,26.61333333,93.12333333
24-04-2021 01:00,5,29.67333333,12.32666667,93.8314,1103.789,84.56453333,340.1633333,27.16,89.51
24-04-2021 01:00,6,44.675,16.125,70.30811667,1315.799,115.1156667,343.22,27.17166667,89.08333333
24-04-2021 02:00,1,91.87166667,30.92833333,95.23821667,1219.153,165.0827667,278.5933333,25.53833333,96.88666667
24-04-2021 02:00,2,40.82833333,14.45333333,105.0859333,0.0,82.65116667,236.6733333,26.84333333,91.03833333
24-04-2021 02:00,3,0.0,26.07,87.48436667,1304.339,92.15526667,279.9033333,26.775,90.39833333
24-04-2021 02:00,4,141.925,52.105,79.92681667,890.824,89.55183333,237.11,26.53333333,93.09666667
24-04-2021 02:00,5,37.66333333,14.33,96.9722,1067.117,88.0776,360.6866667,26.90666667,90.705
24-04-2021 02:00,6,43.73,17.615,81.10461667,1060.241,132.1477667,274.6633333,27.26333333,89.50166667
24-04-2021 03:00,1,89.105,31.24,91.34493333,1114.676,161.9147333,252.83,25.49833333,96.83
24-04-2021 03:00,2,38.53833333,13.72666667,105.9365667,0.0,76.6915,235.8,26.44666667,91.41333333
24-04-2021 03:00,3,0.0,18.26833333,80.25398333,868.668,84.9723,205.2333333,26.67666667,90.15666667
24-04-2021 03:00,4,84.74666667,34.015,77.04775,795.515,87.26206667,215.7133333,26.51333333,93.39166667
24-04-2021 03:00,5,24.945,11.28666667,79.66508333,727.901,71.2337,319.64,26.77166667,90.79666667
24-04-2021 03:00,6,30.25833333,13.56,68.86858333,620.368,108.7796,197.3733333,26.96166667,89.86
24-04-2021 04:00,1,71.74833333,26.76166667,88.76031667,1001.031,158.5585,220.5166667,25.78166667,96.29833333
24-04-2021 04:00,2,40.23,14.91166667,103.7118333,0.0,76.0328,242.7866667,26.335,92.43833333
24-04-2021 04:00,3,0.0,13.835,70.43898333,819.199,76.44056667,202.1766667,26.62,89.81166667
24-04-2021 04:00,4,58.685,23.88333333,69.06488333,605.088,76.62876667,181.2166667,26.545,92.69833333
24-04-2021 04:00,5,24.57,11.58666667,75.15018333,670.219,67.1874,297.37,26.72666667,91.41666667
24-04-2021 04:00,6,29.64333333,14.06833333,67.69078333,586.561,104.6392,186.02,26.845,90.25
24-04-2021 05:00,1,67.25,25.635,86.9609,1074.375,156.3628333,223.5733333,25.89,95.96166667
24-04-2021 05:00,2,40.97333333,15.54833333,103.2538,0.0,73.64893333,273.79,26.215,93.07833333
24-04-2021 05:00,3,0.0,16.50833333,69.39205,1104.362,75.12316667,249.7733333,26.465,90.84833333
24-04-2021 05:00,4,55.24166667,22.97333333,65.43333333,726.182,70.3868,194.3166667,26.625,91.975
24-04-2021 05:00,5,24.545,11.43833333,74.69215,769.539,68.19113333,299.99,26.68833333,90.955
24-04-2021 05:00,6,29.91166667,14.10833333,66.87286667,760.944,105.0156,213.9666667,26.72333333,90.43333333
24-04-2021 06:00,1,63.525,24.385,86.60101667,1260.218,152.7870333,263.31,26.38,94.15666667
24-04-2021 06:00,2,44.08833333,18.01333333,85.12876667,0.0,64.48986667,404.79,28.495,82.20666667
24-04-2021 06:00,3,0.0,15.935,65.07345,1471.464,67.6579,330.5566667,27.39333333,86.35
24-04-2021 06:00,4,52.10333333,21.37666667,66.44755,1230.804,68.8812,286.89,26.88833333,89.285
24-04-2021 06:00,5,23.91833333,11.42666667,71.74765,928.451,60.81996667,306.1033333,26.93,87.75
24-04-2021 06:00,6,30.86,13.98333333,68.93401667,1644.128,101.6593667,361.56,27.175,87.22666667
24-04-2021 07:00,1,49.23833333,20.47333333,68.63956667,1015.356,116.1507667,227.0666667,27.785,88.09833333
24-04-2021 07:00,2,41.72166667,16.08166667,47.112,0.0,28.5123,441.0333333,30.99333333,71.92833333
24-04-2021 07:00,3,0.0,17.07666667,54.14608333,1873.519,44.94843333,434.92,29.57333333,78.34833333
24-04-2021 07:00,4,64.14333333,25.67666667,72.2384,1207.693,70.92003333,291.2566667,28.48666667,83.78333333
24-04-2021 07:00,5,24.47,11.33166667,91.2795,1920.887,63.3293,469.4166667,28.00666667,83.685
24-04-2021 07:00,6,30.64333333,13.625,83.16576667,1967.682,92.6885,437.1033333,28.09666667,83.42166667
24-04-2021 08:00,1,36.01333333,15.56,63.73206667,783.1,84.9723,188.2033333,29.425,80.03833333
24-04-2021 08:00,2,37.52333333,12.7,40.30693333,0.0,11.13516667,413.5233333,31.445,69.24666667
24-04-2021 08:00,3,0.0,14.04666667,52.44481667,1308.159,27.5713,351.9533333,30.92666667,72.18333333
24-04-2021 08:00,4,49.86833333,20.34,60.95115,1036.366,42.9096,285.58,30.23666667,76.22
24-04-2021 08:00,5,27.56,12.27333333,51.49603333,1587.592,32.21356667,480.77,31.26,70.80166667
24-04-2021 08:00,6,37.23018868,14.23396226,92.74249057,2979.816226,91.93392453,659.9433962,29.6754717,77.00188679
24-04-2021 09:00,1,26.64,11.87,50.61268333,630.873,34.59743333,166.37,31.54166667,69.99666667
24-04-2021 09:00,2,36.58333333,12.07,52.15036667,0.0,8.6572,362.87,32.29833333,64.41666667
24-04-2021 09:00,3,0.0,13.41166667,48.64968333,917.755,20.35696667,290.3833333,31.81166667,67.29
24-04-2021 09:00,4,35.09666667,14.60666667,66.08766667,827.603,10.94696667,269.4233333,31.76666667,68.54
24-04-2021 09:00,5,32.58666667,13.06833333,8.6372,1593.704,1.5997,630.9833333,32.78,62.90166667
24-04-2021 09:00,6,30.00166667,12.75333333,77.99653333,1377.492,60.44356667,367.2366667,30.51833333,70.27
24-04-2021 10:00,1,27.77166667,12.06666667,74.62671667,640.614,22.83493333,163.3133333,32.53833333,64.78
24-04-2021 10:00,2,34.72,10.70833333,69.19575,0.0,9.064966667,327.0633333,33.185,59.00333333
24-04-2021 10:00,3,0.0,13.03,32.5858,697.15,3.513066667,281.65,33.25333333,59.65166667
24-04-2021 10:00,4,33.05333333,14.20333333,75.31376667,777.561,3.450333333,275.9733333,32.645,63.645
24-04-2021 10:00,5,37.35166667,13.44333333,57.67948333,1427.343,13.89543333,571.16,32.99,59.62333333
24-04-2021 10:00,6,30.27666667,12.44166667,82.80588333,1298.418,52.9783,355.4466667,31.41,64.955
24-04-2021 11:00,1,29.09,12.22333333,132.1753333,785.392,57.3069,155.89,32.105,64.13
24-04-2021 11:00,2,37.49166667,12.82333333,94.97648333,0.0,12.48393333,315.2733333,33.135,58.745
24-04-2021 11:00,3,0.0,15.57,46.85026667,673.466,3.324866667,285.1433333,33.42,58.545
24-04-2021 11:00,4,31.47833333,13.38,72.53285,887.386,7.088866667,318.7666667,33.22666667,59.88166667
24-04-2021 11:00,5,28.23666667,12.30833333,64.71356667,1263.274,14.4914,547.1433333,34.32166667,54.65166667
24-04-2021 11:00,6,34.10517241,13.2362069,87.82732759,1677.704483,53.70189655,441.3344828,32.51896552,60.12758621
24-04-2021 12:00,1,31.48833333,13.58,149.9732,957.865,49.55933333,195.19,33.54,59.44666667
24-04-2021 12:00,2,38.46166667,13.75,114.5737667,0.0,24.21506667,300.4266667,33.465,57.48666667
24-04-2021 12:00,3,0.0,16.73166667,58.56283333,791.122,16.2793,296.4966667,32.905,60.76
24-04-2021 12:00,4,31.2,13.835,94.48573333,858.545,14.89916667,282.96,32.62333333,60.66166667
24-04-2021 12:00,5,30.21333333,13.835,162.1765167,1468.79,42.84686667,495.18,33.355,57.46
24-04-2021 12:00,6,34.93833333,15.36333333,85.75038333,1043.242,34.03283333,341.91,33.20333333,58.11666667
24-04-2021 13:00,1,32.08833333,13.53,152.7541167,785.583,73.398,179.47,32.91,61.35166667
24-04-2021 13:00,2,34.51166667,10.65833333,83.8201,0.0,10.03733333,335.36,34.46166667,51.97833333
24-04-2021 13:00,3,0.0,11.855,34.84325,690.847,8.970866667,314.8366667,33.83833333,57.4
24-04-2021 13:00,4,38.78333333,16.26666667,110.5823333,943.54,34.2524,283.8333333,32.97833333,60.58
24-04-2021 13:00,5,48.505,16.36166667,199.4735167,1433.646,64.23893333,436.6666667,33.16166667,58.86833333
24-04-2021 13:00,6,36.81666667,14.765,67.5272,1042.86,14.33456667,398.24,34.13333333,54.77666667
24-04-2021 14:00,1,30.195,12.94666667,125.3702667,824.165,81.45923333,233.6166667,34.225,58.71666667
24-04-2021 14:00,2,37.12666667,12.26833333,78.78173333,0.0,4.7991,417.4533333,35.675,49.22333333
24-04-2021 14:00,3,0.0,10.91833333,30.94996667,620.559,1.913366667,331.43,34.43166667,53.69833333
24-04-2021 14:00,4,36.92666667,15.4,98.08456667,823.592,22.8663,273.3533333,33.34166667,58.535
24-04-2021 14:00,5,36.42333333,14.44333333,181.1521833,1359.347,55.8954,431.4266667,33.655,56.32333333
24-04-2021 14:00,6,39.94833333,15.13333333,89.64366667,1075.521,25.53246667,390.38,34.04166667,54.595
24-04-2021 15:00,1,31.29,13.51,117.87815,772.404,47.45776667,223.5733333,33.37333333,59.24333333
24-04-2021 15:00,2,36.86333333,11.94166667,119.4812667,0.0,21.04703333,455.88,33.71166667,60.72
24-04-2021 15:00,3,0.0,13.14666667,46.94841667,798.38,7.496633333,372.9133333,34.01166667,56.60166667
24-04-2021 15:00,4,34.47333333,14.38833333,104.7587667,865.039,35.88346667,280.7766667,33.17333333,59.49
24-04-2021 15:00,5,33.735,12.50333333,185.40535,1054.702,65.55633333,404.3533333,33.31166667,60.915
24-04-2021 15:00,6,36.36333333,12.82666667,112.8397833,1183.818,70.26133333,424.0033333,33.02166667,61.32666667
24-04-2021 16:00,1,34.86,14.215,175.9502333,973.718,180.0760333,241.4766667,31.42666667,70.31333333
24-04-2021 16:00,2,35.46551724,11.22413793,176.1284828,0.0,74.76082759,370.8655172,32.27241379,67.69137931
24-04-2021 16:00,3,0.0,12.25333333,115.0645167,1264.229,55.7072,371.6033333,32.02833333,66.39166667
24-04-2021 16:00,4,30.64333333,12.585,106.5254667,971.044,49.99846667,314.8366667,32.495,65.775
24-04-2021 16:00,5,31.13,11.55333333,172.3186833,1137.787,76.15826667,423.13,32.16666667,66.81166667
24-04-2021 16:00,6,28.085,11.35333333,126.12275,1192.604,103.9491333,395.1833333,31.79833333,68.84833333
24-04-2021 17:00,1,34.45166667,13.95333333,169.6032,1404.423,199.8370333,275.9733333,30.47,73.95833333
24-04-2021 17:00,2,35.33833333,10.98,169.89765,0.0,76.75423333,384.7033333,30.82,74.285
24-04-2021 17:00,3,0.0,9.963333333,108.3576,1493.047,68.63026667,404.3533333,31.48333333,71.32833333
24-04-2021 17:00,4,30.785,12.54,106.1655833,1228.512,73.5862,336.67,30.74666667,74.44666667
24-04-2021 17:00,5,20.55666667,9.488333333,144.57495,1503.743,83.8431,461.9933333,30.71833333,74.37666667
24-04-2021 17:00,6,24.18,10.12333333,117.48555,1697.035,116.2448667,486.8833333,30.835,75.075
24-04-2021 18:00,1,25.84833333,11.54333333,149.6133167,1063.87,185.2201667,230.1233333,29.53166667,79.815
24-04-2021 18:00,2,38.995,13.91666667,151.2164333,0.0,70.16723333,329.6833333,29.66333333,73.07
24-04-2021 18:00,3,0.0,10.11166667,92.55545,1319.81,63.64296667,352.39,30.59,73.20833333
24-04-2021 18:00,4,27.11,11.66833333,102.6649,935.327,75.0918,254.14,29.76833333,78.90166667
24-04-2021 18:00,5,21.18166667,9.948333333,124.6177833,1119.451,74.84086667,373.7866667,30.01333333,77.225
24-04-2021 18:00,6,27.045,11.41833333,102.2723,1716.135,106.7094,455.0066667,30.11833333,77.13333333
24-04-2021 19:00,1,23.385,9.786666667,121.1498167,906.868,138.6093,179.0333333,28.52166667,78.16833333
24-04-2021 19:00,2,39.83666667,14.01833333,154.3572333,0.0,81.5847,263.31,27.915,79.05666667
24-04-2021 19:00,3,0.0,13.31666667,95.76168333,880.51,64.48986667,227.5033333,28.39333333,76.71
24-04-2021 19:00,4,31.89166667,13.68166667,89.44736667,1277.79,60.8827,290.3833333,28.55833333,76.645
24-04-2021 19:00,5,26.29166667,10.81,123.0146667,1173.695,66.9992,337.1066667,28.16666667,77.53333333
24-04-2021 19:00,6,28.62333333,12.14,101.4543833,1406.524,98.805,349.77,28.265,78.11166667
24-04-2021 20:00,1,33.01833333,13.82333333,125.14125,1152.876,160.0641,226.63,27.505,81.55666667
24-04-2021 20:00,2,41.1877193,14.98596491,137.4788772,0.0,90.56712281,299.6912281,27.54561404,84.35789474
24-04-2021 20:00,3,0.0,29.22833333,95.49995,986.897,82.21203333,234.9266667,27.425,82.435
24-04-2021 20:00,4,39.08333333,16.705,90.6906,1366.032,78.79306667,309.5966667,27.965,79.42
24-04-2021 20:00,5,30.345,13.29166667,113.4614,2098.326,86.07013333,502.1666667,28.48666667,78.835
24-04-2021 20:00,6,38.29333333,16.18333333,95.92526667,1730.078,119.6952,421.3833333,28.175,80.57
25-04-2021 16:00,1,81.92,28.87666667,160.3116667,1353.617,121.9849667,301.7366667,33.21333333,60.825
25-04-2021 16:00,2,45.83333333,18.8,150.4966667,0.0,71.82966667,323.1333333,31.96666667,62.5
25-04-2021 16:00,3,0.0,22.27333333,101.8797,846.894,46.5795,302.1733333,32.275,62.95833333
25-04-2021 16:00,4,50.61,19.91,86.30656667,1030.063,38.54963333,379.4633333,34.15833333,54.37166667
25-04-2021 16:00,5,45.96,19.06833333,150.7911167,1240.736,56.05223333,469.8533333,33.56333333,56.79166667
25-04-2021 16:00,6,46.44166667,19.91666667,117.2238167,1099.014,86.8543,419.2,33.09,58.935
25-04-2021 17:00,1,70.08666667,26.195,143.7570333,1531.056,141.9341667,352.8266667,32.06,65.17666667
25-04-2021 17:00,2,44.21333333,17.925,133.2877,0.0,61.10226667,336.2333333,30.86,64.91833333
25-04-2021 17:00,3,0.0,20.49333333,94.32215,947.36,58.18516667,271.6066667,30.475,65.94666667
25-04-2021 17:00,4,51.58333333,21.705,99.26236667,1398.884,64.67806667,402.17,32.355,61.71833333
25-04-2021 17:00,5,42.185,18.64333333,125.6974333,1425.051,68.37933333,472.0366667,31.99833333,61.4
25-04-2021 17:00,6,42.85666667,19.115,117.78,1321.147,109.1246333,384.2666667,31.36,63.90333333
25-04-2021 18:00,1,32.855,13.61333333,196.1364167,934.754,213.607,242.7866667,27.51666667,92.30333333
25-04-2021 18:00,2,41.035,15.52333333,128.4456333,0.0,72.86476667,314.8366667,29.84333333,67.14333333
25-04-2021 18:00,3,0.0,17.09,86.20841667,1081.251,63.3293,275.1,29.30833333,69.80333333
25-04-2021 18:00,4,56.7,23.125,88.40043333,1777.255,71.64146667,441.0333333,31.275,62.97333333
25-04-2021 18:00,5,42.07166667,18.78,113.95215,1506.799,71.01413333,474.22,31.055,63.25166667
25-04-2021 18:00,6,35.98166667,16.14833333,100.99635,1445.488,109.4383,385.14,30.41333333,65.205
25-04-2021 19:00,1,31.43166667,14.125,176.17925,1693.215,230.2313333,342.3466667,27.13166667,95.67833333
25-04-2021 19:00,2,39.62,14.415,135.9050333,0.0,85.22323333,308.2866667,29.085,73.79166667
25-04-2021 19:00,3,0.0,14.67333333,86.04483333,1049.545,68.7871,259.38,28.65666667,75.155
25-04-2021 19:00,4,37.47333333,16.49166667,83.0349,1534.112,68.5989,403.9166667,30.265,66.775
25-04-2021 19:00,5,33.295,15.27666667,110.02615,1417.22,77.03653333,427.4966667,30.0,69.48833333
25-04-2021 19:00,6,26.25166667,12.725,98.28086667,1216.479,116.1821333,331.8666667,29.55,71.53666667
25-04-2021 20:00,1,39.11166667,17.045,131.1938333,1442.623,186.8512333,282.5233333,26.63166667,94.64
25-04-2021 20:00,2,44.45333333,18.27666667,153.21215,0.0,90.39873333,308.7233333,28.22,81.875
25-04-2021 20:00,3,0.0,17.57666667,85.06333333,1225.647,73.80576667,284.7066667,28.70166667,75.49666667
25-04-2021 20:00,4,54.46333333,22.83833333,95.7944,1446.252,85.631,353.7,29.50333333,73.76833333
25-04-2021 20:00,5,35.795,16.73833333,118.7615,1476.43,86.35243333,426.1866667,29.22166667,76.29166667
25-04-2021 20:00,6,48.15762712,19.54067797,98.28308475,1897.115593,125.7431186,448.0644068,29.11864407,76.50847458
25-04-2021 21:00,1,43.885,16.70333333,123.7998667,1323.63,187.0708,254.14,26.54666667,94.67166667
25-04-2021 21:00,2,41.11,15.85833333,135.8396,0.0,84.25086667,293.44,28.18166667,82.54666667
25-04-2021 21:00,3,0.0,20.31724138,82.54753448,1410.370345,72.03517241,319.3689655,28.72586207,78.20517241
25-04-2021 21:00,4,59.945,24.175,103.2865167,1354.954,96.7348,320.5133333,28.905,80.515
25-04-2021 21:00,5,32.17666667,15.21333333,108.1613,1448.926,80.42413333,406.5366667,28.97666667,78.37166667
25-04-2021 21:00,6,38.44,16.52,95.89255,1780.884,120.6362,421.82,28.88,79.115
25-04-2021 22:00,1,43.62833333,16.47666667,108.45575,1273.015,177.6921667,247.59,26.625,95.575
25-04-2021 22:00,2,40.45833333,15.625,112.8725,0.0,71.01413333,242.7866667,27.58333333,81.87166667
25-04-2021 22:00,3,0.0,19.96833333,80.64658333,1093.857,70.26133333,259.38,28.04666667,80.48
25-04-2021 22:00,4,43.88166667,19.20666667,77.66936667,1207.12,73.05296667,294.3133333,28.60833333,78.985
25-04-2021 22:00,5,30.80333333,13.025,97.10306667,777.752,71.39053333,287.3266667,28.13666667,79.32
25-04-2021 22:00,6,36.31833333,15.99833333,85.03061667,1077.813,108.7482333,281.65,28.13,81.29
25-04-2021 23:00,1,33.125,13.77833333,101.19265,1052.601,169.2231667,186.8933333,26.08666667,93.98166667
25-04-2021 23:00,2,40.21333333,15.36,97.98641667,0.0,68.72436667,240.1666667,27.90166667,78.59333333
25-04-2021 23:00,3,0.0,15.87166667,69.91551667,986.706,65.33676667,232.7433333,27.965,78.79833333
25-04-2021 23:00,4,39.26666667,17.28666667,67.88708333,1017.648,65.14856667,258.9433333,28.375,77.09333333
25-04-2021 23:00,5,29.86666667,13.165,90.1017,754.068,69.7281,279.03,28.22333333,77.66333333
25-04-2021 23:00,6,33.955,16.06,76.49156667,855.489,100.2165,223.1366667,28.15333333,78.14833333
26-04-2021 00:00,1,35.91833333,13.59833333,98.24815,1001.986,168.5331,188.64,25.93166667,93.66166667
26-04-2021 00:00,2,40.735,15.975,105.3476667,0.0,71.48463333,218.77,27.29833333,82.39333333
26-04-2021 00:00,3,0.0,16.78833333,75.1829,795.133,67.15603333,192.1333333,27.43333333,80.92166667
26-04-2021 00:00,4,39.26,17.37333333,71.09331667,822.064,65.33676667,224.4466667,28.24666667,78.545
26-04-2021 00:00,5,31.095,12.97166667,91.0832,513.79,68.00293333,243.2233333,27.88333333,80.205
26-04-2021 00:00,6,31.69,14.76166667,78.81445,736.114,104.2628,204.36,28.0,80.19333333
26-04-2021 01:00,1,35.79166667,14.07666667,98.83705,933.799,167.4352667,177.7233333,25.74166667,95.105
26-04-2021 01:00,2,42.52166667,17.54333333,103.4501,0.0,77.60113333,215.7133333,27.21166667,83.555
26-04-2021 01:00,3,0.0,19.92666667,74.0051,768.584,69.2576,184.2733333,27.11833333,82.86166667
26-04-2021 01:00,4,37.08166667,16.77166667,72.59828333,715.677,65.1172,207.8533333,28.17333333,79.86666667
26-04-2021 01:00,5,30.83666667,13.53666667,90.95233333,479.983,68.4107,236.6733333,27.72833333,81.79333333
26-04-2021 01:00,6,31.42166667,14.98333333,73.93966667,699.824,102.8513,190.3866667,27.83333333,81.98833333
26-04-2021 02:00,1,42.81,16.58833333,95.0092,1018.985,166.1178667,209.6,25.67166667,96.33833333
26-04-2021 02:00,2,42.86166667,17.55333333,91.80296667,0.0,71.95513333,212.6566667,27.045,84.68833333
26-04-2021 02:00,3,0.0,20.85,77.21133333,738.406,73.93123333,169.8633333,26.81333333,84.30666667
26-04-2021 02:00,4,34.35166667,15.68166667,67.95251667,593.819,60.75723333,183.8366667,28.065,79.65
26-04-2021 02:00,5,26.68666667,12.39,81.59536667,687.6,65.2113,293.8766667,27.855,80.90833333
26-04-2021 02:00,6,30.385,14.60666667,69.81736667,706.318,101.8789333,192.1333333,27.915,81.085
26-04-2021 03:00,1,56.08833333,20.98,93.0462,1098.059,162.9812,223.5733333,25.75,95.74333333
26-04-2021 03:00,2,40.805,16.035,106.2637333,0.0,77.66386667,232.3066667,27.18666667,83.58666667
26-04-2021 03:00,3,0.0,19.25666667,72.86001667,732.294,70.4809,166.37,27.02833333,83.82
26-04-2021 03:00,4,29.88833333,13.655,68.44326667,588.28,59.59666667,179.9066667,27.86,80.21166667
26-04-2021 03:00,5,23.44,11.055,83.2312,660.287,61.79233333,290.82,27.79333333,80.95833333
26-04-2021 03:00,6,24.84166667,12.39333333,70.60256667,647.108,96.70343333,172.92,27.82666667,81.48666667
26-04-2021 04:00,1,61.75166667,21.94166667,91.11591667,1197.57,162.3538667,236.6733333,25.8,95.25
26-04-2021 04:00,2,38.67457627,14.28305085,102.3754407,0.0,72.85572881,258.0033898,27.12881356,83.81355932
26-04-2021 04:00,3,0.0,14.875,69.22846667,801.818,70.4809,178.16,26.96666667,83.58
26-04-2021 04:00,4,33.615,14.88666667,70.34083333,677.668,64.3644,181.2166667,27.62666667,81.49666667
26-04-2021 04:00,5,23.07,10.88833333,85.91396667,746.046,64.33303333,324.0066667,27.72666667,81.26833333
26-04-2021 04:00,6,24.77666667,12.02333333,73.74336667,721.025,100.0283,186.4566667,27.71833333,81.93333333
26-04-2021 05:00,1,59.95,20.86166667,90.1017,1423.523,161.2874,274.2266667,25.73666667,95.55333333
26-04-2021 05:00,2,41.69166667,16.44,102.9920667,0.0,73.83713333,280.7766667,27.18666667,83.28833333
26-04-2021 05:00,3,0.0,14.11333333,67.7235,1183.627,75.8446,248.0266667,27.79,81.14166667
26-04-2021 05:00,4,47.94166667,19.80666667,75.05203333,1139.506,77.19336667,242.7866667,27.34833333,83.52
26-04-2021 05:00,5,25.35333333,11.92333333,89.64366667,1046.871,72.5511,318.33,27.68,81.93166667
26-04-2021 05:00,6,29.305,13.26166667,78.87988333,1104.171,115.4607,248.9,27.73,81.96166667
26-04-2021 06:00,1,66.975,22.95,97.1685,2084.192,168.9408667,389.5066667,26.83333333,91.55833333
26-04-2021 06:00,2,46.305,18.83,99.81855,0.0,72.61383333,426.6233333,28.61333333,78.69666667
26-04-2021 06:00,3,0.0,17.245,69.81736667,1929.673,68.693,395.1833333,27.89333333,81.22666667
26-04-2021 06:00,4,59.74,22.26666667,80.64658333,1757.582,85.1605,343.22,28.08333333,81.75333333
26-04-2021 06:00,5,34.27,16.09,95.36908333,1752.998,75.6564,439.7233333,27.94666667,81.27333333
26-04-2021 06:00,6,36.71833333,16.29666667,86.89546667,1984.108,118.0014,414.3966667,28.05,81.04
26-04-2021 07:00,1,59.23,21.70166667,107.86685,1712.697,156.8647,313.9633333,29.08833333,83.70166667
26-04-2021 07:00,2,44.42,17.71666667,67.26546667,0.0,37.67136667,451.0766667,31.245,69.89333333
26-04-2021 07:00,3,0.0,16.68666667,61.54005,1724.157,46.0149,395.1833333,29.85,76.24333333
26-04-2021 07:00,4,53.11166667,21.10833333,87.12448333,1951.256,66.56006667,403.9166667,29.725,75.855
26-04-2021 07:00,5,31.37666667,14.00166667,108.6193333,2115.707,69.2576,499.11,28.80333333,79.34
26-04-2021 07:00,6,35.85,15.02166667,100.8654833,2690.235,108.8109667,570.7233333,28.99833333,79.0
26-04-2021 08:00,1,45.78166667,18.78166667,93.76596667,1092.711,89.83413333,215.7133333,30.80666667,76.10666667
26-04-2021 08:00,2,42.23333333,16.27,67.46176667,0.0,24.68556667,392.5633333,31.925,68.095
26-04-2021 08:00,3,0.0,15.84666667,47.34101667,1174.841,25.5952,323.1333333,31.125,71.51166667
26-04-2021 08:00,4,47.52333333,19.81166667,80.25398333,1555.122,34.12693333,371.1666667,31.55833333,69.57
26-04-2021 08:00,5,39.43166667,16.19666667,82.54415,2011.23,49.52796667,551.0733333,31.1,71.375
26-04-2021 08:00,6,34.30166667,14.425,87.32078333,1635.533,82.30613333,384.7033333,29.85833333,75.61833333
26-04-2021 09:00,1,44.50166667,18.12,95.7944,984.605,51.53543333,208.29,32.33166667,69.13333333
26-04-2021 09:00,2,40.53166667,14.96333333,60.52583333,0.0,12.29573333,331.43,32.26833333,64.28
26-04-2021 09:00,3,0.0,17.22333333,36.7081,810.031,14.33456667,268.9866667,32.27166667,65.56166667
26-04-2021 09:00,4,44.04833333,17.88,50.28551667,1130.338,6.806566667,355.01,33.07833333,62.705
26-04-2021 09:00,5,39.57333333,15.88166667,57.48318333,1466.88,12.07616667,515.7033333,32.06666667,65.34333333
26-04-2021 09:00,6,44.62075472,16.74528302,81.85339623,1573.04717,68.28464151,376.1924528,31.10377358,68.78301887
26-04-2021 10:00,1,33.96166667,14.64166667,54.60411667,784.628,17.56533333,228.3766667,34.28333333,59.685
26-04-2021 10:00,2,39.07333333,13.995,78.22555,0.0,18.1613,316.1466667,33.6,58.75166667
26-04-2021 10:00,3,0.0,17.80833333,32.74938333,747.765,3.638533333,281.2133333,33.68166667,59.88
26-04-2021 10:00,4,43.01333333,17.0,53.26273333,911.261,3.042566667,347.15,33.94,58.425
26-04-2021 10:00,5,35.29666667,14.98,82.90403333,1608.22,21.1725,555.0033333,33.74833333,58.83
26-04-2021 10:00,6,41.805,15.57166667,72.17296667,1302.238,48.3674,346.2766667,32.25,62.975
26-04-2021 11:00,1,33.86,14.18833333,68.93401667,662.388,18.41223333,235.8,34.83166667,56.48666667
26-04-2021 11:00,2,37.19333333,12.785,60.49311667,0.0,3.3876,361.9966667,34.74333333,52.68166667
26-04-2021 11:00,3,0.0,18.09166667,54.08065,843.456,5.332333333,312.6533333,33.73333333,58.865
26-04-2021 11:00,4,31.825,14.02833333,28.49621667,618.458,0.784166667,342.7833333,36.1,51.12666667
26-04-2021 11:00,5,31.58166667,14.01166667,81.30091667,1414.737,12.92306667,546.27,34.54,54.51666667
26-04-2021 11:00,6,35.37241379,13.77241379,65.62512069,1231.357241,34.58986207,354.6034483,33.17586207,57.99482759
26-04-2021 12:00,1,27.87,12.35833333,107.3106667,581.213,45.70123333,208.29,34.805,55.18333333
26-04-2021 12:00,2,36.67333333,12.485,83.36206667,0.0,10.19416667,357.1933333,35.01333333,51.65666667
26-04-2021 12:00,3,0.0,14.17333333,49.14043333,749.866,5.489166667,328.81,34.30833333,55.975
26-04-2021 12:00,4,37.06,14.21666667,25.94431667,536.137,0.125466667,380.3366667,36.42666667,49.43833333
26-04-2021 12:00,5,27.215,13.18,127.10425,972.381,33.84463333,437.1033333,34.265,54.60166667
26-04-2021 12:00,6,34.55833333,14.47,46.19593333,995.874,12.10753333,353.7,34.82333333,53.18
26-04-2021 13:00,1,28.50666667,12.605,65.66235,600.313,10.8215,268.9866667,36.57833333,49.76166667
26-04-2021 13:00,2,37.29166667,13.09833333,58.39925,0.0,0.972366667,444.9633333,36.16333333,48.545
26-04-2021 13:00,3,0.0,14.61666667,66.25125,808.312,15.2442,324.4433333,34.28166667,55.65166667
26-04-2021 13:00,4,37.73833333,13.85333333,46.39223333,549.507,0.721433333,371.6033333,36.755,48.60833333
26-04-2021 13:00,5,29.14666667,12.88333333,129.3617,1086.599,46.4854,457.6266667,34.20166667,53.88833333
26-04-2021 13:00,6,41.34166667,15.1,40.27421667,1285.239,7.9985,473.7833333,34.71,52.79333333
26-04-2021 14:00,1,29.86037736,12.94150943,57.33441509,658.8418868,0.639169811,325.7698113,37.26603774,46.74150943
26-04-2021 14:00,2,36.5,12.24666667,47.53731667,0.0,0.0,485.5733333,36.62666667,47.10166667
26-04-2021 14:00,3,0.0,14.74833333,68.77043333,900.756,17.34576667,342.3466667,33.79166667,56.62333333
26-04-2021 14:00,4,29.76833333,13.12833333,45.31258333,561.349,0.345033333,385.5766667,36.305,48.51
26-04-2021 14:00,5,30.75166667,13.01666667,117.48555,1179.616,35.31886667,492.56,35.02,50.68166667
26-04-2021 14:00,6,43.52833333,14.955,55.38931667,1451.218,19.0082,516.14,35.54166667,50.295
26-04-2021 15:00,1,33.34833333,13.795,110.9095,667.927,60.28673333,324.0066667,35.87666667,49.72
26-04-2021 15:00,2,38.89,13.94166667,94.84561667,0.0,15.11873333,524.8733333,35.69333333,55.40833333
26-04-2021 15:00,3,0.0,16.11333333,87.81153333,913.744,31.83716667,328.81,34.22,56.27166667
26-04-2021 15:00,4,43.64166667,14.98166667,77.3422,807.739,26.28526667,376.4066667,35.265,52.67333333
26-04-2021 15:00,5,30.55833333,13.25333333,142.2520667,1012.491,48.86926667,468.98,34.80666667,55.73166667
26-04-2021 15:00,6,44.15333333,15.28,55.78191667,1206.547,15.68333333,539.72,35.35666667,55.19166667
26-04-2021 16:00,1,34.17333333,14.73333333,156.74555,856.826,147.1724,334.9233333,33.855,60.07333333
26-04-2021 16:00,2,39.40517241,14.07068966,159.6460517,0.0,58.66648276,451.2724138,33.42931034,64.83275862
26-04-2021 16:00,3,0.0,15.42333333,70.668,1275.689,29.5474,418.3266667,33.335,64.64333333
26-04-2021 16:00,4,36.1,14.45166667,82.21698333,948.315,44.47793333,373.7866667,34.06166667,58.17
26-04-2021 16:00,5,31.60333333,13.05166667,145.5237333,1271.869,68.09703333,503.9133333,33.295,61.65
26-04-2021 16:00,6,36.52833333,13.69833333,102.76305,1595.041,86.54063333,536.6633333,33.17666667,63.86
26-04-2021 17:00,1,35.43,15.73833333,173.2674667,958.82,180.5779,296.9333333,31.44333333,71.76666667
26-04-2021 17:00,2,43.37833333,16.45833333,165.38275,0.0,81.08283333,429.68,31.535,69.92833333
26-04-2021 17:00,3,0.0,15.80833333,90.98505,1398.693,53.32333333,403.0433333,31.96,69.26166667
26-04-2021 17:00,4,38.91166667,14.94833333,89.74181667,1175.987,61.85506667,378.1533333,32.33666667,65.70833333
26-04-2021 17:00,5,26.27333333,12.05833333,119.1541,1844.869,71.57873333,560.2433333,31.95333333,64.76666667
26-04-2021 17:00,6,35.64333333,13.795,104.2680167,2127.74,104.0746,590.3733333,31.84166667,67.18166667
26-04-2021 18:00,1,29.13166667,12.96833333,155.76405,958.438,181.9894,250.21,30.25333333,75.195
26-04-2021 18:00,2,47.85333333,19.93666667,160.7042667,0.0,86.69746667,390.38,30.44333333,73.70333333
26-04-2021 18:00,3,0.0,19.16833333,85.61951667,1481.205,60.91406667,386.45,30.72833333,72.42833333
26-04-2021 18:00,4,35.95166667,15.34666667,106.2637333,1024.524,81.5847,310.0333333,30.9,73.10166667
26-04-2021 18:00,5,24.545,11.82333333,129.26355,1593.704,84.94093333,487.32,30.98,73.10333333
26-04-2021 18:00,6,32.90833333,13.47333333,105.70755,1898.731,115.7116333,513.9566667,31.01,73.73666667
26-04-2021 19:00,1,23.58,10.34,142.9391167,897.891,175.1828333,230.1233333,29.51333333,79.11
26-04-2021 19:00,2,39.32833333,14.08166667,128.3147667,0.0,71.39053333,349.3333333,30.23833333,73.5
26-04-2021 19:00,3,0.0,13.27666667,68.67228333,1140.079,53.04103333,321.3866667,30.56666667,72.00333333
26-04-2021 19:00,4,32.80833333,14.52833333,95.4018,981.549,80.39276667,285.58,30.45666667,75.58833333
26-04-2021 19:00,5,21.10166667,10.35833333,106.1328667,1167.201,72.48836667,390.38,30.49333333,74.41666667
26-04-2021 19:00,6,27.52166667,12.51833333,87.90968333,1432.882,98.86773333,399.9866667,30.47,73.855
26-04-2021 20:00,1,21.48833333,9.63,125.6974333,783.673,160.4091333,209.1633333,29.09666667,81.34333333
26-04-2021 20:00,2,36.13166667,11.97833333,128.7728,0.0,73.2098,296.06,29.68833333,76.75333333
26-04-2021 20:00,3,0.0,10.47166667,70.01366667,913.744,54.8603,266.8033333,30.04333333,74.32166667
26-04-2021 20:00,4,33.63833333,15.12,88.82575,927.305,76.94243333,257.6333333,30.005,77.83833333
26-04-2021 20:00,5,20.09,9.905,99.62225,843.265,67.81473333,333.1766667,30.01666667,76.34
26-04-2021 20:00,6,24.385,11.085,85.88125,1164.718,98.74226667,330.5566667,29.94,76.60833333
26-04-2021 21:00,1,21.85833333,9.561666667,121.0843833,808.312,173.8027,199.5566667,29.005,82.44166667
26-04-2021 21:00,2,36.70166667,12.36166667,118.7615,0.0,71.95513333,281.2133333,29.395,78.76
26-04-2021 21:00,3,0.0,10.01724138,76.15086207,904.1544828,61.74906897,248.9,29.63103448,76.68448276
26-04-2021 21:00,4,33.945,15.09833333,76.00081667,948.506,68.4107,250.21,29.98833333,77.26333333
26-04-2021 21:00,5,20.1,9.883333333,98.31358333,814.424,66.87373333,313.5266667,29.73,78.22666667
26-04-2021 21:00,6,24.71333333,11.17666667,82.80588333,1126.518,100.5301667,304.7933333,29.68333333,78.68666667
26-04-2021 22:00,1,25.01,10.275,117.3546833,799.144,180.4210667,183.8366667,28.965,83.165
26-04-2021 22:00,2,37.585,13.23333333,113.7231333,0.0,70.98276667,234.0533333,29.08,80.34
26-04-2021 22:00,3,0.0,11.63166667,77.37491667,799.908,64.67806667,221.39,29.25333333,78.65666667
26-04-2021 22:00,4,32.565,14.54166667,70.34083333,825.693,61.3532,230.1233333,29.78,77.86166667
26-04-2021 22:00,5,22.82333333,11.08666667,93.89683333,573.764,63.54886667,282.0866667,29.42,79.72
26-04-2021 22:00,6,27.44833333,12.72166667,76.49156667,800.481,95.16646667,234.9266667,29.45333333,79.60666667
26-04-2021 23:00,1,24.58333333,10.69333333,109.1428,777.179,162.5420667,174.23,28.90166667,82.97833333
26-04-2021 23:00,2,38.04666667,13.92166667,112.1527333,0.0,73.1157,219.6433333,28.81,82.20166667
26-04-2021 23:00,3,0.0,13.84,74.3977,727.137,64.89763333,207.8533333,28.99333333,80.30166667
26-04-2021 23:00,4,33.475,15.12666667,67.00373333,683.398,57.4951,208.7266667,29.505,78.49666667
26-04-2021 23:00,5,22.29333333,10.855,87.41893333,400.909,63.45476667,235.8,29.135,81.04333333
26-04-2021 23:00,6,27.425,12.85,74.0051,710.52,94.69596667,206.98,29.22166667,80.89333333
27-04-2021 00:00,1,28.60333333,12.03833333,108.3903167,773.741,168.2194333,168.99,28.61333333,84.10333333
27-04-2021 00:00,2,38.15666667,14.015,105.9692833,0.0,73.0216,225.7566667,28.54333333,84.10333333
27-04-2021 00:00,3,0.0,15.64166667,76.32798333,651.883,68.09703333,183.4,28.52833333,82.64333333
27-04-2021 00:00,4,32.175,14.68833333,70.79886667,592.864,59.50256667,190.8233333,29.27,79.88333333
27-04-2021 00:00,5,21.855,10.65166667,83.78738333,326.992,61.9178,224.8833333,28.905,82.36666667
27-04-2021 00:00,6,26.595,12.995,72.92545,612.728,94.06863333,183.4,28.94333333,82.77833333
27-04-2021 01:00,1,30.26666667,12.77,108.5539,769.157,163.8908333,168.5533333,28.375,85.075
27-04-2021 01:00,2,41.07666667,16.725,99.65496667,0.0,73.93123333,214.4033333,28.415,84.92
27-04-2021 01:00,3,0.0,21.79666667,78.55271667,700.015,75.97006667,182.5266667,28.11166667,84.965
27-04-2021 01:00,4,34.84833333,15.85666667,70.89701667,593.437,62.54513333,186.4566667,29.05666667,81.20666667
27-04-2021 01:00,5,24.61166667,11.76166667,82.41328333,429.941,60.91406667,241.4766667,28.74666667,83.49833333
27-04-2021 01:00,6,25.52666667,12.69,68.18153333,618.458,90.21053333,180.3433333,28.77166667,83.91833333
27-04-2021 02:00,1,27.91666667,11.80333333,105.5439667,710.711,166.4001667,166.8066667,28.32833333,85.79166667
27-04-2021 02:00,2,41.34444444,16.92592593,102.8393889,0.0,76.63922222,212.0259259,28.19074074,85.92962963
27-04-2021 02:00,3,0.0,21.54833333,75.1829,717.014,76.25236667,182.9633333,28.11,85.23
27-04-2021 02:00,4,34.205,15.59166667,67.46176667,571.281,59.59666667,176.85,28.935,81.19666667
27-04-2021 02:00,5,23.21166667,11.23166667,78.16011667,769.157,59.62803333,346.2766667,28.7,83.54666667
27-04-2021 02:00,6,26.06551724,12.95689655,63.32367241,627.3362069,87.09117241,178.4310345,28.65344828,84.19137931
27-04-2021 03:00,1,30.16833333,12.85333333,105.0532167,746.428,167.7489333,168.99,28.28333333,85.935
27-04-2021 03:00,2,39.18,15.06666667,102.5013167,0.0,74.7154,234.49,28.1,86.26833333
27-04-2021 03:00,3,0.0,16.02033898,68.80481356,690.319322,68.93223729,182.9559322,28.03898305,85.21864407
27-04-2021 03:00,4,40.07666667,18.03333333,66.5457,612.728,62.2942,181.2166667,28.88666667,81.8
27-04-2021 03:00,5,23.42,11.35666667,78.09468333,493.735,57.401,260.2533333,28.60833333,83.795
27-04-2021 03:00,6,23.69,12.20666667,63.50305,607.571,85.00366667,170.7366667,28.59166667,84.48166667
27-04-2021 04:00,1,52.43666667,21.73666667,109.4699667,787.684,162.6048,175.1033333,26.975,91.01666667
27-04-2021 04:00,2,39.55666667,15.355,105.4458167,0.0,74.7154,257.6333333,28.16333333,86.16333333
27-04-2021 04:00,3,0.0,12.39333333,59.02086667,752.922,62.0119,192.1333333,28.595,83.28833333
27-04-2021 04:00,4,38.51166667,17.26166667,67.23275,660.096,65.46223333,175.54,28.80333333,82.68166667
27-04-2021 04:00,5,25.09666667,12.09666667,77.50578333,483.039,60.7886,248.4633333,28.59833333,84.29833333
27-04-2021 04:00,6,30.51,13.42,67.23275,864.466,93.69223333,212.6566667,28.61166667,84.65
27-04-2021 05:00,1,39.79333333,15.46333333,123.669,857.017,175.9356333,167.68,25.92166667,92.93166667
27-04-2021 05:00,2,41.985,17.325,104.1044333,0.0,75.78186667,317.4566667,28.40333333,85.40833333
27-04-2021 05:00,3,0.0,13.13166667,54.40781667,1016.311,58.02833333,245.4066667,28.86166667,82.35166667
27-04-2021 05:00,4,76.15166667,30.84833333,70.70071667,818.626,70.32406667,196.9366667,27.85333333,85.76
27-04-2021 05:00,5,25.05666667,11.42666667,79.20705,638.895,69.13213333,260.69,28.68833333,84.04666667
27-04-2021 05:00,6,37.61833333,14.99666667,70.24268333,1577.087,104.8587667,365.49,28.85,83.89
27-04-2021 06:00,1,41.66666667,16.14833333,117.9108667,1079.341,171.6384,220.08,25.86666667,93.94333333
27-04-2021 06:00,2,46.48666667,19.905,103.6791167,0.0,75.78186667,414.3966667,28.285,85.31
27-04-2021 06:00,3,0.0,33.95,43.186,1536.595,51.06493333,343.22,28.11166667,83.26166667
27-04-2021 06:00,4,88.75666667,37.75833333,98.44445,1041.905,86.2897,205.2333333,25.30333333,98.85
27-04-2021 06:00,5,35.53,15.205,87.45165,1059.286,76.5974,319.64,27.75166667,84.52
27-04-2021 06:00,6,48.36666667,18.54833333,63.0123,2480.135,102.1612333,563.7366667,28.85666667,81.75833333
27-04-2021 07:00,1,42.00731707,17.51219512,113.1358293,1135.658049,155.5174634,231.9658537,26.2,92.72926829
27-04-2021 07:00,2,42.555,17.54333333,137.4427167,0.0,88.3599,482.9533333,27.27833333,86.92833333
27-04-2021 07:00,3,0.0,28.99333333,96.31786667,2846.282,89.92823333,569.85,26.71333333,89.64333333
27-04-2021 07:00,4,98.19333333,41.28666667,103.5155333,1461.341,94.69596667,279.9033333,25.65666667,99.28333333
27-04-2021 07:00,5,35.12333333,16.24,101.4543833,1677.171,80.5496,400.86,27.56,83.935
27-04-2021 07:00,6,49.62,20.38166667,75.05203333,3891.434,111.8849,563.7366667,28.63833333,80.505
27-04-2021 09:00,1,69.31333333,26.24,39.78346667,1119.26,25.84613333,326.6266667,31.91333333,68.26
27-04-2021 09:00,2,47.19166667,19.93,69.39205,0.0,29.7356,340.1633333,31.04833333,67.95
27-04-2021 09:00,3,0.0,34.02,94.8129,1877.339,48.14783333,424.8766667,30.48666667,74.795
27-04-2021 09:00,4,68.93833333,29.03666667,72.0421,1191.649,49.55933333,265.4933333,20.4,12.5
27-04-2021 09:00,5,48.475,21.16333333,114.4429,2339.177,48.39876667,562.4266667,30.84833333,70.34333333
27-04-2021 09:00,6,56.66333333,21.39166667,114.8682167,2646.305,87.54436667,577.2733333,30.17,72.36333333
27-04-2021 10:00,1,49.17833333,19.35666667,65.40061667,710.711,13.2681,189.5133333,32.59166667,64.565
27-04-2021 10:00,2,44.64333333,18.70833333,51.20158333,0.0,7.9044,374.66,33.31166667,60.24333333
27-04-2021 10:00,3,0.0,51.055,92.91533333,1869.699,29.95516667,428.37,31.775,70.80333333
27-04-2021 10:00,4,55.045,23.89166667,52.0195,818.817,19.44733333,233.6166667,28.445,46.345
27-04-2021 10:00,5,54.40333333,24.15166667,162.9617167,2837.687,36.07166667,660.24,32.73333333,64.04333333
27-04-2021 10:00,6,75.34333333,29.655,149.0571333,3217.968,87.82666667,686.8766667,30.94166667,70.19
27-04-2021 11:00,1,46.155,18.86333333,70.70071667,700.397,16.0911,227.0666667,34.04333333,58.80333333
27-04-2021 11:00,2,49.695,22.69166667,108.9137833,0.0,14.83643333,397.3666667,32.44166667,62.62833333
27-04-2021 11:00,3,0.0,28.585,105.4131,1393.345,41.15306667,330.12,28.65833333,81.34333333
27-04-2021 11:00,4,51.05666667,22.48833333,60.10051667,824.738,12.10753333,271.6066667,32.69833333,63.03666667
27-04-2021 11:00,5,55.69,25.33666667,189.2986333,3117.502,68.91256667,660.24,32.39666667,63.97833333
27-04-2021 11:00,6,49.82,23.18333333,145.5237333,2399.342,93.3472,524.0,29.485,73.16333333
27-04-2021 12:00,1,40.69666667,18.51333333,86.07755,651.692,36.35396667,223.5733333,34.04166667,56.73
27-04-2021 12:00,2,46.38666667,20.38166667,119.2195333,0.0,33.53096667,359.8133333,33.19333333,58.90333333
27-04-2021 12:00,3,0.0,28.67833333,139.2094167,1243.983,66.21503333,309.5966667,31.30166667,73.73333333
27-04-2021 12:00,4,53.18666667,23.485,76.557,706.318,17.47123333,242.7866667,33.505,59.785
27-04-2021 12:00,5,41.76,20.05666667,148.30465,1418.939,27.25763333,470.7266667,33.26833333,58.93
27-04-2021 12:00,6,55.55333333,23.94,134.2692,2431.621,64.20756667,566.7933333,32.42333333,63.39833333
27-04-2021 13:00,1,60.81034483,27.35862069,145.8712069,765.8441379,68.01158621,195.1448276,33.44137931,58.37241379
27-04-2021 13:00,2,41.596875,17.19375,74.40996875,0.0,10.2921875,381.5375,34.2625,53.58125
27-04-2021 13:00,3,0.0,32.88846154,100.9435,1323.63,13.68069231,367.8076923,32.44615385,67.20769231
27-04-2021 13:00,4,60.56785714,18.68214286,34.3525,707.655,7.326357143,301.3,34.48928571,55.37142857
27-04-2021 13:00,5,33.15714286,16.27142857,104.4596429,843.5378571,23.32335714,399.55,33.775,53.63214286
27-04-2021 13:00,6,41.15625,18.196875,35.02728125,1568.945625,9.8805,528.09375,35.14375,50.440625
28-04-2021 06:00,1,62.72857143,22.97142857,88.80238095,1132.357143,145.9894286,250.7714286,27.68571429,87.44761905
28-04-2021 06:00,2,46.1625,18.575,121.8286875,0.0,79.985,425.75,29.05625,79.625
28-04-2021 06:00,3,0.0,26.25,63.7975,1876.893333,71.62055556,457.0444444,28.6,81.49444444
28-04-2021 06:00,4,91.84347826,37.46521739,71.26543478,995.0269565,68.16113043,263.1391304,28.36086957,83.54347826
28-04-2021 06:00,5,27.03809524,12.31904762,98.99128571,1274.788571,74.38380952,348.0857143,28.56190476,82.11428571
28-04-2021 06:00,6,45.11176471,15.97647059,69.85970588,3874.154118,109.9309412,473.7833333,29.19411765,79.07058824
28-04-2021 07:00,1,63.78666667,21.08333333,75.11746667,990.908,109.4069333,233.18,28.91333333,81.97333333
28-04-2021 07:00,2,44.17666667,17.48666667,105.6094,0.0,62.9529,401.7333333,30.48833333,71.48166667
28-04-2021 07:00,3,0.0,19.22166667,53.81891667,1787.187,55.67583333,472.0366667,29.89333333,76.30833333
28-04-2021 07:00,4,60.62333333,25.03333333,61.96536667,1015.356,52.94693333,273.79,29.36,77.40333333
28-04-2021 07:00,5,26.915,12.59166667,94.4203,1360.302,65.1172,370.73,29.26166667,77.63666667
28-04-2021 07:00,6,38.57,15.055,69.19575,3310.794,93.84906667,516.14,29.895,74.84
28-04-2021 08:00,1,45.595,16.20833333,66.61113333,747.192,63.10973333,176.85,30.66666667,72.685
28-04-2021 08:00,2,44.665,18.29833333,93.0462,0.0,39.96113333,338.4166667,31.68666667,64.655
28-04-2021 08:00,3,0.0,15.65333333,44.33108333,1145.427,32.87226667,348.46,31.115,68.21666667
28-04-2021 08:00,4,43.885,17.99666667,47.99535,714.531,31.30393333,247.59,31.14833333,69.425
28-04-2021 08:00,5,38.475,17.06333333,88.43315,1308.35,49.4025,375.0966667,30.87333333,69.90666667
28-04-2021 08:00,6,43.41333333,17.52333333,75.9681,2083.619,75.62503333,507.4066667,31.09333333,68.54833333
28-04-2021 09:00,1,44.18333333,19.00833333,65.69506667,691.038,36.9813,176.4133333,32.185,65.73166667
28-04-2021 09:00,2,47.24666667,20.49666667,103.0247833,0.0,32.52723333,315.71,32.41,61.08166667
28-04-2021 09:00,3,0.0,17.76,38.93283333,768.966,16.96936667,299.5533333,32.33,62.64666667
28-04-2021 09:00,4,43.94666667,18.705,43.64403333,532.89,11.9507,233.6166667,32.44833333,63.44
28-04-2021 09:00,5,45.595,19.84,100.01485,1182.29,33.93873333,375.0966667,32.215,64.63333333
28-04-2021 09:00,6,57.04833333,21.72833333,85.7831,1955.076,73.7744,491.6866667,31.835,65.41333333
28-04-2021 10:00,1,51.08833333,22.285,81.2682,711.284,27.16353333,165.9333333,32.77666667,60.34833333
28-04-2021 10:00,2,45.81833333,19.51166667,111.3021,0.0,31.3353,326.19,33.28666667,57.17333333
28-04-2021 10:00,3,0.0,20.1,35.46486667,668.118,4.1404,297.8066667,33.36833333,57.19166667
28-04-2021 10:00,4,50.02333333,21.66833333,45.41073333,478.646,0.784166667,246.28,33.64166667,57.32666667
28-04-2021 10:00,5,47.10666667,21.35166667,104.2025833,1254.488,16.68706667,413.96,34.00166667,57.215
28-04-2021 10:00,6,60.59333333,23.19666667,90.8869,1874.092,57.84013333,485.1366667,32.94,60.59
28-04-2021 11:00,1,51.61833333,22.80333333,82.80588333,709.183,17.5026,191.26,34.19333333,54.39666667
28-04-2021 11:00,2,46.63833333,20.91333333,138.0643333,0.0,29.13963333,291.2566667,33.52166667,55.66
28-04-2021 11:00,3,0.0,25.0,61.6382,693.139,7.4339,298.68,33.56833333,56.58666667
28-04-2021 11:00,4,54.88,24.36666667,48.81326667,432.424,0.031366667,260.69,34.86666667,51.99
28-04-2021 11:00,5,47.71166667,22.44,127.69315,1110.474,16.7498,417.89,34.62666667,53.87166667
28-04-2021 11:00,6,61.49666667,24.03166667,83.4275,1931.392,40.2748,531.4233333,33.805,55.815
28-04-2021 12:00,1,50.10833333,22.34166667,82.6423,685.69,16.0911,224.01,34.965,51.99
28-04-2021 12:00,2,45.065,19.88666667,130.5395,0.0,21.7371,317.4566667,34.68,51.04
28-04-2021 12:00,3,0.0,25.01166667,49.99106667,610.245,3.356233333,317.4566667,34.48,52.61166667
28-04-2021 12:00,4,60.70666667,25.28833333,51.26701667,456.299,0.0,297.37,35.585,48.95
28-04-2021 12:00,5,45.87833333,21.86666667,137.0174,872.488,15.9029,384.2666667,34.49666667,51.575
28-04-2021 12:00,6,56.865,24.645,64.71356667,1316.181,13.14263333,444.9633333,34.965,50.99833333
28-04-2021 13:00,1,53.75333333,23.36833333,83.36206667,717.014,17.3144,246.28,35.30833333,48.89833333
28-04-2021 13:00,2,46.86166667,21.10833333,135.7087333,0.0,21.04703333,337.5433333,34.37833333,53.17833333
28-04-2021 13:00,3,0.0,26.49666667,65.07345,737.069,7.590733333,337.98,34.22166667,53.605
28-04-2021 13:00,4,73.27333333,26.745,58.46468333,597.639,4.0463,324.88,35.61666667,47.95833333
28-04-2021 13:00,5,51.41833333,23.06166667,187.8591,1166.628,48.71243333,387.76,34.135,52.73666667
28-04-2021 13:00,6,68.84333333,26.43166667,82.60958333,1331.652,17.25166667,460.2466667,34.55333333,52.155
28-04-2021 14:00,1,55.195,22.75833333,119.7102833,738.406,40.2748,220.5166667,34.425,47.29833333
28-04-2021 14:00,2,45.38833333,19.73666667,126.1881833,0.0,22.74083333,342.7833333,34.26166667,52.555
28-04-2021 14:00,3,0.0,26.15,74.62784483,764.2634483,7.528,350.9896552,34.2,54.34137931
28-04-2021 14:00,4,57.75333333,24.095,75.41191667,609.863,4.391333333,313.09,35.19,48.71166667
28-04-2021 14:00,5,47.52666667,20.25833333,180.7268667,1167.965,53.2606,396.4933333,33.945,53.38166667
28-04-2021 14:00,6,61.02166667,23.94666667,74.26683333,1390.862,17.65943333,506.97,35.11666667,50.73833333
28-04-2021 15:00,1,57.90333333,21.36166667,161.06415,965.696,133.5592667,232.7433333,33.21833333,51.27333333
28-04-2021 15:00,2,44.53166667,18.35333333,116.8639333,0.0,17.81626667,374.2233333,33.76166667,49.51666667
28-04-2021 15:00,3,0.0,21.91,70.0791,792.268,9.1277,333.6133333,33.76333333,51.22833333
28-04-2021 15:00,4,73.79333333,23.48833333,84.08183333,725.418,23.55636667,309.16,33.91333333,50.46166667
28-04-2021 15:00,5,44.33666667,18.61166667,162.04565,1494.193,51.31586667,453.6966667,33.55666667,50.81333333
28-04-2021 15:00,6,63.52333333,22.06333333,67.5272,1567.537,15.74606667,555.8766667,34.355,48.62666667
28-04-2021 16:00,1,56.39833333,21.5,183.04975,1082.97,188.1059,248.9,31.82,60.79333333
28-04-2021 16:00,2,44.73333333,18.64,158.0542167,0.0,50.2494,330.9933333,32.10833333,54.88666667
28-04-2021 16:00,3,0.0,26.03333333,86.5683,1109.71,36.7931,362.87,32.52166667,55.92
28-04-2021 16:00,4,71.88166667,27.82,112.6762,928.069,62.07463333,326.19,32.23833333,59.87666667
28-04-2021 16:00,5,46.27,19.83,169.8649333,1518.832,79.07536667,464.1766667,31.9,61.03333333
28-04-2021 16:00,6,60.18833333,21.65,116.2423167,1826.915,89.3009,548.0166667,32.30666667,58.085
28-04-2021 17:00,1,52.86333333,20.315,171.7297833,1235.961,191.6189667,264.1833333,30.57,67.94833333
28-04-2021 17:00,2,45.32833333,18.72,186.1578333,0.0,81.9611,362.4333333,30.58833333,65.55666667
28-04-2021 17:00,3,0.0,22.62166667,100.3747333,1373.481,61.51003333,389.5066667,31.10666667,63.01
28-04-2021 17:00,4,68.8,28.37,116.2750333,1029.299,79.85953333,322.6966667,30.86333333,67.29833333
28-04-2021 17:00,5,37.93,17.65833333,153.2775833,2065.474,88.8304,551.0733333,30.84666667,65.88166667
28-04-2021 17:00,6,54.27833333,20.74833333,122.9165167,2341.087,116.3389667,604.3466667,30.93,64.36333333
28-04-2021 18:00,1,62.11333333,24.36166667,158.1850833,1237.68,194.9124667,263.7466667,29.66166667,72.94333333
28-04-2021 18:00,2,44.12,18.21333333,176.1465333,0.0,85.66236667,316.5833333,29.72833333,70.57166667
28-04-2021 18:00,3,0.0,18.985,92.19556667,1204.255,64.3644,341.4733333,30.25333333,68.18333333
28-04-2021 18:00,4,59.30333333,24.305,105.7729833,999.503,79.38903333,282.96,30.155,69.595
28-04-2021 18:00,5,34.585,16.28333333,139.9291833,1667.43,83.2785,443.2166667,30.27,68.495
28-04-2021 18:00,6,49.75666667,19.43,116.9293667,2599.319,124.4943,622.6866667,30.28833333,68.40666667
28-04-2021 19:00,1,68.76166667,27.255,125.33755,1098.823,153.2889,237.5466667,29.145,71.29166667
28-04-2021 19:00,2,42.21666667,16.905,169.8649333,0.0,88.86176667,298.2433333,29.395,73.965
28-04-2021 19:00,3,0.0,19.52,91.80296667,1208.839,70.41816667,323.57,29.855,69.78166667
28-04-2021 19:00,4,58.41666667,24.135,98.67346667,958.056,77.88343333,252.3933333,29.70166667,71.20166667
28-04-2021 19:00,5,35.385,16.725,134.0401833,1794.827,82.55706667,442.3433333,30.00833333,69.71
28-04-2021 19:00,6,45.09666667,18.79833333,107.3761,2158.3,114.4883333,526.62,30.21833333,69.62666667
28-04-2021 20:00,1,51.09166667,21.375,144.18235,927.687,159.5936,200.43,28.63833333,75.88
28-04-2021 20:00,2,45.8,18.40166667,165.9062167,0.0,94.1941,279.4666667,29.18,77.23666667
28-04-2021 20:00,3,0.0,18.92666667,92.94805,1091.183,74.7154,282.96,29.63,71.29
28-04-2021 20:00,4,66.73,26.98,93.0462,1061.387,79.01263333,250.6466667,29.395,71.545
28-04-2021 20:00,5,35.55166667,16.46833333,137.31185,1427.152,86.0074,374.66,29.60333333,73.72
28-04-2021 20:00,6,53.23333333,19.49833333,106.4273167,2008.938,121.9222333,472.91,30.095,71.90666667
28-04-2021 21:00,1,59.925,24.88,140.3545,951.18,163.0753,195.6266667,28.23166667,79.59333333
28-04-2021 21:00,2,45.69666667,18.21,153.99735,0.0,91.30836667,271.17,29.01833333,78.73833333
28-04-2021 21:00,3,0.0,20.41896552,84.74744828,961.652069,69.11482759,258.3862069,29.35172414,72.27068966
28-04-2021 21:00,4,76.60666667,30.855,95.14006667,999.121,85.88193333,241.9133333,29.14,72.98833333
28-04-2021 21:00,5,42.69833333,19.49833333,126.0573167,1394.491,85.03503333,353.7,29.265,74.99166667
28-04-2021 21:00,6,46.92833333,20.225,92.71903333,1485.789,104.8587667,370.73,29.975,72.34833333
28-04-2021 22:00,1,68.21166667,27.985,134.7926667,927.878,164.1104,184.71,27.91,82.12833333
28-04-2021 22:00,2,46.17333333,18.93,144.0842,0.0,92.18663333,230.1233333,28.78166667,78.88833333
28-04-2021 22:00,3,0.0,25.15833333,89.44736667,1236.916,81.5847,277.72,29.11666667,74.06333333
28-04-2021 22:00,4,97.55833333,38.41833333,104.5624667,797.807,94.50776667,218.3333333,28.84333333,76.88833333
28-04-2021 22:00,5,41.695,19.29,125.0103833,1145.618,83.12166667,292.13,28.915,76.72833333
28-04-2021 22:00,6,56.7,23.34833333,88.82575,1597.142,106.6153,363.7433333,29.73333333,73.21833333
28-04-2021 23:00,1,65.90333333,26.26,125.53385,854.725,160.4405,175.54,27.76,82.86833333
28-04-2021 23:00,2,48.01166667,20.36166667,130.6049333,0.0,86.6661,203.9233333,28.69333333,78.04166667
28-04-2021 23:00,3,0.0,21.61833333,90.33071667,781.381,79.92226667,208.29,28.87333333,76.43
28-04-2021 23:00,4,94.585,36.57666667,101.0290667,610.627,87.7012,187.7666667,28.52666667,79.48833333
28-04-2021 23:00,5,37.645,17.52,129.7870167,649.782,83.68626667,227.0666667,28.71666667,79.01333333
28-04-2021 23:00,6,41.30833333,18.80166667,89.05476667,831.996,100.4988,225.7566667,29.625,74.915
29-04-2021 00:00,1,55.01,23.335,116.9948,807.93,157.9625333,164.6233333,27.40166667,84.85
29-04-2021 00:00,2,46.845,20.03,120.62635,0.0,72.14333333,202.6133333,28.44333333,78.37333333
29-04-2021 00:00,3,0.0,22.66333333,79.40335,569.753,70.73183333,174.23,28.58333333,78.27333333
29-04-2021 00:00,4,87.61333333,34.95166667,91.60666667,500.993,78.22846667,163.75,28.30166667,80.38
29-04-2021 00:00,5,44.19666667,19.575,123.57085,454.771,84.06266667,188.64,28.46333333,80.395
29-04-2021 00:00,6,47.10166667,20.20166667,87.58251667,773.932,104.4196333,208.7266667,29.39833333,76.65166667
29-04-2021 01:00,1,54.57833333,23.76333333,115.5879833,763.809,147.1410333,157.6366667,27.17166667,85.51
29-04-2021 01:00,2,46.90689655,19.73275862,121.2660172,0.0,76.54548276,186.1103448,28.19137931,80.24137931
29-04-2021 01:00,3,0.0,21.04833333,75.01931667,520.284,66.18366667,157.2,28.45166667,78.24333333
29-04-2021 01:00,4,93.04333333,36.74166667,91.63938333,501.757,88.0776,144.9733333,28.12,80.26333333
29-04-2021 01:00,5,42.26333333,19.14166667,120.23375,395.943,84.84683333,175.54,28.295,80.91
29-04-2021 01:00,6,42.96206897,19.33793103,85.45818966,615.2834483,98.38317241,172.5586207,29.1637931,77.39310345
29-04-2021 02:00,1,49.85,21.32833333,116.7657833,801.054,146.4196,159.82,27.15666667,85.46166667
29-04-2021 02:00,2,46.965,19.535,128.6092167,0.0,84.47043333,194.7533333,28.005,82.02833333
29-04-2021 02:00,3,0.0,20.37333333,78.09468333,534.036,70.04176667,156.7633333,28.52,77.41666667
29-04-2021 02:00,4,71.00166667,29.21833333,91.60666667,408.549,85.28596667,128.8166667,28.10666667,79.71833333
29-04-2021 02:00,5,37.36666667,17.55833333,117.87815,402.055,80.76916667,177.2866667,28.17833333,81.005
29-04-2021 02:00,6,43.62333333,18.78333333,79.82866667,653.984,93.50403333,167.2433333,28.82833333,78.025
29-04-2021 03:00,1,43.89,18.98833333,115.9478667,772.213,141.6832333,138.86,27.37,84.65666667
29-04-2021 03:00,2,46.61666667,18.96666667,129.7215833,0.0,84.18813333,194.3166667,27.995,82.975
29-04-2021 03:00,3,0.0,18.82,72.40198333,742.799,60.7886,178.16,28.79,75.55333333
29-04-2021 03:00,4,66.45833333,27.60333333,93.30793333,371.304,87.07386667,129.69,28.215,79.45
29-04-2021 03:00,5,35.32,16.57333333,111.9564333,577.966,72.58246667,184.71,28.36833333,79.19166667
29-04-2021 03:00,6,48.84166667,18.95666667,79.37063333,1058.331,95.6056,215.2766667,28.81166667,77.09
29-04-2021 04:00,1,41.57,18.045,109.0773667,773.55,130.8931,136.24,27.46,83.12833333
29-04-2021 04:00,2,48.60833333,19.965,126.2863333,0.0,81.6788,215.7133333,28.17,82.18
29-04-2021 04:00,3,0.0,20.665,71.55135,912.407,64.52123333,195.6266667,28.85333333,74.74333333
29-04-2021 04:00,4,63.885,26.65666667,86.53558333,443.884,73.2098,134.93,28.31166667,78.50166667
29-04-2021 04:00,5,36.655,17.11833333,103.94085,931.698,68.3166,240.1666667,28.52333333,78.035
29-04-2021 04:00,6,56.50833333,19.86166667,82.80588333,1179.998,105.1724333,243.66,28.73666667,77.37833333
29-04-2021 05:00,1,49.40166667,19.83333333,111.3348167,860.455,150.4972667,162.8766667,27.33,83.86833333
29-04-2021 05:00,2,46.575,19.71333333,129.3289833,0.0,84.47043333,258.07,28.34666667,81.255
29-04-2021 05:00,3,0.0,20.46666667,70.56985,961.494,64.11346667,215.2766667,28.93666667,73.63666667
29-04-2021 05:00,4,62.08166667,25.78666667,85.12876667,558.102,70.88866667,158.0733333,28.39333333,77.455
29-04-2021 05:00,5,36.69,17.20666667,103.74455,1028.344,71.20233333,255.8866667,28.685,76.46333333
29-04-2021 05:00,6,51.41,19.86,83.85281667,1522.843,106.333,312.2166667,28.92833333,75.66166667
29-04-2021 06:00,1,61.365,23.02,106.8526333,1002.75,149.3680667,196.5,27.72333333,83.03666667
29-04-2021 06:00,2,48.53333333,20.39333333,126.1881833,0.0,81.05146667,360.25,29.01833333,77.56166667
29-04-2021 06:00,3,0.0,22.47,59.4789,1361.257,55.11123333,306.1033333,29.15833333,72.11833333
29-04-2021 06:00,4,70.12833333,27.13833333,79.63236667,901.902,65.83863333,215.2766667,28.72833333,74.36166667
29-04-2021 06:00,5,33.745,16.11166667,105.6094,1031.973,64.8349,286.0166667,28.83833333,74.62
29-04-2021 06:00,6,42.035,19.2,77.86566667,1339.865,86.07013333,301.7366667,29.72166667,71.03166667
29-04-2021 07:00,1,86.07,34.74,87.1572,1087.745,108.7168667,227.0666667,29.10666667,75.66833333
29-04-2021 07:00,2,50.05166667,22.66833333,99.62225,0.0,53.13513333,373.7866667,30.94666667,64.81333333
29-04-2021 07:00,3,0.0,25.745,69.71921667,1773.435,60.85133333,414.3966667,29.69666667,70.38
29-04-2021 07:00,4,75.72166667,30.12166667,73.31805,969.134,59.40846667,254.14,29.38666667,73.06166667
29-04-2021 07:00,5,41.31333333,18.68833333,107.7032667,1505.653,67.34423333,385.14,29.66166667,71.185
29-04-2021 07:00,6,54.52666667,22.16833333,81.33363333,2568.186,92.1239,563.3,30.26333333,68.145
29-04-2021 08:00,1,97.25,33.11833333,75.9681,987.852,74.08806667,214.84,30.71166667,67.16666667
29-04-2021 08:00,2,51.72666667,23.76166667,105.5439667,0.0,50.814,342.7833333,31.01,63.68333333
29-04-2021 08:00,3,0.0,31.08,67.75621667,1151.539,50.46896667,313.5266667,30.22833333,67.94
29-04-2021 08:00,4,110.0316667,36.71333333,71.48591667,985.751,47.36366667,270.2966667,30.785,66.23
29-04-2021 08:00,5,56.91166667,24.54166667,81.33363333,1245.511,46.89316667,386.45,31.34,65.395
29-04-2021 08:00,6,66.97,25.70333333,78.68358333,3368.476,90.83786667,563.3,31.21,64.91833333
29-04-2021 09:00,1,85.83833333,30.51666667,89.9054,850.905,42.50183333,183.4,32.17166667,61.53166667
29-04-2021 09:00,2,48.84,21.57666667,106.0347167,0.0,43.0037,320.0766667,32.285,55.10666667
29-04-2021 09:00,3,0.0,40.32333333,72.53285,961.876,31.36666667,287.3266667,31.99,60.115
29-04-2021 09:00,4,77.81666667,29.22166667,61.99808333,684.353,11.82523333,239.73,32.095,58.27666667
29-04-2021 09:00,5,63.395,26.57333333,91.4758,1260.027,16.7498,410.03,33.17333333,56.47
29-04-2021 09:00,6,75.67833333,27.49666667,82.87131667,2657.192,67.34423333,637.5333333,32.33333333,57.72833333
29-04-2021 10:00,1,77.08,26.17166667,78.1274,760.944,14.14636667,197.81,33.95833333,54.19333333
29-04-2021 10:00,2,47.50166667,20.82666667,105.6748333,0.0,19.51006667,313.09,33.68666667,48.41166667
29-04-2021 10:00,3,0.0,38.185,79.27248333,771.258,8.469,272.0433333,33.505,55.065
29-04-2021 10:00,4,71.28166667,28.31666667,64.71356667,524.868,0.972366667,239.2933333,33.72666667,52.63
29-04-2021 10:00,5,53.755,23.885,99.58953333,1023.569,1.286033333,438.4133333,34.85333333,50.01833333
29-04-2021 10:00,6,70.85833333,27.15833333,103.8754167,2207.96,67.15603333,545.3966667,32.89333333,55.51166667
29-04-2021 11:00,1,76.98474576,25.67627119,91.79520339,686.8230508,5.039932203,211.820339,34.84237288,49.31864407
29-04-2021 11:00,2,48.30666667,21.7,130.0814667,0.0,24.87376667,340.6,34.685,46.3
29-04-2021 11:00,3,0.0,38.02,87.77881667,713.385,4.579533333,290.82,34.23166667,52.75833333
29-04-2021 11:00,4,68.36166667,28.30333333,65.20431667,466.995,0.1882,265.0566667,34.74666667,49.17666667
29-04-2021 11:00,5,50.33666667,23.06666667,136.0686167,972.572,6.053766667,437.1033333,35.64833333,46.23666667
29-04-2021 11:00,6,69.02833333,26.46833333,104.2680167,2018.488,49.05746667,514.83,33.7,52.03333333
29-04-2021 12:00,1,69.40517241,26.13275862,107.2881034,724.1534483,7.852482759,243.0275862,35.56724138,46.61551724
29-04-2021 12:00,2,49.125,22.215,134.7926667,0.0,21.01566667,365.0533333,35.64333333,43.56833333
29-04-2021 12:00,3,0.0,38.06,81.49721667,684.162,0.439133333,307.85,34.53,50.86
29-04-2021 12:00,4,78.29166667,28.89833333,62.48883333,462.029,0.1882,292.5666667,36.06166667,45.095
29-04-2021 12:00,5,51.44333333,23.875,173.3656167,1094.239,19.16503333,460.2466667,35.14166667,46.24
29-04-2021 12:00,6,71.88333333,27.21166667,102.0105667,1704.102,34.03283333,482.5166667,34.545,48.31333333
29-04-2021 13:00,1,69.175,26.42166667,146.4398,831.232,42.2509,252.83,34.51,49.32333333
29-04-2021 13:00,2,49.01166667,21.97333333,158.7412667,0.0,23.87003333,402.17,34.50166667,46.07333333
29-04-2021 13:00,3,0.0,38.39333333,60.82028333,782.336,0.7528,343.6566667,34.55333333,50.865
29-04-2021 13:00,4,66.74833333,26.91666667,68.63956667,439.682,0.0,298.2433333,35.265,45.005
29-04-2021 13:00,5,55.11166667,24.95833333,221.8844333,1536.022,54.26433333,454.57,34.40166667,46.68166667
29-04-2021 13:00,6,81.51833333,29.48,106.3291667,2708.762,51.2845,482.5166667,34.50666667,47.855
29-04-2021 14:00,1,67.15833333,25.99,149.7769,833.142,50.31213333,239.73,34.96333333,47.65333333
29-04-2021 14:00,2,51.80833333,23.91666667,209.0595,0.0,53.637,330.9933333,33.73333333,50.97666667
29-04-2021 14:00,3,0.0,51.39,148.3700833,1072.656,49.90436667,290.3833333,32.52666667,58.37833333
29-04-2021 14:00,4,94.16833333,29.02,114.73735,686.263,22.3958,299.99,34.68833333,48.705
29-04-2021 14:00,5,52.17833333,23.09166667,243.5428667,1764.84,75.9387,475.9666667,33.74,50.65166667
29-04-2021 14:00,6,75.54333333,26.04333333,133.6803,1364.313,60.44356667,421.82,33.54666667,51.02166667
29-04-2021 15:00,1,61.02333333,23.31333333,173.1038833,964.55,117.5309,264.62,34.275,52.35833333
29-04-2021 15:00,2,48.905,21.38166667,193.9116833,0.0,67.8461,330.9933333,32.575,57.81333333
29-04-2021 15:00,3,0.0,47.985,151.3800167,1437.466,67.43833333,321.3866667,32.16,60.42
29-04-2021 15:00,4,71.34333333,24.97666667,121.5424167,805.065,43.88196667,314.8366667,33.34,55.47
29-04-2021 15:00,5,46.245,20.78833333,221.2628167,1534.494,75.97006667,462.43,33.25166667,54.785
29-04-2021 15:00,6,68.63333333,23.39833333,137.2137,1685.002,93.88043333,472.91,32.73333333,57.02333333
29-04-2021 16:00,1,54.38833333,20.10333333,166.4296833,1054.32,155.5159333,274.2266667,32.04666667,60.27666667
29-04-2021 16:00,2,45.97166667,19.39,163.22345,0.0,66.49733333,369.42,31.80833333,59.09
29-04-2021 16:00,3,0.0,23.37333333,113.1996667,1282.756,65.3054,354.5733333,30.7,66.20833333
29-04-2021 16:00,4,63.23166667,22.745,107.1143667,909.351,58.65566667,325.7533333,32.37333333,59.19833333
29-04-2021 16:00,5,40.39333333,18.305,158.0542167,1410.726,77.0679,469.4166667,31.905,60.42166667
29-04-2021 16:00,6,55.16166667,20.21333333,115.0645167,1736.572,89.80276667,480.3333333,31.82,59.02833333
29-04-2021 17:00,1,59.94666667,22.32833333,162.24195,1177.515,172.1716333,274.6633333,31.04333333,63.90166667
29-04-2021 17:00,2,43.57833333,17.36666667,154.97885,0.0,71.29643333,401.7333333,30.90666667,61.95
29-04-2021 17:00,3,0.0,20.53666667,79.92681667,1321.529,49.74753333,375.5333333,30.94166667,63.81166667
29-04-2021 17:00,4,55.92166667,23.47166667,96.90676667,917.182,61.19636667,309.5966667,31.61,62.36
29-04-2021 17:00,5,33.94666667,15.99166667,150.66025,1948.582,87.3248,541.4666667,31.31666667,64.18166667
29-04-2021 17:00,6,53.8,19.21833333,114.5737667,2273.664,110.5361333,576.8366667,31.13333333,64.34
29-04-2021 18:00,1,52.14333333,20.98166667,145.16385,1090.037,165.4905333,259.38,30.19333333,66.59166667
29-04-2021 18:00,2,41.785,16.35666667,186.2887,0.0,91.1829,376.8433333,29.83,71.465
29-04-2021 18:00,3,0.0,17.95,91.63938333,1149.629,63.29793333,329.2466667,30.11333333,70.52833333
29-04-2021 18:00,4,53.42166667,22.19666667,106.3291667,1083.161,76.7856,308.7233333,30.565,67.64666667
29-04-2021 18:00,5,31.87166667,15.13,143.8879,1988.119,87.29343333,519.1966667,30.61333333,67.765
29-04-2021 18:00,6,46.43,17.41833333,115.4244,2159.064,120.1657,534.48,30.365,70.38
29-04-2021 19:00,1,46.50166667,19.28166667,136.8538167,1061.387,156.1432667,246.7166667,29.43,70.48166667
29-04-2021 19:00,2,43.05,17.64,171.1408833,0.0,97.4876,468.5433333,29.45666667,74.4
29-04-2021 19:00,3,0.0,18.44666667,87.45165,1246.466,71.57873333,333.1766667,29.93,71.58
29-04-2021 19:00,4,55.465,23.045,99.7204,955.764,72.5511,268.9866667,29.88833333,70.75166667
29-04-2021 19:00,5,31.71166667,15.035,131.22655,1443.005,82.02383333,398.24,30.10333333,69.34666667
29-04-2021 19:00,6,43.85084746,17.50677966,100.8449661,2317.250847,115.1528814,536.8779661,30.18983051,70.34237288
29-04-2021 20:00,1,42.945,18.3,151.4781667,1037.13,173.3949333,223.5733333,28.67666667,76.92333333
29-04-2021 20:00,2,41.01,15.82833333,151.8707667,0.0,88.98723333,390.8166667,29.27166667,73.94166667
29-04-2021 20:00,3,0.0,18.57,79.04346667,1237.107,66.46596667,308.7233333,29.68,69.47333333
29-04-2021 20:00,4,65.38833333,26.48666667,98.90248333,994.155,81.89836667,258.07,29.46,72.67
29-04-2021 20:00,5,34.00666667,15.78833333,131.5537167,1240.354,80.23593333,355.4466667,29.59,71.82666667
29-04-2021 20:00,6,39.80166667,17.44166667,92.49001667,1445.488,98.805,363.7433333,30.13833333,69.15
29-04-2021 21:00,1,38.745,17.35166667,145.4910167,938.192,159.7190667,203.05,28.22,80.69
29-04-2021 21:00,2,41.745,16.17166667,150.9219833,0.0,89.80276667,327.9366667,29.025,75.41333333
29-04-2021 21:00,3,0.0,19.25862069,86.47353448,1100.950345,71.77558621,277.3586207,29.22068966,73.33103448
29-04-2021 21:00,4,68.91666667,27.88333333,100.1457167,764.0,84.18813333,224.4466667,29.04166667,75.79833333
29-04-2021 21:00,5,30.98666667,14.76833333,136.1994833,1091.183,82.74526667,319.64,29.10166667,76.055
29-04-2021 21:00,6,48.97,19.02,92.98076667,1502.215,105.6429333,361.1233333,29.805,72.76833333
29-04-2021 22:00,1,37.26333333,16.50333333,135.8723167,893.307,156.9274333,182.09,28.03666667,82.155
29-04-2021 22:00,2,43.43166667,16.96166667,148.0756333,0.0,92.81396667,305.6666667,28.93,76.94
29-04-2021 22:00,3,0.0,18.485,81.23548333,1183.436,68.81846667,263.7466667,29.06833333,73.98
29-04-2021 22:00,4,58.465,24.11333333,96.74318333,640.614,74.18216667,200.8666667,28.83,77.11833333
29-04-2021 22:00,5,33.79333333,15.80833333,126.6789333,1431.545,81.89836667,328.81,29.09,75.85666667
29-04-2021 22:00,6,51.17666667,18.97333333,95.14006667,2376.804,113.7982667,480.3333333,29.39,74.10333333
29-04-2021 23:00,1,39.78166667,17.69666667,123.7998667,773.741,145.0081,159.3833333,28.00833333,81.33166667
29-04-2021 23:00,2,43.89833333,18.05833333,134.95625,0.0,77.56976667,216.5866667,28.55666667,78.94666667
29-04-2021 23:00,3,0.0,19.125,78.25826667,1050.882,68.56753333,241.04,28.97833333,74.145
29-04-2021 23:00,4,57.16666667,23.51833333,90.26528333,551.417,72.7393,176.85,28.77333333,76.94
29-04-2021 23:00,5,34.66166667,16.10166667,117.9435833,1030.254,76.1269,270.2966667,28.96166667,75.89666667
29-04-2021 23:00,6,39.32333333,17.45166667,87.77881667,1158.033,101.7221,279.03,29.67333333,73.21666667
30-04-2021 00:00,1,40.20833333,17.62,119.3176833,746.619,139.1425333,154.1433333,27.73666667,81.545
30-04-2021 00:00,2,43.655,17.22833333,130.3104833,0.0,80.70643333,194.7533333,28.37833333,79.31
30-04-2021 00:00,3,0.0,18.685,75.67365,927.878,65.80726667,212.6566667,28.77,74.80666667
30-04-2021 00:00,4,54.37,22.6,85.5868,494.69,72.80203333,158.9466667,28.545,76.695
30-04-2021 00:00,5,30.91,14.8,113.5268333,801.245,69.88493333,226.1933333,28.68833333,76.885
30-04-2021 00:00,6,40.61333333,16.80666667,82.41328333,982.313,93.66086667,238.8566667,29.36333333,74.47
30-04-2021 01:00,1,36.895,16.225,122.00045,739.552,147.9879333,147.5933333,27.52333333,83.13166667
30-04-2021 01:00,2,39.49137931,14.87586207,121.4690862,0.0,67.45996552,167.5896552,28.15862069,79.2137931
30-04-2021 01:00,3,0.0,16.115,73.25261667,657.613,64.8349,183.8366667,28.535,75.61
30-04-2021 01:00,4,55.99333333,23.22166667,83.78738333,517.801,63.92526667,157.6366667,28.31166667,77.90333333
30-04-2021 01:00,5,28.355,13.53333333,109.04465,427.649,65.14856667,185.5833333,28.52,76.68833333
30-04-2021 01:00,6,40.80344828,15.77241379,82.27677586,802.5951724,100.7194483,208.2448276,28.83965517,76.52586207
30-04-2021 02:00,1,39.98666667,17.61166667,120.43005,736.114,148.7407333,145.41,27.65833333,83.445
30-04-2021 02:00,2,37.75333333,13.76,122.8510833,0.0,69.69673333,165.9333333,28.08166667,80.18
30-04-2021 02:00,3,0.0,15.48666667,66.84015,562.113,59.22026667,174.6666667,28.76833333,74.605
30-04-2021 02:00,4,52.735,22.26666667,80.84288333,457.445,64.1762,155.4533333,28.27333333,77.945
30-04-2021 02:00,5,30.615,14.13166667,109.7644167,484.949,68.91256667,199.9933333,28.62,76.39333333
30-04-2021 02:00,6,31.82333333,14.30666667,80.77745,652.265,91.59066667,173.7933333,28.68666667,76.36166667
30-04-2021 03:00,1,38.29833333,16.975,119.8738667,742.99,144.1925667,140.17,27.63666667,84.31166667
30-04-2021 03:00,2,38.20333333,14.15166667,125.14125,0.0,67.78336667,177.2866667,28.16166667,80.37833333
30-04-2021 03:00,3,0.0,14.84833333,70.63528333,496.791,59.03206667,167.2433333,28.72833333,75.38666667
30-04-2021 03:00,4,53.91333333,22.82333333,83.4275,422.683,68.9753,154.58,28.18,79.43666667
30-04-2021 03:00,5,28.605,13.68166667,107.3761,587.134,69.0694,243.2233333,28.62833333,77.77166667
30-04-2021 03:00,6,31.74833333,14.59333333,81.23548333,671.556,93.40993333,174.6666667,28.635,77.72166667
30-04-2021 04:00,1,41.64333333,18.51666667,112.2508833,751.776,142.5928667,156.3266667,27.74666667,83.34166667
30-04-2021 04:00,2,41.13166667,16.37166667,126.6135,0.0,75.31136667,210.0366667,28.09,81.40166667
30-04-2021 04:00,3,0.0,15.775,78.19283333,555.046,66.56006667,174.23,28.74333333,76.46833333
30-04-2021 04:00,4,58.01,25.17833333,82.80588333,506.341,70.1045,158.51,28.00833333,80.545
30-04-2021 04:00,5,30.80333333,14.555,114.4756167,742.226,77.97753333,258.5066667,28.545,78.80666667
30-04-2021 04:00,6,39.29666667,15.855,84.83431667,864.084,102.2239667,207.4166667,28.58666667,78.80166667
30-04-2021 05:00,1,51.47333333,21.82166667,112.57805,896.745,151.7833,178.5966667,27.52833333,84.16833333
30-04-2021 05:00,2,43.92333333,18.35166667,135.1852667,0.0,88.39126667,313.9633333,28.06833333,82.805
30-04-2021 05:00,3,0.0,19.20333333,81.36635,779.853,78.0089,203.9233333,28.745,76.92333333
30-04-2021 05:00,4,81.65333333,28.815,81.8571,780.426,73.1157,191.26,27.98666667,80.89166667
30-04-2021 05:00,5,31.94166667,15.17,121.2806833,598.594,83.21576667,205.67,28.435,79.93833333
30-04-2021 05:00,6,37.58666667,16.72833333,83.4275,957.101,104.0746,225.7566667,28.98166667,77.88833333
30-04-2021 06:00,1,63.60333333,21.31333333,109.8625667,980.403,149.0230333,195.19,27.77,83.62666667
30-04-2021 06:00,2,45.78333333,19.91333333,128.4129167,0.0,88.454,388.6333333,29.33,77.44
30-04-2021 06:00,3,0.0,21.43333333,75.86995,1038.467,72.457,250.21,28.88166667,75.81833333
30-04-2021 06:00,4,67.165,28.10333333,77.27676667,787.493,67.5638,199.9933333,28.67666667,76.58333333
30-04-2021 06:00,5,32.76,15.64166667,110.3206,865.612,74.08806667,250.6466667,28.66833333,78.00666667
30-04-2021 06:00,6,39.67833333,18.11333333,78.02925,1416.265,93.66086667,313.5266667,29.4,74.67666667
30-04-2021 07:00,1,66.99666667,22.69166667,75.83723333,872.106,96.98573333,188.2033333,28.96166667,76.09666667
30-04-2021 07:00,2,46.795,21.12,89.83996667,0.0,54.98576667,437.9766667,30.99333333,67.29333333
30-04-2021 07:00,3,0.0,20.77166667,54.24423333,755.787,47.58323333,220.9533333,29.82666667,71.18166667
30-04-2021 07:00,4,57.21166667,24.81666667,61.0493,652.647,46.89316667,208.7266667,29.83333333,71.99
30-04-2021 07:00,5,35.27166667,16.77,94.97648333,752.922,56.5541,254.5766667,29.52833333,73.30833333
30-04-2021 07:00,6,44.075,19.375,70.92973333,1262.51,81.99246667,302.1733333,30.13166667,70.92333333
30-04-2021 08:00,1,56.64,21.275,65.00801667,824.738,66.87373333,188.64,30.80666667,67.60333333
30-04-2021 08:00,2,46.615,20.615,92.75175,0.0,44.28973333,340.1633333,31.79,62.21
30-04-2021 08:00,3,0.0,23.71166667,42.76068333,743.563,30.6766,244.5333333,31.24833333,64.85666667
30-04-2021 08:00,4,53.425,23.42166667,43.70946667,649.4,28.01043333,234.0533333,31.21666667,64.79333333
30-04-2021 08:00,5,47.16,21.54666667,65.30246667,768.966,34.59743333,302.61,31.655,64.22333333
30-04-2021 08:00,6,48.88166667,21.005,64.3864,1223.737,61.5414,304.7933333,31.11166667,65.04833333
30-04-2021 09:00,1,61.35833333,23.815,64.41911667,785.201,35.31886667,193.4433333,32.40333333,60.69
30-04-2021 09:00,2,46.94333333,20.95166667,95.85983333,0.0,36.94993333,362.87,32.80166667,57.90666667
30-04-2021 09:00,3,0.0,24.93333333,45.5416,682.252,19.25913333,254.14,32.49666667,58.79666667
30-04-2021 09:00,4,51.96166667,22.86833333,38.37665,585.606,10.4451,253.2666667,32.72166667,58.47833333
30-04-2021 09:00,5,49.5,22.47833333,49.20586667,732.294,2.823,364.18,33.53833333,56.42
30-04-2021 09:00,6,55.705,23.16166667,81.88981667,1443.196,73.9626,361.1233333,32.04666667,61.89833333
30-04-2021 10:00,1,53.00166667,21.21,53.5899,666.399,2.572066667,192.57,34.08,52.55166667
30-04-2021 10:00,2,46.58833333,20.84833333,107.7032667,0.0,25.8775,334.9233333,33.48833333,54.12666667
30-04-2021 10:00,3,0.0,25.34333333,49.40216667,626.48,7.026133333,268.55,33.82,54.40833333
30-04-2021 10:00,4,50.38666667,22.51166667,42.07363333,520.093,1.442866667,262.0,34.40333333,52.38333333
30-04-2021 10:00,5,47.30666667,22.575,88.82575,747.574,2.227033333,400.86,35.14666667,50.66
30-04-2021 10:00,6,55.07666667,23.81166667,79.04346667,1252.96,45.168,322.6966667,32.94333333,57.78333333
30-04-2021 11:00,1,50.83166667,21.01166667,71.6495,646.344,5.991033333,226.63,35.25166667,49.52166667
30-04-2021 11:00,2,46.11,20.705,146.6688167,0.0,29.57876667,289.0733333,33.65333333,52.88166667
30-04-2021 11:00,3,0.0,23.41666667,59.02086667,533.081,0.972366667,271.6066667,34.24833333,51.43833333
30-04-2021 11:00,4,48.585,22.01333333,37.91861667,471.197,0.0,289.0733333,35.44833333,47.59333333
30-04-2021 11:00,5,43.00833333,20.77666667,126.3517667,789.212,8.8454,428.37,35.45166667,48.88
30-04-2021 11:00,6,49.27166667,21.58666667,78.19283333,954.045,17.18893333,278.1566667,34.09333333,52.375
30-04-2021 12:00,1,47.27833333,20.995,87.68066667,678.241,15.49513333,255.0133333,35.20833333,49.92333333
30-04-2021 12:00,2,46.10333333,20.75333333,137.31185,0.0,26.97533333,330.12,34.84166667,50.04333333
30-04-2021 12:00,3,0.0,26.04333333,69.98095,545.114,2.321133333,274.6633333,34.34166667,51.835
30-04-2021 12:00,4,51.80166667,23.41833333,51.52875,429.941,0.0,303.0466667,36.075,46.49166667
30-04-2021 12:00,5,44.57833333,21.60833333,163.8777833,687.982,15.65196667,380.7733333,35.155,49.21
30-04-2021 12:00,6,54.68166667,23.465,68.73771667,1092.52,7.1516,358.94,35.26666667,49.65666667
30-04-2021 13:00,1,48.10333333,21.53666667,131.9790333,769.157,58.342,240.1666667,34.23666667,52.17333333
30-04-2021 13:00,2,43.685,18.86666667,124.9776667,0.0,18.12993333,340.6,34.55666667,52.69666667
30-04-2021 13:00,3,0.0,24.18,65.7605,603.56,0.595966667,335.7966667,35.14,51.37666667
30-04-2021 13:00,4,49.41333333,21.96833333,62.06351667,485.331,0.815533333,347.5866667,36.27166667,48.145
30-04-2021 13:00,5,40.70166667,19.38,199.14635,787.684,50.814,349.77,34.24333333,53.445
30-04-2021 13:00,6,54.68833333,22.86166667,62.97958333,1033.883,2.979833333,416.58,35.82833333,49.205
30-04-2021 14:00,1,46.03,20.41333333,144.7385333,779.471,69.94766667,224.8833333,34.75666667,50.54833333
30-04-2021 14:00,2,41.64,17.21,114.0503,0.0,20.4197,367.2366667,34.81666667,52.29666667
30-04-2021 14:00,3,0.0,22.32166667,61.57276667,604.515,1.913366667,344.0933333,34.61333333,52.50833333
30-04-2021 14:00,4,44.84833333,20.21833333,64.41911667,482.848,4.359966667,353.2633333,35.74,50.14666667
30-04-2021 14:00,5,36.52166667,17.27,179.0910333,757.506,58.87523333,347.15,33.83166667,55.96333333
30-04-2021 14:00,6,45.37833333,19.945,36.05376667,831.996,0.313666667,482.5166667,36.23333333,49.20333333
30-04-2021 15:00,1,40.41666667,18.06833333,105.4131,780.235,45.8267,273.3533333,35.495,50.24
30-04-2021 15:00,2,40.22833333,16.10833333,106.8526333,0.0,21.14113333,381.6466667,34.21833333,53.69666667
30-04-2021 15:00,3,0.0,18.955,74.56128333,601.459,10.47646667,336.2333333,34.18166667,54.97833333
30-04-2021 15:00,4,42.365,19.07333333,72.631,613.874,22.6781,348.0233333,34.765,53.385
30-04-2021 15:00,5,34.45166667,16.42166667,157.6943333,767.438,56.52273333,357.63,33.485,57.14666667
30-04-2021 15:00,6,39.755,17.81,47.21015,947.933,2.509333333,518.76,35.23666667,52.16666667
30-04-2021 16:00,1,39.13666667,16.81333333,118.85965,887.004,96.32703333,289.0733333,33.56,56.20333333
30-04-2021 16:00,2,38.42333333,14.53,120.1356,0.0,37.8282,353.7,33.145,55.56
30-04-2021 16:00,3,0.0,17.71666667,83.39478333,711.475,34.56606667,311.78,33.28166667,57.45833333
30-04-2021 16:00,4,39.47166667,17.805,82.02068333,670.601,40.87076667,313.5266667,33.29166667,57.165
30-04-2021 16:00,5,31.75,15.37333333,139.7983167,777.179,57.9656,350.2066667,32.67333333,59.66333333
30-04-2021 16:00,6,37.72666667,16.25333333,86.1757,1300.328,60.0358,496.0533333,33.62666667,56.12
30-04-2021 17:00,1,43.63833333,18.18666667,136.91925,984.796,138.3897333,280.34,31.675,62.61333333
30-04-2021 17:00,2,38.36666667,14.47166667,139.9946167,0.0,54.26433333,315.2733333,31.615,61.33
30-04-2021 17:00,3,0.0,17.06333333,76.81873333,820.154,43.88196667,303.92,32.12833333,60.58666667
30-04-2021 17:00,4,40.65333333,17.95666667,85.12876667,792.841,56.30316667,302.61,32.03666667,62.36666667
30-04-2021 17:00,5,30.68,14.85166667,119.6121333,979.066,61.9178,363.3066667,31.85666667,62.67166667
30-04-2021 17:00,6,37.58166667,15.72833333,96.90676667,1300.519,90.8065,428.8066667,32.22333333,61.36166667
30-04-2021 18:00,1,42.34,18.47833333,132.3389167,969.516,147.0155667,260.69,30.55,66.90166667
30-04-2021 18:00,2,37.08679245,13.41132075,169.373566,0.0,79.36358491,278.3132075,30.20566038,70.5509434
30-04-2021 18:00,3,0.0,15.27666667,85.5868,881.656,61.10226667,289.9466667,30.97,66.92333333
30-04-2021 18:00,4,43.64666667,19.43666667,89.28378333,844.984,65.3054,281.2133333,30.95,66.6
30-04-2021 18:00,5,27.68666667,13.39666667,125.7628667,1023.187,72.457,344.0933333,30.88833333,67.61333333
30-04-2021 18:00,6,34.95333333,15.72166667,102.4031667,1505.271,107.3053667,430.5533333,31.27,66.95166667
30-04-2021 19:00,1,35.37,15.94333333,136.33035,938.956,154.0417,243.66,29.47333333,74.06666667
30-04-2021 19:00,2,37.03833333,13.52,150.3330833,0.0,77.28746667,260.69,29.72333333,73.65666667
30-04-2021 19:00,3,0.0,15.81,86.43743333,1011.345,66.65416667,280.7766667,30.28333333,69.115
30-04-2021 19:00,4,47.89333333,20.905,87.58251667,917.946,69.1635,275.1,30.29,69.625
30-04-2021 19:00,5,31.505,15.14,123.9961667,1157.269,75.4682,338.4166667,30.20333333,71.04333333
30-04-2021 19:00,6,36.51166667,16.74,96.80861667,1570.593,106.5525667,400.86,30.78666667,68.76833333
30-04-2021 20:00,1,38.075,17.10666667,134.95625,933.226,158.3389333,227.94,28.87166667,78.9
30-04-2021 20:00,2,36.55,13.17333333,150.0386333,0.0,80.20456667,235.8,29.43666667,75.74833333
30-04-2021 20:00,3,0.0,16.13333333,83.49293333,972.19,67.9402,257.1966667,29.8,71.695
30-04-2021 20:00,4,48.02666667,21.05833333,93.73325,785.965,76.6915,249.7733333,29.81,73.635
30-04-2021 20:00,5,31.35666667,15.02,119.7757167,1215.142,76.9738,327.9366667,29.82666667,73.59166667
30-04-2021 20:00,6,43.83666667,17.79333333,90.26528333,1766.559,103.1649667,413.5233333,30.52333333,70.77
30-04-2021 21:00,1,33.41166667,15.02,125.92645,898.082,151.4382667,214.84,28.59666667,81.275
30-04-2021 21:00,2,37.53666667,13.71333333,139.5365833,0.0,82.46296667,266.3666667,29.265,77.63833333
30-04-2021 21:00,3,0.0,13.27068966,81.53218966,879.8513793,66.77855172,245.2862069,29.52586207,75.05172414
30-04-2021 21:00,4,51.44333333,21.75833333,95.14006667,740.698,76.66013333,235.3633333,29.39666667,77.17
30-04-2021 21:00,5,24.66833333,11.955,127.9876,920.238,77.75796667,286.4533333,29.44333333,77.78166667
30-04-2021 21:00,6,31.015,14.64666667,91.41036667,1239.781,102.1612333,323.57,30.21333333,74.11166667
30-04-2021 22:00,1,32.555,14.61166667,119.743,875.735,147.7997333,208.29,28.28666667,83.67166667
30-04-2021 22:00,2,37.53,13.665,139.1767,0.0,84.65863333,251.0833333,29.055,79.91333333
30-04-2021 22:00,3,0.0,14.24,82.0534,823.592,71.3278,228.3766667,29.28666667,77.90833333
30-04-2021 22:00,4,53.64,22.37833333,91.99926667,737.642,74.5272,220.9533333,29.14833333,79.73166667
30-04-2021 22:00,5,25.74666667,12.38833333,124.7813667,763.236,79.85953333,251.52,29.12166667,80.99333333
30-04-2021 22:00,6,30.74666667,14.52166667,93.37336667,1046.489,107.3994667,276.8466667,29.94833333,77.68666667
30-04-2021 23:00,1,31.79,14.23666667,113.36325,832.569,140.3031,186.4566667,28.065,84.415
30-04-2021 23:00,2,36.33166667,12.74833333,130.63765,0.0,73.27253333,213.53,28.73166667,82.14166667
30-04-2021 23:00,3,0.0,13.55666667,77.3422,677.668,67.06193333,202.6133333,29.12833333,78.27
30-04-2021 23:00,4,54.745,23.11166667,87.45165,602.987,75.7505,191.26,28.885,81.11833333
30-04-2021 23:00,5,27.23166667,13.03333333,113.1015167,597.83,69.1635,220.5166667,29.01166667,80.96333333
30-04-2021 23:00,6,28.90333333,13.82333333,85.7831,1054.129,100.0596667,272.48,29.60333333,78.37
01-05-2021 00:00,1,28.79833333,12.95666667,105.4785333,787.302,134.9394,164.6233333,27.98333333,83.84
01-05-2021 00:00,2,34.58679245,11.39811321,110.9650566,0.0,63.17128302,185.8716981,28.53584906,82.76603774
01-05-2021 00:00,3,0.0,13.54166667,72.46741667,819.581,63.26656667,212.22,29.22,77.88666667
01-05-2021 00:00,4,47.96666667,21.185,79.01075,543.204,66.21503333,182.5266667,28.61,81.98666667
01-05-2021 00:00,5,26.34333333,12.715,107.6051167,901.329,66.65416667,236.2366667,28.88666667,81.18833333
01-05-2021 00:00,6,27.70166667,13.26833333,78.97803333,1109.328,93.50403333,257.1966667,29.22666667,79.73166667
01-05-2021 01:00,1,27.57166667,12.19,107.2125167,745.473,132.0223,157.2,27.765,85.07666667
01-05-2021 01:00,2,34.32413793,11.08448276,98.48844828,0.0,61.19744828,184.7551724,28.39482759,82.92586207
01-05-2021 01:00,3,0.0,12.69666667,57.3196,820.536,54.26433333,207.4166667,29.27833333,77.45166667
01-05-2021 01:00,4,51.22333333,22.50166667,77.60393333,427.649,68.5989,166.8066667,28.50333333,82.31166667
01-05-2021 01:00,5,23.35333333,11.27666667,102.6976167,539.957,64.89763333,204.7966667,28.64833333,82.35666667
01-05-2021 01:00,6,24.81551724,12.40517241,76.04932759,899.4124138,89.78437931,221.7965517,29.35344828,79.02413793
01-05-2021 02:00,1,27.175,11.94666667,106.5909,736.878,132.3359667,157.2,27.495,86.24666667
01-05-2021 02:00,2,34.96,11.63666667,103.54825,0.0,62.79606667,185.1466667,28.3,82.63333333
01-05-2021 02:00,3,0.0,13.1245614,53.13875439,839.9978947,52.66298246,208.2210526,28.9754386,78.48421053
01-05-2021 02:00,4,58.29333333,24.86166667,74.72486667,415.998,70.4809,157.2,28.42333333,81.64
01-05-2021 02:00,5,24.055,11.605,102.3050167,526.396,66.18366667,191.26,28.43166667,83.16333333
01-05-2021 02:00,6,24.96166667,12.51,71.61678333,861.028,86.82293333,209.6,29.07166667,79.59833333
01-05-2021 03:00,1,27.70833333,12.185,103.5809667,704.599,134.5943667,157.2,27.27333333,87.605
01-05-2021 03:00,2,34.49166667,11.35333333,114.9663667,0.0,77.31883333,179.0333333,27.955,83.82
01-05-2021 03:00,3,0.0,11.99833333,69.06488333,589.235,61.22773333,166.8066667,28.5,79.68
01-05-2021 03:00,4,60.20166667,24.85333333,78.48728333,400.909,71.64146667,154.1433333,28.22833333,82.45666667
01-05-2021 03:00,5,22.82666667,11.125,100.60375,393.269,63.10973333,180.78,28.37666667,82.60833333
01-05-2021 03:00,6,25.22,12.90166667,71.19146667,796.088,85.0664,199.12,29.085,79.10333333
01-05-2021 04:00,1,31.71166667,14.09,99.9167,768.202,132.9319333,164.6233333,27.1,87.77833333
01-05-2021 04:00,2,37.57,13.95166667,114.8355,0.0,78.8558,237.5466667,27.99833333,83.50166667
01-05-2021 04:00,3,0.0,11.825,82.77316667,536.328,72.6452,158.0733333,28.20166667,81.64166667
01-05-2021 04:00,4,63.47833333,27.03,79.53421667,513.408,70.82593333,156.3266667,28.01666667,83.83833333
01-05-2021 04:00,5,24.87833333,11.93333333,107.5069667,378.562,73.42936667,167.68,28.07,84.41333333
01-05-2021 04:00,6,25.92333333,12.92,74.7903,676.522,94.3823,178.16,29.16833333,79.66833333
01-05-2021 05:00,1,38.13333333,17.17833333,99.58953333,874.016,143.7220667,192.57,26.88,88.91
01-05-2021 05:00,2,41.21166667,17.07833333,116.2750333,0.0,81.14556667,286.4533333,28.04833333,83.91666667
01-05-2021 05:00,3,0.0,14.17666667,87.1572,662.388,84.3136,172.92,28.14166667,82.38166667
01-05-2021 05:00,4,72.14666667,28.5,77.60393333,635.266,75.40546667,174.6666667,27.93166667,84.07666667
01-05-2021 05:00,5,25.29333333,12.095,107.2125167,436.244,76.72286667,175.1033333,27.955,85.00833333
01-05-2021 05:00,6,28.05333333,13.42166667,74.95388333,776.988,95.29193333,194.3166667,29.06,80.42
01-05-2021 06:00,1,46.54166667,19.39,93.4388,911.643,132.7437333,189.5133333,27.525,86.465
01-05-2021 06:00,2,42.185,17.67666667,106.7217667,0.0,75.6564,309.5966667,29.51333333,78.43666667
01-05-2021 06:00,3,0.0,19.64666667,78.29098333,789.212,77.8207,203.4866667,28.68833333,79.83666667
01-05-2021 06:00,4,58.85166667,24.19333333,68.41055,602.605,61.22773333,183.4,28.55166667,80.08833333
01-05-2021 06:00,5,28.235,13.52,100.21115,615.975,72.42563333,209.1633333,28.33333333,82.55666667
01-05-2021 06:00,6,31.88166667,14.71833333,73.44891667,1125.181,100.0910333,269.86,29.2,78.98833333
01-05-2021 07:00,1,46.52833333,18.77166667,67.95251667,826.648,87.95213333,180.78,29.375,77.29333333
01-05-2021 07:00,2,43.32833333,18.78833333,82.47871667,0.0,48.2733,316.5833333,31.51,69.67166667
01-05-2021 07:00,3,0.0,16.37666667,54.93128333,761.517,47.36366667,218.3333333,30.26166667,73.29333333
01-05-2021 07:00,4,47.72,21.22,58.6937,579.303,44.16426667,197.3733333,29.84833333,74.96666667
01-05-2021 07:00,5,27.97666667,13.43,95.56538333,640.423,55.20533333,220.9533333,29.38666667,77.57166667
01-05-2021 07:00,6,35.26,16.58,71.35505,1080.678,83.3726,265.4933333,30.23333333,74.37833333
01-05-2021 08:00,1,40.28666667,17.795,69.42476667,819.008,67.43833333,182.9633333,31.23,70.28166667
01-05-2021 08:00,2,40.975,16.92333333,93.60238333,0.0,38.14186667,296.9333333,32.04666667,67.025
01-05-2021 08:00,3,0.0,15.985,38.60566667,724.272,25.81476667,237.9833333,31.71166667,67.86166667
01-05-2021 08:00,4,50.07166667,21.69166667,45.44345,613.874,27.72813333,224.4466667,31.92166667,66.97833333
01-05-2021 08:00,5,32.01833333,15.73666667,55.45475,680.151,26.84986667,286.4533333,32.12833333,66.68333333
01-05-2021 08:00,6,34.58,16.29833333,64.32096667,1052.219,61.29046667,269.86,31.26,69.47666667
01-05-2021 09:00,1,35.47666667,15.835,38.70381667,719.879,24.68556667,194.3166667,32.955,62.28833333
01-05-2021 09:00,2,38.42166667,14.815,76.52428333,0.0,18.22403333,321.8233333,32.99166667,60.74166667
01-05-2021 09:00,3,0.0,17.19833333,31.73516667,664.68,8.3749,251.0833333,33.08833333,60.97833333
01-05-2021 09:00,4,44.27666667,19.29333333,28.16905,623.424,2.415233333,259.38,33.355,60.50333333
01-05-2021 09:00,5,32.495,16.24666667,34.05805,617.312,0.0,329.2466667,34.10333333,57.835
01-05-2021 09:00,6,39.45333333,18.2,63.24131667,1276.835,45.98353333,312.6533333,32.50666667,62.72166667
01-05-2021 10:00,1,33.72166667,15.26833333,29.70673333,668.882,3.4817,220.9533333,34.38333333,56.57666667
01-05-2021 10:00,2,38.57,14.85666667,86.14298333,0.0,13.86406667,319.2033333,33.95666667,56.935
01-05-2021 10:00,3,0.0,16.54833333,32.42221667,566.888,2.2584,257.6333333,34.075,56.83
01-05-2021 10:00,4,39.295,17.54333333,30.39378333,552.754,0.031366667,264.62,34.41666667,54.94166667
01-05-2021 10:00,5,29.83833333,15.1,40.20878333,592.291,0.0,403.48,35.78833333,51.28166667
01-05-2021 10:00,6,37.67666667,17.44166667,53.29545,1116.013,23.08586667,313.9633333,34.06833333,55.94333333
01-05-2021 11:00,1,35.89333333,16.17833333,52.31395,684.353,8.908133333,244.0966667,35.425,52.995
01-05-2021 11:00,2,39.875,15.77666667,103.54825,0.0,17.3144,325.3166667,34.44,55.42666667
01-05-2021 11:00,3,0.0,16.97,47.07928333,598.976,1.0351,275.1,34.705,54.24833333
01-05-2021 11:00,4,37.62666667,17.15333333,22.50906667,475.59,0.031366667,290.3833333,36.06166667,49.37833333
01-05-2021 11:00,5,30.05833333,15.12166667,89.77453333,567.079,0.0,411.34,36.25,49.63333333
01-05-2021 11:00,6,36.73,17.06333333,57.9085,1057.185,11.69976667,334.05,34.41333333,55.17166667
01-05-2021 12:00,1,32.34,14.825,52.54296667,687.982,10.69603333,273.3533333,35.72333333,50.76333333
01-05-2021 12:00,2,38.265,14.585,94.51845,0.0,12.10753333,338.4166667,34.9,53.935
01-05-2021 12:00,3,0.0,16.245,46.62125,656.658,1.380133333,309.5966667,34.79166667,54.105
01-05-2021 12:00,4,35.655,16.44333333,29.08511667,464.512,0.0,334.9233333,36.30333333,49.33666667
01-05-2021 12:00,5,29.42833333,14.695,144.1169167,738.979,26.56756667,403.0433333,34.96166667,53.415
01-05-2021 12:00,6,33.835,16.01833333,66.57841667,959.011,20.9843,325.7533333,34.62166667,54.42333333
01-05-2021 13:00,1,30.55833333,13.90833333,69.26118333,715.486,19.98056667,282.0866667,35.89333333,49.40166667
01-05-2021 13:00,2,36.04166667,12.78166667,79.40335,0.0,5.0814,354.1366667,35.04166667,52.60166667
01-05-2021 13:00,3,0.0,13.48166667,47.8972,605.279,1.442866667,323.1333333,34.87166667,53.95666667
01-05-2021 13:00,4,34.92666667,16.19333333,34.18891667,489.342,0.0,365.0533333,36.73333333,49.27666667
01-05-2021 13:00,5,26.51833333,13.235,162.6999833,685.881,49.84163333,346.2766667,34.34166667,55.25
01-05-2021 13:00,6,30.05166667,14.52833333,34.87596667,704.408,0.0,340.6,35.42666667,51.87166667
01-05-2021 14:00,1,30.975,13.94166667,103.5155333,764.191,59.3771,290.82,35.335,52.97
01-05-2021 14:00,2,36.12666667,12.80833333,81.20276667,0.0,7.935766667,379.4633333,34.86833333,54.065
01-05-2021 14:00,3,0.0,12.92666667,45.24715,607.189,2.7289,338.4166667,34.45833333,56.425
01-05-2021 14:00,4,33.73666667,15.32,53.52446667,506.914,8.9395,365.9266667,35.85833333,53.20666667
01-05-2021 14:00,5,26.80833333,13.27,152.4923833,706.7,55.73856667,346.2766667,34.04166667,58.30666667
01-05-2021 14:00,6,30.015,14.24666667,39.16185,789.976,2.3525,409.5933333,35.17166667,54.48166667
01-05-2021 15:00,1,30.79666667,13.58,96.7759,840.209,69.28896667,306.9766667,35.08833333,54.64333333
01-05-2021 15:00,2,35.41166667,12.29833333,88.95661667,0.0,18.78863333,371.6033333,34.14833333,55.82666667
01-05-2021 15:00,3,0.0,12.70333333,60.75485,636.603,12.95443333,328.81,34.12666667,57.80666667
01-05-2021 15:00,4,33.375,14.83666667,60.23138333,535.564,22.14486667,335.36,34.605,56.54833333
01-05-2021 15:00,5,26.09166667,12.91333333,141.3687167,791.886,54.0134,348.8966667,33.53166667,59.41333333
01-05-2021 15:00,6,29.72166667,13.80166667,46.09778333,809.076,9.3159,416.58,34.51166667,56.86666667
01-05-2021 16:00,1,41.68833333,18.32333333,91.31221667,962.831,73.52346667,293.0033333,33.86833333,53.93333333
01-05-2021 16:00,2,34.92333333,11.69333333,83.2312,0.0,23.02313333,356.32,33.19833333,54.86166667
01-05-2021 16:00,3,0.0,12.96666667,60.52583333,684.926,24.40326667,292.13,33.085,57.21833333
01-05-2021 16:00,4,30.83333333,13.80666667,61.67091667,616.357,31.3353,296.9333333,33.28833333,56.47
01-05-2021 16:00,5,24.33833333,12.02,107.0162167,751.394,44.5093,338.4166667,32.79833333,57.965
01-05-2021 16:00,6,27.45,12.24833333,66.21853333,895.599,45.8267,351.9533333,32.97666667,56.47166667
01-05-2021 17:00,1,42.385,18.73,134.3346333,1041.523,129.8266333,275.1,31.42333333,61.645
01-05-2021 17:00,2,36.665,12.775,139.2421333,0.0,54.6721,328.81,31.455,62.98
01-05-2021 17:00,3,0.0,11.095,67.59263333,806.402,38.73783333,282.0866667,31.75833333,58.18666667
01-05-2021 17:00,4,37.43,16.49333333,87.1572,742.99,55.73856667,285.1433333,31.77166667,63.21166667
01-05-2021 17:00,5,24.515,12.015,115.1953833,898.655,59.43983333,344.9666667,31.57,62.805
01-05-2021 17:00,6,27.68333333,12.38166667,86.40471667,1250.286,81.52196667,372.4766667,31.76333333,59.87
01-05-2021 18:00,1,37.41833333,16.69,137.9334667,995.874,143.7220667,253.2666667,30.54833333,66.21666667
01-05-2021 18:00,2,35.02166667,11.78333333,168.0000833,0.0,82.49433333,289.9466667,30.28833333,71.045
01-05-2021 18:00,3,0.0,12.28135593,92.92642373,931.9505085,63.09484746,276.6542373,30.78474576,67.3559322
01-05-2021 18:00,4,43.955,19.83833333,105.7402667,883.184,78.69896667,274.2266667,30.73333333,70.84333333
01-05-2021 18:00,5,24.245,11.915,137.4754333,1203.682,79.73406667,358.5033333,30.75833333,69.97833333
01-05-2021 18:00,6,27.17666667,13.16666667,108.45575,1477.958,111.7280667,389.07,30.97833333,68.52
01-05-2021 19:00,1,33.76833333,15.235,137.6390167,964.168,155.2963667,243.66,29.69,73.53166667
01-05-2021 19:00,2,35.94666667,12.3,153.3430167,0.0,85.50553333,300.4266667,29.85,74.805
01-05-2021 19:00,3,0.0,13.51666667,88.26956667,1087.936,66.74826667,296.9333333,30.365,70.81833333
01-05-2021 19:00,4,47.54,20.87333333,84.89975,1145.236,71.45326667,305.6666667,30.405,70.58333333
01-05-2021 19:00,5,26.71666667,12.91333333,124.9776667,1177.897,75.15453333,328.81,30.28333333,72.20333333
01-05-2021 19:00,6,31.53,14.775,97.9537,1746.886,108.8423333,413.0866667,30.725,70.8
01-05-2021 20:00,1,35.73166667,16.09333333,131.9136,928.069,147.7056333,224.01,29.15166667,77.295
01-05-2021 20:00,2,36.67833333,13.08,136.9519667,0.0,82.11793333,283.3966667,29.76166667,75.54666667
01-05-2021 20:00,3,0.0,13.365,79.63236667,975.246,62.41966667,266.3666667,30.00666667,71.53
01-05-2021 20:00,4,47.94666667,20.79,86.63373333,751.967,66.27776667,249.7733333,29.88833333,73.20166667
01-05-2021 20:00,5,27.01,13.1,117.9435833,1070.555,73.05296667,308.2866667,29.91833333,73.92833333
01-05-2021 20:00,6,31.8,15.36,86.07755,1343.876,95.5115,333.1766667,30.61,71.31666667
01-05-2021 21:00,1,33.495,15.02333333,123.57085,869.05,140.8990667,210.0366667,28.76666667,79.55833333
01-05-2021 21:00,2,37.70166667,13.96833333,129.7870167,0.0,77.13063333,256.3233333,29.46166667,76.27833333
01-05-2021 21:00,3,0.0,15.67,84.44171667,888.341,70.9514,244.5333333,29.59833333,74.50166667
01-05-2021 21:00,4,47.31333333,20.75333333,89.1202,677.286,68.693,217.0233333,29.4,76.38166667
01-05-2021 21:00,5,26.91833333,12.96333333,121.01895,869.241,74.4331,271.6066667,29.51833333,76.56666667
01-05-2021 21:00,6,31.88666667,14.98666667,85.12876667,1236.725,101.3457,316.1466667,30.355,73.08
01-05-2021 22:00,1,47.48833333,21.22833333,114.2466,910.497,137.7310333,213.9666667,28.445,80.69166667
01-05-2021 22:00,2,38.635,14.50333333,129.4271333,0.0,78.41666667,228.3766667,29.25,76.75666667
01-05-2021 22:00,3,0.0,13.11833333,71.19146667,781.19,58.78113333,222.2633333,29.52333333,72.95333333
01-05-2021 22:00,4,50.18666667,22.465,81.30091667,626.098,63.92526667,203.4866667,29.105,76.81166667
01-05-2021 22:00,5,26.12,12.605,112.1527333,744.518,63.67433333,250.6466667,29.245,76.76
01-05-2021 22:00,6,30.215,14.335,79.59965,1035.793,87.82666667,267.24,30.12333333,73.32
01-05-2021 23:00,1,39.38666667,17.73,106.7217667,911.834,127.1291,199.5566667,28.22333333,80.59
01-05-2021 23:00,2,38.995,15.10666667,130.2123333,0.0,73.61756667,203.05,28.86833333,77.99166667
01-05-2021 23:00,3,0.0,18.82666667,70.40626667,743.181,59.15753333,206.98,29.12333333,73.945
01-05-2021 23:00,4,55.25333333,24.48,74.03781667,602.605,62.106,193.0066667,28.98,76.19
01-05-2021 23:00,5,32.62,15.50333333,107.67055,621.514,62.106,230.1233333,29.05,76.60666667
01-05-2021 23:00,6,38.545,18.96333333,75.60821667,954.809,85.5369,247.1533333,29.98666667,72.67666667
02-05-2021 00:00,1,37.725,16.88333333,103.8754167,875.162,128.1955667,183.4,27.965,81.58833333
02-05-2021 00:00,2,39.14166667,14.99166667,122.7529333,0.0,71.3278,189.0766667,28.63666667,79.525
02-05-2021 00:00,3,0.0,17.66833333,68.01795,710.711,58.1538,197.81,28.975,75.30333333
02-05-2021 00:00,4,53.15,23.53666667,74.43041667,486.668,62.82743333,177.2866667,28.865,75.815
02-05-2021 00:00,5,30.665,14.68166667,106.5909,556.383,67.12466667,210.4733333,28.91833333,77.60833333
02-05-2021 00:00,6,33.46833333,16.49,76.68786667,772.595,88.0776,207.4166667,29.82333333,73.82166667
02-05-2021 01:00,1,33.265,14.8,102.17415,826.648,125.5294,172.92,27.82666667,81.97
02-05-2021 01:00,2,39.86551724,15.61551724,117.001569,0.0,67.78444828,203.7275862,28.63103448,80.34655172
02-05-2021 01:00,3,0.0,13.14310345,67.41889655,589.9924138,58.40689655,173.0103448,28.95,75.7362069
02-05-2021 01:00,4,55.89,24.33333333,80.90831667,443.311,73.27253333,162.44,28.75833333,77.32333333
02-05-2021 01:00,5,25.32333333,12.43166667,104.039,416.571,60.09853333,187.7666667,28.72666667,78.38333333
02-05-2021 01:00,6,27.21034483,13.93793103,75.5755,716.8427586,84.30062069,191.9827586,29.47758621,75.24827586
02-05-2021 02:00,1,27.305,12.04166667,98.5426,729.238,119.4756333,157.6366667,27.9,81.23666667
02-05-2021 02:00,2,38.19166667,14.15,113.3959667,0.0,68.75573333,200.43,28.46666667,81.79666667
02-05-2021 02:00,3,0.0,13.335,70.30811667,562.304,57.90286667,163.3133333,28.89833333,76.25
02-05-2021 02:00,4,48.77833333,21.95,77.50578333,406.257,67.53243333,157.2,28.59333333,78.315
02-05-2021 02:00,5,26.70666667,13.16666667,104.2353,451.906,60.34946667,194.3166667,28.62166667,79.63666667
02-05-2021 02:00,6,27.93833333,14.465,73.97238333,698.296,83.90583333,184.2733333,29.46833333,75.935
02-05-2021 03:00,1,26.58166667,11.77666667,97.49566667,702.689,121.4203667,157.2,27.84,80.575
02-05-2021 03:00,2,36.77333333,13.03333333,111.0403667,0.0,67.53243333,199.9933333,28.355,82.71166667
02-05-2021 03:00,3,0.0,12.86333333,75.51006667,570.326,62.13736667,161.13,28.80666667,77.10333333
02-05-2021 03:00,4,45.33333333,20.12333333,79.43606667,403.583,73.4921,145.41,28.44333333,79.55166667
02-05-2021 03:00,5,30.35166667,14.705,103.0575,475.208,63.988,194.7533333,28.56333333,80.41333333
02-05-2021 03:00,6,24.89666667,13.08833333,74.56128333,765.719,85.1605,186.02,29.32833333,77.02666667
02-05-2021 04:00,1,26.38,11.70166667,96.67775,727.137,122.4241,158.0733333,27.69333333,80.96333333
02-05-2021 04:00,2,37.98833333,14.08,117.87815,0.0,79.95363333,229.6866667,28.335,83.44166667
02-05-2021 04:00,3,0.0,14.37666667,78.22555,564.787,65.80726667,159.82,28.65166667,77.79
02-05-2021 04:00,4,48.49833333,20.99666667,74.36498333,471.77,73.4921,154.1433333,28.41,79.47333333
02-05-2021 04:00,5,28.63333333,13.90666667,100.0802833,443.884,62.23146667,189.95,28.415,80.975
02-05-2021 04:00,6,29.35166667,15.08,71.38776667,737.833,83.87446667,187.33,29.42666667,76.80166667
02-05-2021 05:00,1,26.44,11.73,101.6834,865.612,135.5981,170.3,27.5,82.11833333
02-05-2021 05:00,2,40.37666667,15.87833333,115.1626667,0.0,80.51823333,284.27,28.33,81.97166667
02-05-2021 05:00,3,0.0,12.37,76.45885,660.478,67.12466667,179.47,28.45333333,78.65666667
02-05-2021 05:00,4,51.39666667,21.36,72.95816667,568.225,69.85356667,170.3,28.32833333,79.67166667
02-05-2021 05:00,5,21.51666667,10.64333333,99.9167,482.657,63.29793333,190.8233333,28.36166667,80.79333333
02-05-2021 05:00,6,24.135,12.18,70.24268333,793.414,83.8431,199.5566667,29.36,76.60166667
02-05-2021 06:00,1,44.205,15.315,99.98213333,961.685,136.445,196.0633333,27.99166667,81.945
02-05-2021 06:00,2,42.49166667,17.58666667,98.28086667,0.0,71.26506667,333.1766667,29.89333333,75.335
02-05-2021 06:00,3,0.0,18.42833333,77.3422,777.943,71.29643333,203.05,28.91666667,77.49666667
02-05-2021 06:00,4,43.51333333,18.55833333,67.95251667,579.876,56.5541,185.5833333,28.925,76.66666667
02-05-2021 06:00,5,27.69333333,13.33666667,98.70618333,672.129,68.2225,227.0666667,28.74166667,79.455
02-05-2021 06:00,6,32.715,15.72,73.2199,1044.961,93.159,253.2666667,29.57333333,76.24833333
02-05-2021 07:00,1,69.835,27.50166667,57.54861667,901.329,70.63773333,206.1066667,29.89333333,70.91833333
02-05-2021 07:00,2,42.00833333,17.43166667,76.09896667,0.0,43.0978,326.19,31.435,68.005
02-05-2021 07:00,3,0.0,15.71666667,60.23138333,801.627,47.67733333,225.7566667,30.46333333,70.40833333
02-05-2021 07:00,4,40.43833333,17.70833333,48.2898,640.996,34.12693333,217.46,30.44666667,68.80666667
02-05-2021 07:00,5,31.98833333,15.30166667,89.9054,748.529,56.39726667,242.35,29.63833333,74.575
02-05-2021 07:00,6,38.04166667,16.77833333,65.69506667,1308.159,76.56603333,306.9766667,30.63166667,71.03833333
02-05-2021 08:00,1,40.77,16.97333333,59.8715,750.439,53.3547,177.2866667,31.47666667,63.77166667
02-05-2021 08:00,2,41.72333333,16.90833333,76.7533,0.0,28.9828,296.4966667,32.17166667,62.69333333
02-05-2021 08:00,3,0.0,22.36333333,45.21443333,759.034,23.3368,237.5466667,31.965,62.62166667
02-05-2021 08:00,4,34.94833333,15.81833333,36.28278333,638.322,14.74233333,232.7433333,31.945,61.995
02-05-2021 08:00,5,28.79333333,14.24333333,44.98541667,681.297,22.61536667,289.0733333,32.44833333,62.42
02-05-2021 08:00,6,34.725,15.46333333,64.22281667,1418.748,59.50256667,333.1766667,31.71166667,64.91333333
02-05-2021 09:00,1,34.73666667,15.145,66.05495,703.262,35.2875,186.8933333,33.20833333,59.68
02-05-2021 09:00,2,40.7,15.87,70.17725,0.0,14.4914,345.4033333,33.54,56.62333333
02-05-2021 09:00,3,0.0,15.31666667,36.96983333,715.486,5.614633333,257.6333333,33.36333333,56.96666667
02-05-2021 09:00,4,35.78666667,15.70166667,35.30128333,594.965,3.073933333,251.52,33.63,57.02833333
02-05-2021 09:00,5,30.23833333,15.03666667,47.47188333,709.756,0.156833333,375.0966667,34.355,55.47
02-05-2021 09:00,6,38.10166667,15.72,71.35505,1719.955,58.49883333,401.2966667,32.47,60.85
02-05-2021 10:00,1,31.74166667,13.54166667,47.57003333,665.635,4.9873,207.8533333,34.74166667,52.79166667
02-05-2021 10:00,2,41.68166667,16.615,118.9578,0.0,24.59146667,321.3866667,33.88,56.02
02-05-2021 10:00,3,0.0,15.86,58.46468333,678.241,5.8342,258.07,34.05333333,55.965
02-05-2021 10:00,4,35.51333333,16.24333333,36.9044,514.745,0.4705,272.48,34.985,53.385
02-05-2021 10:00,5,27.47333333,14.015,77.5385,569.944,0.0,378.59,35.7,51.45666667
02-05-2021 10:00,6,37.67333333,15.98833333,79.79595,1759.11,51.06493333,431.8633333,33.54,58.295
02-05-2021 11:00,1,32.225,13.87333333,61.01658333,702.88,6.994766667,240.1666667,35.93833333,48.49666667
02-05-2021 11:00,2,39.82,15.385,118.3034667,0.0,22.17623333,320.5133333,34.72333333,52.135
02-05-2021 11:00,3,0.0,14.70666667,56.63255,618.267,0.909633333,278.1566667,34.91666667,52.72666667
02-05-2021 11:00,4,31.12333333,14.33,24.24305,438.727,0.0,313.5266667,36.505,47.81333333
02-05-2021 11:00,5,24.43333333,12.62,82.90403333,534.8,0.062733333,409.1566667,36.74166667,46.92
02-05-2021 11:00,6,31.98166667,13.87,59.54433333,1407.861,26.50483333,400.86,34.77833333,52.61166667
02-05-2021 12:00,1,35.12166667,14.96333333,80.71201667,715.868,8.3749,264.1833333,36.10333333,47.04666667
02-05-2021 12:00,2,39.48833333,15.13,115.32625,0.0,20.63926667,344.53,35.23,51.17
02-05-2021 12:00,3,0.0,14.085,37.36243333,571.663,0.0,329.6833333,35.85333333,49.185
02-05-2021 12:00,4,31.70833333,14.69666667,31.8006,421.537,0.0,336.2333333,36.72333333,46.09166667
02-05-2021 12:00,5,25.12166667,12.93666667,124.6177833,508.824,13.9268,382.0833333,35.69,48.025
02-05-2021 12:00,6,30.31833333,14.50666667,30.16476667,1019.367,2.289766667,397.8033333,36.72166667,46.895
02-05-2021 13:00,1,34.225,14.56666667,71.42048333,708.801,4.359966667,305.6666667,37.23666667,44.88833333
02-05-2021 13:00,2,40.02264151,15.67924528,106.2612642,0.0,9.516528302,418.7056604,36.26603774,49.42830189
02-05-2021 13:00,3,0.0,14.675,23.9486,610.245,0.0,394.31,36.73833333,46.46
02-05-2021 13:00,4,32.86,15.27666667,25.09368333,417.717,0.0,374.2233333,37.69,43.38333333
02-05-2021 13:00,5,29.51833333,14.69166667,174.60885,686.072,39.30243333,350.2066667,35.695,49.41666667
02-05-2021 13:00,6,36.23,16.61166667,17.50341667,893.88,0.0,506.5333333,37.32666667,46.03333333
02-05-2021 14:00,1,33.64166667,15.21333333,81.98796667,722.362,10.10006667,337.98,36.95666667,46.24
02-05-2021 14:00,2,38.46833333,14.44166667,124.0616,0.0,23.11723333,389.07,34.97333333,55.995
02-05-2021 14:00,3,0.0,15.54333333,57.28688333,675.185,0.784166667,422.2566667,36.02,51.68833333
02-05-2021 14:00,4,37.47833333,16.70333333,67.59263333,547.215,5.896933333,405.2266667,36.87833333,50.69333333
02-05-2021 14:00,5,30.40333333,14.60666667,192.8974667,808.694,61.9178,369.8566667,34.87,56.14
02-05-2021 14:00,6,36.855,16.62666667,73.31805,824.738,17.1262,476.4033333,35.865,53.55
02-05-2021 15:00,1,38.34,15.77333333,143.0372667,878.027,94.22546667,350.6433333,36.15666667,53.14666667
02-05-2021 15:00,2,39.24333333,14.935,114.6392,0.0,29.76696667,410.03,34.72333333,57.14666667
02-05-2021 15:00,3,0.0,16.31,79.27248333,722.744,9.849133333,396.0566667,34.89333333,57.61833333
02-05-2021 15:00,4,35.14,15.56666667,76.62243333,599.549,25.7834,381.21,35.325,56.60833333
02-05-2021 15:00,5,27.61,13.625,170.29025,831.041,63.39203333,372.9133333,34.205,59.45333333
02-05-2021 15:00,6,32.35333333,14.76333333,66.12038333,843.838,13.33083333,465.4866667,35.18333333,56.45666667
02-05-2021 16:00,1,38.49333333,15.61166667,125.4684167,944.877,106.0507,344.53,34.18833333,60.10666667
02-05-2021 16:00,2,38.70333333,14.38333333,118.9905167,0.0,40.9335,391.69,33.31833333,61.80666667
02-05-2021 16:00,3,0.0,16.53833333,95.69625,772.404,42.9096,335.36,33.61833333,61.77166667
02-05-2021 16:00,4,39.46166667,16.87333333,88.89118333,658.95,51.1904,327.5,33.53333333,62.045
02-05-2021 16:00,5,29.07833333,13.97,154.9134167,944.495,73.08433333,377.28,33.075,63.43333333
02-05-2021 16:00,6,33.515,14.865,93.70053333,988.616,70.92003333,413.0866667,33.39666667,61.93666667
02-05-2021 17:00,1,39.35,16.05333333,142.61195,1031.018,146.2941333,293.8766667,31.88166667,65.24
02-05-2021 17:00,2,39.44,15.15833333,139.0131167,0.0,63.83116667,367.2366667,31.74166667,64.02833333
02-05-2021 17:00,3,0.0,15.33333333,85.91396667,871.724,49.3084,314.4,32.115,64.81333333
02-05-2021 17:00,4,42.85333333,18.53833333,85.75038333,759.034,58.37336667,310.0333333,32.28666667,64.87166667
02-05-2021 17:00,5,25.13333333,12.24833333,122.7202167,908.778,63.64296667,348.46,31.76,66.72833333
02-05-2021 17:00,6,32.845,14.475,97.82283333,1275.498,90.6183,404.79,31.93166667,65.68666667
02-05-2021 18:00,1,52.365,22.10166667,130.4086333,1046.871,143.6907,270.7333333,30.87333333,67.24833333
02-05-2021 18:00,2,36.02333333,12.51166667,144.18235,0.0,71.45326667,305.6666667,30.61,66.01833333
02-05-2021 18:00,3,0.0,14.31,85.45593333,965.696,57.80876667,297.8066667,31.105,66.94166667
02-05-2021 18:00,4,42.55333333,18.67333333,83.59108333,804.11,62.04326667,283.8333333,31.20166667,67.19666667
02-05-2021 18:00,5,25.08666667,12.22,118.4997667,1069.027,70.0104,339.7266667,30.99666667,68.45833333
02-05-2021 18:00,6,30.73166667,13.71833333,96.54688333,1326.304,101.2829667,365.49,30.93,68.34333333
02-05-2021 19:00,1,52.69333333,23.51333333,124.9776667,1005.233,143.8789,256.3233333,29.92666667,70.705
02-05-2021 19:00,2,35.915,12.34666667,156.15665,0.0,83.40396667,295.1866667,30.03,71.66333333
02-05-2021 19:00,3,0.0,14.75833333,80.77745,988.807,61.5414,282.96,30.66333333,67.56333333
02-05-2021 19:00,4,46.42666667,20.285,79.37063333,868.095,62.73333333,276.8466667,30.68,67.83166667
02-05-2021 19:00,5,29.44,14.13666667,108.5539,1139.124,68.53616667,341.0366667,30.57333333,68.35
02-05-2021 19:00,6,32.68666667,15.09,88.43315,1614.141,99.58916667,398.24,30.91833333,67.735
02-05-2021 20:00,1,46.36,20.395,129.3289833,950.034,147.6742667,233.6166667,29.345,75.40833333
02-05-2021 20:00,2,36.48666667,12.7,147.5521667,0.0,84.84683333,299.1166667,29.765,74.80166667
02-05-2021 20:00,3,0.0,16.02,83.26391667,894.835,66.5287,251.52,30.27,68.94833333
02-05-2021 20:00,4,46.64833333,20.27666667,78.65086667,846.894,64.23893333,257.1966667,30.315,70.005
02-05-2021 20:00,5,29.01833333,13.91833333,116.9293667,1171.212,74.68403333,340.6,30.19166667,71.83
02-05-2021 20:00,6,37.08833333,16.17666667,88.9239,1539.269,104.1687,374.2233333,30.58166667,69.92666667
02-05-2021 21:00,1,33.35166667,15.03166667,126.7443667,888.723,148.2075,213.0933333,28.95,78.65833333
02-05-2021 21:00,2,36.225,12.65192308,137.07025,0.0,79.80403846,260.4884615,29.54038462,75.53461538
02-05-2021 21:00,3,0.0,16.095,80.45028333,911.07,65.9641,249.7733333,30.03666667,70.88
02-05-2021 21:00,4,45.47166667,19.68666667,84.53986667,701.352,68.44206667,223.1366667,29.87666667,72.89166667
02-05-2021 21:00,5,30.19833333,14.53666667,112.6434833,1059.095,73.61756667,311.78,29.88833333,73.56
02-05-2021 21:00,6,32.64333333,15.27666667,83.55836667,1270.532,96.2643,316.5833333,30.38833333,71.11666667
02-05-2021 22:00,1,48.33166667,21.565,125.1739667,948.697,144.7258,206.5433333,28.74833333,79.84833333
02-05-2021 22:00,2,36.57924528,12.99056604,132.3358302,0.0,77.80116981,236.7886792,29.38490566,76.21320755
02-05-2021 22:00,3,0.0,15.58333333,78.3237,891.588,64.39576667,240.6033333,29.79833333,72.15666667
02-05-2021 22:00,4,45.225,19.54,86.66645,619.222,70.32406667,196.9366667,29.63666667,73.97666667
02-05-2021 22:00,5,28.19833333,13.57666667,111.1385167,907.441,68.94393333,286.4533333,29.67666667,74.67
02-05-2021 22:00,6,28.785,14.35166667,82.2497,935.709,90.08506667,247.1533333,30.42833333,71.51
02-05-2021 23:00,1,34.28333333,15.415,118.8923667,835.052,138.3583667,182.09,28.49833333,81.47333333
02-05-2021 23:00,2,37.44,13.34,121.5424167,0.0,79.044,254.5766667,29.26,77.18833333
02-05-2021 23:00,3,0.0,15.105,81.17005,729.238,66.37186667,206.98,29.47166667,73.825
02-05-2021 23:00,4,48.75333333,20.875,89.08748333,540.148,77.2561,186.02,29.39666667,76.245
02-05-2021 23:00,5,27.78166667,13.32666667,112.0545833,539.193,66.3405,215.7133333,29.325,76.43166667
02-05-2021 23:00,6,30.59,14.36333333,77.76751667,865.612,86.97976667,231.4333333,30.25,72.23833333
03-05-2021 00:00,1,29.49833333,13.215,117.2565333,811.941,138.9857,172.0466667,28.26166667,83.22333333
03-05-2021 00:00,2,37.55333333,13.38833333,105.51125,0.0,74.11943333,234.9266667,29.17,77.535
03-05-2021 00:00,3,0.0,13.15,77.11318333,611.009,61.57276667,183.4,29.3,75.82833333
03-05-2021 00:00,4,54.63833333,22.09166667,86.89546667,459.164,72.3629,172.4833333,29.13833333,78.34833333
03-05-2021 00:00,5,25.04833333,11.99333333,112.8725,427.076,66.1523,198.2466667,29.16333333,78.15166667
03-05-2021 00:00,6,29.03333333,13.79333333,78.61815,751.012,89.52046667,206.5433333,30.06833333,74.15666667
03-05-2021 01:00,1,29.56,13.27833333,109.9934333,764.764,134.5943667,165.06,28.19,83.67333333
03-05-2021 01:00,2,38.31206897,13.93965517,97.67617241,0.0,70.89948276,225.4103448,29.22931034,77.40517241
03-05-2021 01:00,3,0.0,14.22586207,71.95410345,571.8144828,61.61927586,178.4310345,29.27931034,76.93793103
03-05-2021 01:00,4,48.98166667,20.39333333,82.31513333,418.29,69.47716667,160.6933333,29.02833333,79.545
03-05-2021 01:00,5,25.745,12.38333333,110.61505,370.731,68.91256667,186.4566667,29.06833333,79.62666667
03-05-2021 01:00,6,29.32241379,13.61206897,78.92613793,669.422069,92.3477931,186.562069,30.00862069,75.64827586
03-05-2021 02:00,1,30.285,13.61166667,104.33345,762.09,139.4562,160.2566667,28.02333333,84.69833333
03-05-2021 02:00,2,37.29666667,13.30666667,98.08456667,0.0,63.047,212.22,29.12666667,78.12
03-05-2021 02:00,3,0.0,13.39166667,65.89136667,542.249,57.7774,168.99,29.21166667,77.27666667
03-05-2021 02:00,4,49.03,20.33,77.47306667,416.38,67.90883333,156.3266667,28.955,79.84833333
03-05-2021 02:00,5,25.01166667,12.07166667,105.1513667,472.534,66.9051,210.4733333,29.08666667,79.84
03-05-2021 02:00,6,32.7,13.94333333,76.81873333,668.309,95.00963333,185.5833333,29.685,77.31666667
03-05-2021 03:00,1,30.72333333,13.64,103.3846667,776.606,153.9162333,158.51,27.98333333,85.39333333
03-05-2021 03:00,2,38.16166667,14.08833333,105.70755,0.0,68.15976667,220.08,28.87666667,79.80833333
03-05-2021 03:00,3,0.0,13.07666667,74.56128333,561.54,64.0821,163.3133333,29.18666667,77.22666667
03-05-2021 03:00,4,52.73666667,21.75833333,74.62671667,451.715,67.9402,158.0733333,28.85666667,80.14833333
03-05-2021 03:00,5,25.47166667,12.295,101.4871,471.961,66.3405,210.4733333,29.015,79.98166667
03-05-2021 03:00,6,29.68833333,13.53166667,74.72486667,680.533,89.45773333,185.5833333,29.72,77.065
03-05-2021 04:00,1,36.92833333,16.64833333,101.1599333,850.523,147.7683667,171.1733333,27.81666667,86.09833333
03-05-2021 04:00,2,39.70833333,15.135,108.8810667,0.0,81.5847,275.5366667,28.99,80.11166667
03-05-2021 04:00,3,0.0,14.89833333,75.9681,632.592,71.7042,178.5966667,29.195,77.54666667
03-05-2021 04:00,4,54.475,22.94833333,73.48163333,501.184,67.8461,163.75,28.78333333,80.34
03-05-2021 04:00,5,27.08166667,12.96833333,106.3618833,433.188,73.52346667,185.5833333,28.77166667,81.37166667
03-05-2021 04:00,6,34.21833333,14.52333333,74.46313333,806.784,95.54286667,204.7966667,29.63333333,77.64833333
03-05-2021 05:00,1,52.68333333,22.19833333,103.2538,984.032,159.8759,193.88,27.675,86.75
03-05-2021 05:00,2,40.64666667,15.70333333,112.5453333,0.0,81.05146667,300.4266667,28.73833333,80.905
03-05-2021 05:00,3,0.0,16.22333333,78.02925,836.198,76.3151,209.6,29.05833333,77.995
03-05-2021 05:00,4,55.40833333,23.125,76.49156667,613.874,71.39053333,179.47,28.62833333,80.70833333
03-05-2021 05:00,5,25.83666667,12.385,108.6193333,534.227,72.9275,198.6833333,28.605,82.37666667
03-05-2021 05:00,6,39.80377358,17.84528302,77.29775472,952.2611321,100.1010943,230.3622642,29.46037736,78.61132075
03-05-2021 06:00,1,100.1366667,26.49,97.52838333,1061.387,153.9162333,215.2766667,28.23333333,84.14666667
03-05-2021 06:00,2,42.20833333,16.655,114.1157333,0.0,80.89463333,356.32,29.125,79.145
03-05-2021 06:00,3,0.0,17.69833333,80.84288333,1054.702,75.12316667,266.8033333,29.06666667,78.15166667
03-05-2021 06:00,4,57.98166667,24.685,72.40198333,687.982,66.0582,205.2333333,29.005,79.30833333
03-05-2021 06:00,5,26.12,12.53166667,104.4316,773.741,72.2688,244.97,28.865,81.36166667
03-05-2021 06:00,6,33.65166667,15.195,80.38485,912.216,107.7758667,251.9566667,29.61,78.365
03-05-2021 07:00,1,92.50666667,27.37333333,79.92681667,1030.636,115.5861667,228.3766667,29.47666667,78.82666667
03-05-2021 07:00,2,44.49333333,18.61666667,105.7729833,0.0,67.2815,376.4066667,29.85666667,76.37833333
03-05-2021 07:00,3,0.0,19.20166667,64.84443333,1370.616,60.81996667,345.84,30.38166667,73.79333333
03-05-2021 07:00,4,60.44666667,25.41833333,61.54005,797.425,54.32706667,237.11,29.945,75.92166667
03-05-2021 07:00,5,29.03166667,13.87666667,90.62516667,1074.375,62.54513333,310.9066667,29.65166667,77.41
03-05-2021 07:00,6,38.32833333,16.27,77.24405,1569.256,100.2165,384.2666667,30.16,75.30166667
03-05-2021 08:00,1,61.775,24.56333333,64.74628333,852.624,70.4809,201.3033333,31.19666667,70.61333333
03-05-2021 08:00,2,45.735,19.715,85.16148333,0.0,42.6273,333.6133333,31.42833333,68.55833333
03-05-2021 08:00,3,0.0,18.76833333,55.22573333,1000.076,40.77666667,290.82,31.045,69.40666667
03-05-2021 08:00,4,54.24,22.93,43.90576667,766.101,33.6878,251.9566667,31.525,68.23
03-05-2021 08:00,5,34.59,16.175,61.57276667,990.335,31.74306667,324.88,31.7,66.055
03-05-2021 08:00,6,42.765,17.53166667,71.48591667,1678.699,79.07536667,415.27,31.34333333,67.38666667
03-05-2021 09:00,1,55.67,22.92666667,58.56283333,776.606,26.88123333,183.8366667,32.91,61.65833333
03-05-2021 09:00,2,43.22166667,17.785,77.66936667,0.0,26.348,341.0366667,32.66666667,62.65833333
03-05-2021 09:00,3,0.0,21.17166667,57.61405,902.093,26.09706667,286.4533333,32.98833333,60.69666667
03-05-2021 09:00,4,50.28833333,20.385,30.00118333,636.603,4.391333333,244.5333333,33.21,58.205
03-05-2021 09:00,5,41.495,19.29166667,65.20431667,982.886,10.22553333,388.1966667,33.81333333,60.28333333
03-05-2021 09:00,6,59.98333333,22.105,87.28806667,2107.876,78.8558,505.2233333,32.31666667,64.27666667
03-05-2021 10:00,1,56.33666667,21.93166667,74.82301667,765.91,10.38236667,205.2333333,34.20333333,57.32666667
03-05-2021 10:00,2,44.48035714,18.30892857,95.80141071,0.0,14.98878571,307.3821429,33.13035714,55.70178571
03-05-2021 10:00,3,0.0,27.53,72.89273333,880.51,13.14263333,302.1733333,33.635,60.88666667
03-05-2021 10:00,4,55.92166667,22.99333333,56.04365,579.494,2.1643,260.2533333,34.39166667,55.59666667
03-05-2021 10:00,5,42.86333333,19.74,88.335,905.722,0.909633333,420.0733333,35.43333333,54.39
03-05-2021 10:00,6,65.15333333,23.175,101.0617833,2126.403,79.48313333,517.0133333,32.54166667,62.61666667
03-05-2021 11:00,1,56.78,22.96,102.076,779.853,28.5123,231.4333333,34.92833333,55.95833333
03-05-2021 11:00,2,46.716,20.15,141.17896,0.0,26.61148,314.924,34.598,52.08
03-05-2021 11:00,3,0.0,28.44666667,91.54123333,849.95,10.5392,291.2566667,34.00333333,58.08
03-05-2021 11:00,4,56.435,23.81166667,64.3864,545.114,0.3764,286.89,35.16333333,53.86333333
03-05-2021 11:00,5,46.025,21.56333333,152.4923833,887.959,9.2218,423.5666667,35.73166667,52.39833333
03-05-2021 11:00,6,68.34666667,24.95,115.32625,1776.3,60.91406667,450.2033333,33.79333333,57.385
03-05-2021 12:00,1,49.95,21.525,85.03061667,738.024,8.3749,258.07,35.96,51.34666667
03-05-2021 12:00,2,47.82,21.61833333,144.77125,0.0,16.34203333,322.26,35.27166667,49.68833333
03-05-2021 12:00,3,0.0,29.05166667,91.6721,793.414,5.614633333,315.2733333,34.89666667,55.37666667
03-05-2021 12:00,4,55.36166667,23.91333333,66.02223333,540.339,0.250933333,299.1166667,36.17666667,49.515
03-05-2021 12:00,5,45.415,21.775,166.56055,796.661,9.253166667,396.0566667,35.63,50.05833333
03-05-2021 12:00,6,61.60166667,25.32833333,93.37336667,1462.296,26.2539,451.0766667,35.46166667,51.87
03-05-2021 13:00,1,89.85333333,38.945,78.65086667,777.37,2.415233333,293.0033333,36.535,47.29
03-05-2021 13:00,2,47.02833333,20.825,128.6419333,0.0,8.908133333,373.7866667,35.95666667,46.905
03-05-2021 13:00,3,0.0,26.14,60.13323333,693.712,0.0,363.7433333,36.055,49.19833333
03-05-2021 13:00,4,52.33,22.835,46.9157,455.726,0.0,322.26,37.08666667,44.51833333
03-05-2021 13:00,5,47.21333333,21.97666667,215.7991333,870.387,37.42043333,330.5566667,35.34,48.64333333
03-05-2021 13:00,6,61.63,24.91833333,54.63683333,1112.002,0.878266667,496.49,37.13333333,45.33833333
03-05-2021 14:00,1,56.185,24.49666667,103.8754167,786.729,3.795366667,301.3,36.78333333,45.07666667
03-05-2021 14:00,2,45.3245283,18.76415094,117.1133208,0.0,8.983886792,422.1660377,35.97358491,47.98490566
03-05-2021 14:00,3,0.0,25.51,72.72915,782.145,0.0,392.1266667,35.98666667,48.17666667
03-05-2021 14:00,4,53.58,22.64833333,64.28825,553.327,0.156833333,352.39,36.98666667,43.84666667
03-05-2021 14:00,5,43.33666667,20.26166667,203.2032167,1136.068,43.44283333,387.76,35.34666667,49.25833333
03-05-2021 14:00,6,58.59056604,23.17169811,52.77877358,1112.052453,0.0,600.6226415,37.36981132,44.87735849
03-05-2021 15:00,1,48.75254237,19.25254237,139.6058983,868.4349153,47.52847458,285.979661,36.61355932,44.16271186
03-05-2021 15:00,2,41.44166667,16.22666667,95.66353333,0.0,7.2457,456.3166667,35.38333333,48.165
03-05-2021 15:00,3,0.0,22.26833333,74.7903,839.063,0.627333333,416.58,35.60833333,49.82166667
03-05-2021 15:00,4,67.09833333,27.66666667,79.37063333,740.698,5.708733333,375.5333333,36.06,46.54666667
03-05-2021 15:00,5,37.87,17.405,173.3983333,988.234,44.76023333,387.76,34.76833333,50.325
03-05-2021 15:00,6,59.09666667,22.81166667,61.11473333,1282.565,1.191933333,673.7766667,36.515,46.41833333
03-05-2021 16:00,1,47.12166667,17.64833333,105.1840833,887.577,46.79906667,296.06,35.46,42.71833333
03-05-2021 16:00,2,39.36166667,14.05333333,89.48008333,0.0,13.86406667,424.0033333,34.34833333,47.79166667
03-05-2021 16:00,3,0.0,23.73666667,81.36635,1004.469,15.77743333,381.6466667,34.57333333,48.49166667
03-05-2021 16:00,4,75.28,30.79666667,85.7831,875.735,27.32036667,379.4633333,34.755,48.385
03-05-2021 16:00,5,37.16,17.11666667,142.3829333,1252.387,46.17173333,431.8633333,34.42666667,47.65
03-05-2021 16:00,6,55.225,21.60833333,85.71766667,1578.997,40.463,617.8833333,34.985,45.96333333
03-05-2021 17:00,1,47.82333333,17.66833333,132.3389167,1068.263,118.0327667,317.4566667,33.28666667,48.14666667
03-05-2021 17:00,2,39.23962264,14.21886792,124.6319811,0.0,39.77056604,402.8867925,32.80377358,52.18301887
03-05-2021 17:00,3,0.0,20.44833333,81.95525,1236.343,33.4996,406.9733333,33.32666667,50.91666667
03-05-2021 17:00,4,73.12,30.06833333,92.62088333,1117.732,52.1314,393.0,33.48166667,52.87333333
03-05-2021 17:00,5,32.87666667,15.61833333,148.7299667,1502.215,68.5989,489.0666667,33.27,52.11333333
03-05-2021 17:00,6,41.58166667,16.18,99.65496667,1958.514,80.89463333,628.8,33.75333333,49.65
03-05-2021 18:00,1,64.4,25.60666667,130.3104833,1154.786,137.6055667,330.12,31.55333333,54.62333333
03-05-2021 18:00,2,41.18833333,15.61333333,157.4653167,0.0,76.09553333,381.6466667,31.41333333,59.39166667
03-05-2021 18:00,3,0.0,20.75166667,96.64503333,1316.563,62.73333333,382.9566667,32.135,56.35333333
03-05-2021 18:00,4,70.29,28.93833333,94.58388333,1121.743,68.5048,371.6033333,31.92833333,59.9
03-05-2021 18:00,5,47.755,22.25,126.5480667,1370.616,77.66386667,442.78,31.99,57.24666667
03-05-2021 18:00,6,42.265,16.65,103.9735667,2028.802,111.5085,588.6266667,32.28333333,56.20666667
03-05-2021 19:00,1,60.99333333,25.77,139.3075667,1137.978,168.4703667,334.9233333,30.15666667,65.475
03-05-2021 19:00,2,39.98,14.92333333,153.6374667,0.0,88.04623333,344.0933333,30.53666667,65.59
03-05-2021 19:00,3,0.0,24.16,90.06898333,1246.084,72.1747,355.4466667,31.07333333,60.36333333
03-05-2021 19:00,4,56.72666667,22.50166667,78.35641667,914.89,70.26133333,316.1466667,31.03833333,61.94333333
03-05-2021 19:00,5,47.61666667,22.19333333,122.8838,1338.146,85.38006667,409.1566667,30.87833333,63.51
03-05-2021 19:00,6,52.00166667,22.165,96.5796,1469.745,121.9536,448.4566667,31.72833333,60.24833333
03-05-2021 20:00,1,40.875,17.74166667,142.0557667,958.82,171.1051667,273.3533333,29.36666667,72.97333333
03-05-2021 20:00,2,43.37166667,17.64166667,149.4170167,0.0,91.99843333,323.57,30.03666667,70.205
03-05-2021 20:00,3,0.0,21.45166667,100.3747333,1007.907,82.68253333,305.23,30.33833333,66.67333333
03-05-2021 20:00,4,65.63166667,27.43833333,92.94805,854.152,77.56976667,296.4966667,30.245,68.70166667
03-05-2021 20:00,5,35.22,16.50666667,131.61915,1078.768,90.46146667,350.2066667,30.30666667,69.67166667
03-05-2021 20:00,6,43.75833333,19.575,100.1457167,1006.57,121.0439667,348.0233333,31.05166667,65.64833333
03-05-2021 21:00,1,65.09,27.39,136.6575167,1030.254,172.5166667,260.2533333,28.81666667,77.69833333
03-05-2021 21:00,2,46.98833333,21.575,145.1311333,0.0,91.33973333,308.7233333,29.58833333,74.30833333
03-05-2021 21:00,3,0.0,18.62333333,97.10306667,902.093,80.76916667,274.6633333,29.80666667,71.58166667
03-05-2021 21:00,4,60.07833333,25.04,95.46723333,809.84,82.49433333,269.86,29.67,74.005
03-05-2021 21:00,5,32.10833333,15.20666667,132.1099,771.449,88.51673333,287.7633333,29.62666667,75.425
03-05-2021 21:00,6,41.51166667,18.35833333,101.6179667,954.809,128.8229,323.1333333,30.58833333,70.96666667
03-05-2021 22:00,1,49.21166667,20.88,129.0999667,956.337,166.8393,233.18,28.34166667,80.66666667
03-05-2021 22:00,2,41.22166667,16.44833333,145.2292833,0.0,93.159,251.9566667,29.22,77.47833333
03-05-2021 22:00,3,0.0,17.92,91.73753333,771.067,78.41666667,237.11,29.415,73.75333333
03-05-2021 22:00,4,58.3,24.56833333,91.96655,585.224,77.5384,224.01,29.245,76.14166667
03-05-2021 22:00,5,31.385,15.06666667,123.8653,647.108,79.76543333,250.6466667,29.23166667,78.00833333
03-05-2021 22:00,6,37.26666667,17.33,97.88826667,765.337,124.3061,272.0433333,30.16833333,73.80166667
03-05-2021 23:00,1,39.64833333,17.665,120.2010333,842.31,159.7818,205.67,27.78833333,83.065
03-05-2021 23:00,2,43.5,17.9,134.9812034,0.0,89.47474576,220.2576271,28.88813559,79.37627119
03-05-2021 23:00,3,0.0,20.31,87.41893333,685.881,81.2083,210.4733333,29.23166667,74.43
03-05-2021 23:00,4,60.76166667,25.95166667,90.03626667,560.203,82.55706667,201.74,28.79,78.27333333
03-05-2021 23:00,5,33.11,15.81333333,112.6762,520.284,72.3629,230.9966667,28.99166667,78.77833333
03-05-2021 23:00,6,41.165,19.07333333,86.79731667,702.88,113.1082,250.6466667,29.91166667,74.74833333
04-05-2021 00:00,1,42.49833333,18.905,108.9792167,801.245,153.2575333,188.2033333,27.59166667,83.10166667
04-05-2021 00:00,2,41.705,17.21333333,120.2010333,0.0,76.72286667,209.1633333,28.72,79.29333333
04-05-2021 00:00,3,0.0,22.78333333,92.55545,693.712,86.88566667,204.36,28.67833333,76.83166667
04-05-2021 00:00,4,60.89666667,26.17333333,84.17998333,502.712,80.98873333,181.2166667,28.46666667,79.35
04-05-2021 00:00,5,34.835,16.46666667,108.1613,483.803,74.2449,216.5866667,28.735,79.74333333
04-05-2021 00:00,6,49.99,20.28833333,83.52565,838.108,120.0716,258.9433333,29.44166667,76.37666667
04-05-2021 01:00,1,51.17833333,21.695,101.9451333,792.459,154.7631333,181.6533333,27.445,82.49
04-05-2021 01:00,2,49.4637931,23.32586207,101.297569,0.0,73.78737931,222.7,28.72068966,78.77931034
04-05-2021 01:00,3,0.0,19.66724138,64.94822414,627.1386207,70.99682759,184.7551724,28.90344828,74.39827586
04-05-2021 01:00,4,56.98,25.29166667,67.3309,441.974,64.7408,161.5666667,28.33333333,77.945
04-05-2021 01:00,5,33.61333333,16.09,94.32215,403.201,66.12093333,194.7533333,28.66833333,77.25
04-05-2021 01:00,6,41.93275862,18.23793103,70.87106897,628.7193103,104.1265172,211.4068966,29.48275862,73.14137931
04-05-2021 02:00,1,57.16833333,23.97833333,100.5056,806.593,161.1933,182.09,27.085,83.25833333
04-05-2021 02:00,2,47.07166667,20.905,96.87405,0.0,68.25386667,219.6433333,28.46,79.18333333
04-05-2021 02:00,3,0.0,17.40166667,50.67811667,557.147,58.02833333,177.2866667,28.975,71.595
04-05-2021 02:00,4,58.52333333,25.34166667,66.5457,424.02,72.01786667,157.6366667,28.28,77.17666667
04-05-2021 02:00,5,34.48666667,16.43166667,92.58816667,413.324,71.10823333,196.5,28.59166667,76.16166667
04-05-2021 02:00,6,45.35666667,18.61,70.56985,619.413,107.7445,200.43,29.125,73.085
04-05-2021 03:00,1,73.10833333,31.375,104.52975,991.672,168.9722333,219.6433333,26.65,85.79166667
04-05-2021 03:00,2,46.88166667,20.91833333,95.72896667,0.0,72.61383333,248.0266667,28.105,80.96166667
04-05-2021 03:00,3,0.0,18.98666667,68.34511667,612.537,72.86476667,180.78,28.77166667,72.28333333
04-05-2021 03:00,4,66.75333333,27.93666667,72.8273,469.478,80.01636667,160.2566667,28.04666667,78.16
04-05-2021 03:00,5,39.29333333,18.42166667,91.0832,488.769,69.97903333,218.3333333,28.47333333,75.90333333
04-05-2021 03:00,6,47.34333333,19.85666667,67.95251667,647.299,104.451,209.1633333,29.07666667,72.49666667
04-05-2021 04:00,1,71.87166667,29.745,97.98641667,1057.567,164.8004667,218.77,26.23666667,88.93333333
04-05-2021 04:00,2,48.725,21.72333333,103.0902167,0.0,78.7617,264.1833333,27.92166667,80.83833333
04-05-2021 04:00,3,0.0,22.72333333,85.9794,753.686,88.14033333,203.05,28.085,75.32333333
04-05-2021 04:00,4,82.97166667,32.28833333,77.60393333,643.097,86.13286667,197.81,27.68666667,80.01166667
04-05-2021 04:00,5,38.87666667,18.36,93.30793333,518.565,71.9865,218.77,28.18333333,76.99
04-05-2021 04:00,6,46.345,20.06166667,68.80315,941.63,106.1134333,266.8033333,29.05166667,72.28166667
04-05-2021 05:00,1,92.81333333,36.19333333,103.6136833,1352.853,169.5682,263.31,26.15833333,88.72333333
04-05-2021 05:00,2,56.04237288,27.56440678,91.12977966,0.0,75.31189831,362.359322,28.27966102,75.56271186
04-05-2021 05:00,3,0.0,26.38333333,84.8016,1230.995,91.15153333,290.82,28.12,76.325
04-05-2021 05:00,4,92.145,33.94333333,76.58971667,787.875,83.0903,219.2066667,27.45166667,81.12333333
04-05-2021 05:00,5,41.26,18.93,97.59381667,758.843,78.51076667,260.69,27.87666667,78.55
04-05-2021 05:00,6,69.39,24.695,78.48728333,2043.7,126.2194667,480.77,28.39666667,76.135
04-05-2021 06:00,1,101.3733333,39.01666667,94.19128333,1569.638,151.7205667,321.8233333,26.76666667,86.01333333
04-05-2021 06:00,2,68.28166667,38.005,79.8941,0.0,69.634,462.8666667,30.46666667,68.10833333
04-05-2021 06:00,3,0.0,48.44,37.19885,1821.949,53.9193,412.65,28.51833333,77.005
04-05-2021 06:00,4,118.77,45.35666667,80.05768333,1383.222,86.35243333,313.09,28.06,79.29666667
04-05-2021 06:00,5,44.55833333,20.135,96.187,2084.383,81.867,492.56,28.53666667,75.75333333
04-05-2021 06:00,6,73.56,26.13666667,81.88981667,4013.483,129.2620333,251.9566667,28.64833333,75.09666667
04-05-2021 07:00,1,100.135,35.57166667,73.64521667,1397.356,103.7295667,291.6933333,29.08,75.40666667
04-05-2021 07:00,2,67.87166667,37.69,71.6495,0.0,42.31363333,640.59,33.17,57.65166667
04-05-2021 07:00,3,0.0,75.39,80.2867,1976.086,72.6452,448.8933333,29.9,71.595
04-05-2021 07:00,4,165.16,63.70166667,90.23256667,1904.461,73.71166667,402.17,29.68666667,71.605
04-05-2021 07:00,5,65.97666667,29.52166667,126.4172,2954.961,84.06266667,605.22,29.71833333,70.16833333
04-05-2021 07:00,6,92.27166667,34.2,109.3063833,6290.394,145.2590333,384.2666667,29.755,70.69333333
04-05-2021 08:00,1,82.28135593,29.01694915,75.45905085,1154.934915,63.50952542,250.8983051,30.71186441,66.62372881
04-05-2021 08:00,2,62.495,32.75166667,100.0802833,0.0,9.849133333,636.2233333,34.78,50.90666667
04-05-2021 08:00,3,0.0,65.55166667,55.91278333,1323.248,27.50856667,363.3066667,31.93666667,62.03833333
04-05-2021 08:00,4,108.7183333,43.665,85.61951667,1390.862,25.72066667,344.9666667,31.53,62.02333333
04-05-2021 08:00,5,97.31833333,42.67833333,156.0257833,2940.445,51.6609,634.04,32.65,58.435
04-05-2021 08:00,6,138.735,52.68666667,154.3245167,5516.08,132.8692,415.27,30.825,64.89833333
04-05-2021 09:00,1,89.92372881,30.33728814,88.30172881,1006.537627,28.13430508,246.0135593,32.66779661,60.18644068
04-05-2021 09:00,2,80.815,46.31333333,167.3784667,0.0,1.254666667,656.31,35.53666667,47.91333333
04-05-2021 09:00,3,0.0,64.26666667,87.32078333,1288.104,9.660933333,357.63,33.12666667,57.465
04-05-2021 09:00,4,96.195,37.02,80.84288333,868.477,3.889466667,297.8066667,32.86,55.37
04-05-2021 09:00,5,71.97833333,32.14666667,117.48555,2417.296,7.528,660.6766667,34.96,48.77666667
04-05-2021 09:00,6,119.3616667,45.92833333,168.9488667,3150.545,87.01113333,668.1,31.99833333,59.05166667
04-05-2021 10:00,1,113.3466667,33.15,135.1852667,878.027,6.587,198.6833333,34.34333333,53.25
04-05-2021 10:00,2,74.17666667,40.02333333,199.8988333,0.0,3.607166667,568.9766667,35.48333333,46.37333333
04-05-2021 10:00,3,0.0,60.525,121.5097,1273.779,3.6699,382.0833333,34.78833333,51.61666667
04-05-2021 10:00,4,90.875,34.06833333,85.45593333,643.097,0.5646,293.0033333,34.54666667,49.255
04-05-2021 10:00,5,68.765,30.13833333,164.79385,1375.2,1.536966667,538.8466667,36.365,44.46
04-05-2021 10:00,6,94.45833333,35.165,137.2791333,3112.154,67.78336667,517.0133333,33.89833333,50.83833333
04-05-2021 11:00,1,100.5866667,31.675,133.2549833,809.076,1.536966667,247.59,35.955,47.62666667
04-05-2021 11:00,2,65.055,31.75833333,218.97265,0.0,26.59893333,428.8066667,35.18833333,46.465
04-05-2021 11:00,3,0.0,49.59,100.1457167,928.26,0.1882,364.6166667,35.645,48.02166667
04-05-2021 11:00,4,103.07,36.76166667,123.0146667,595.729,0.0,298.68,36.28666667,46.5
04-05-2021 11:00,5,76.07666667,32.65,237.1304,1644.701,6.179233333,606.53,37.11,44.66
04-05-2021 11:00,6,91.745,33.49333333,143.5280167,2867.292,54.1075,450.2033333,35.32333333,47.70833333
04-05-2021 12:00,1,74.40166667,27.36166667,119.5467,732.103,3.638533333,299.99,36.67666667,46.25166667
04-05-2021 12:00,2,66.50833333,32.05833333,250.6423833,0.0,35.0052,376.8433333,35.34666667,48.05666667
04-05-2021 12:00,3,0.0,38.375,92.22828333,699.633,0.0,421.82,36.83,45.75166667
04-05-2021 12:00,4,97.615,34.56166667,99.58953333,523.913,0.0,349.77,37.03166667,44.96333333
04-05-2021 12:00,5,71.43333333,30.265,260.7518333,1285.621,20.20013333,534.0433333,36.81833333,45.48
04-05-2021 12:00,6,95.75333333,35.01166667,137.7698833,1882.496,27.1949,609.5866667,36.52,46.65333333
04-05-2021 13:00,1,74.515,27.53666667,148.30465,785.392,26.348,297.8066667,36.28833333,47.44666667
04-05-2021 13:00,2,63.59833333,30.19833333,221.6881333,0.0,22.08213333,392.5633333,35.83166667,47.95
04-05-2021 13:00,3,0.0,34.265,64.61541667,642.715,0.0,475.53,36.89666667,45.16666667
04-05-2021 13:00,4,83.03166667,31.16833333,83.13305,443.12,0.0,382.9566667,37.69833333,42.63666667
04-05-2021 13:00,5,65.02666667,27.84666667,257.05485,980.785,42.2509,425.3133333,36.39,45.54
04-05-2021 13:00,6,93.33833333,33.825,91.70481667,1680.227,3.1053,696.0466667,37.295,43.53666667
04-05-2021 14:00,1,78.5,28.95833333,147.2577167,845.939,68.19113333,351.08,35.67,52.79166667
04-05-2021 14:00,2,53.96,26.235,165.2518833,0.0,42.87823333,413.0866667,35.21166667,53.16
04-05-2021 14:00,3,0.0,37.80833333,115.4571167,783.291,11.0097,426.6233333,35.23666667,52.32333333
04-05-2021 14:00,4,82.765,34.03666667,92.42458333,587.707,10.351,424.8766667,36.19166667,50.61666667
04-05-2021 14:00,5,62.68,28.23,237.0976833,1260.791,59.6594,512.6466667,35.565,51.29
04-05-2021 14:00,6,80.45,30.79166667,121.3788333,1334.135,44.10153333,610.46,35.90666667,50.84833333
04-05-2021 15:00,1,67.51666667,26.865,134.4982167,879.937,88.0776,324.88,36.24666667,50.97833333
04-05-2021 15:00,2,53.42666667,25.72666667,141.4995833,0.0,35.8521,421.3833333,35.47,50.57833333
04-05-2021 15:00,3,0.0,37.60166667,127.8240167,933.226,27.13216667,387.76,35.26833333,52.96833333
04-05-2021 15:00,4,83.53333333,32.17,100.9309167,738.215,33.5937,395.62,35.92166667,51.03333333
04-05-2021 15:00,5,60.14333333,27.45666667,208.3070167,1363.167,63.54886667,481.2066667,35.31666667,51.21333333
04-05-2021 15:00,6,86.585,32.28333333,100.7346167,1635.151,30.36293333,663.7333333,36.23166667,48.57333333
04-05-2021 16:00,1,61.375,23.92166667,129.1654,932.653,100.4047,336.2333333,35.29,53.52833333
04-05-2021 16:00,2,49.62666667,22.25,130.04875,0.0,36.25986667,454.1333333,34.29,55.89833333
04-05-2021 16:00,3,0.0,32.54666667,90.33071667,1140.461,19.25913333,455.4433333,35.08666667,53.40666667
04-05-2021 16:00,4,72.155,27.37833333,85.91396667,804.301,40.8394,421.3833333,35.005,54.99333333
04-05-2021 16:00,5,49.83666667,23.02666667,171.4353333,1531.056,72.33153333,550.6366667,34.53833333,55.78333333
04-05-2021 16:00,6,67.75666667,25.32833333,101.7488333,1668.385,65.7759,675.0866667,34.91,54.275
04-05-2021 17:00,1,62.495,23.425,114.4756167,969.516,123.9924333,324.88,33.13833333,56.75
04-05-2021 17:00,2,46.10833333,19.925,138.7513833,0.0,61.76096667,399.55,32.43166667,60.44833333
04-05-2021 17:00,3,0.0,26.925,70.43898333,1514.248,42.87823333,503.4766667,33.285,58.115
04-05-2021 17:00,4,62.96,24.885,69.94823333,969.516,52.696,394.7466667,33.54,57.07
04-05-2021 17:00,5,44.35666667,20.87666667,130.7358,2540.109,81.80426667,550.6366667,33.48166667,56.88166667
04-05-2021 17:00,6,59.59333333,22.13333333,95.5981,2614.599,103.6982,628.8,33.38166667,57.41666667
04-05-2021 18:00,1,57.91,23.65166667,110.02615,964.359,134.6884667,310.47,31.80333333,60.41
04-05-2021 18:00,2,45.97666667,20.23166667,148.8281167,0.0,76.62876667,365.0533333,31.34666667,66.65333333
04-05-2021 18:00,3,0.0,25.04333333,82.2497,1302.62,62.60786667,431.4266667,32.33333333,62.075
04-05-2021 18:00,4,62.58833333,25.865,74.52856667,943.54,67.78336667,361.9966667,32.39166667,61.295
04-05-2021 18:00,5,45.1,21.52833333,113.55955,2055.351,81.4906,602.6,32.43,61.90333333
04-05-2021 18:00,6,60.15166667,23.34166667,97.3648,2518.335,120.3225333,588.6266667,32.395,62.41833333
04-05-2021 19:00,1,50.89,21.85833333,118.7942167,895.217,147.3606,277.2833333,30.76833333,66.105
04-05-2021 19:00,2,48.27166667,21.25666667,126.7443667,0.0,82.30613333,382.52,31.07666667,67.585
04-05-2021 19:00,3,0.0,27.28333333,73.12175,1131.293,62.51376667,365.49,31.66666667,62.53833333
04-05-2021 19:00,4,69.41166667,28.32666667,68.1161,868.859,64.39576667,327.0633333,31.63166667,62.745
04-05-2021 19:00,5,43.51166667,20.72333333,104.5951833,1263.465,74.55856667,431.8633333,31.61,63.67
04-05-2021 19:00,6,55.62,23.97,80.15583333,1255.252,100.8438333,425.3133333,32.23666667,61.505
04-05-2021 20:00,1,53.355,21.37166667,116.9620833,893.88,149.9013,252.3933333,30.22333333,69.395
04-05-2021 20:00,2,49.14333333,23.09666667,124.2579,0.0,76.0328,319.64,30.67666667,68.36833333
04-05-2021 20:00,3,0.0,24.91666667,82.31513333,911.07,69.22623333,307.4133333,31.00333333,65.56
04-05-2021 20:00,4,70.63666667,29.37166667,75.7718,778.898,66.5287,296.06,31.02666667,66.10333333
04-05-2021 20:00,5,42.795,20.30166667,113.5268333,974.864,79.29493333,361.1233333,30.985,67.61666667
04-05-2021 20:00,6,55.64833333,24.24666667,85.68495,1020.131,105.7370333,364.6166667,31.685,64.52666667
04-05-2021 21:00,1,60.37833333,24.73833333,113.7885667,950.416,156.9901667,247.1533333,29.69,72.32
04-05-2021 21:00,2,46.77833333,21.005,126.4172,0.0,84.9723,289.51,30.40333333,70.62666667
04-05-2021 21:00,3,0.0,23.93666667,80.0904,955.191,72.70793333,302.1733333,30.635,67.81
04-05-2021 21:00,4,73.21666667,30.74,81.39906667,655.13,70.70046667,267.24,30.49166667,69.06
04-05-2021 21:00,5,40.66,19.08833333,109.5681167,788.83,78.41666667,317.02,30.47833333,70.19166667
04-05-2021 21:00,6,52.46333333,22.87,83.59108333,1034.265,109.3755667,348.46,31.33166667,66.72
04-05-2021 22:00,1,46.785,20.22666667,108.3248833,848.231,153.383,224.01,29.21,74.71166667
04-05-2021 22:00,2,44.94333333,19.64,114.4429,0.0,75.6564,248.0266667,30.04,71.68833333
04-05-2021 22:00,3,0.0,23.08333333,78.42185,789.594,73.3039,262.8733333,30.375,68.90333333
04-05-2021 22:00,4,75.21833333,30.89833333,79.95953333,688.364,80.29866667,250.21,30.17833333,70.56166667
04-05-2021 22:00,5,38.93166667,18.405,100.7673333,695.049,73.7744,286.4533333,30.22666667,70.55833333
04-05-2021 22:00,6,50.08166667,21.94833333,76.22983333,827.03,102.9767667,297.8066667,31.09666667,67.02
04-05-2021 23:00,1,50.65166667,19.675,91.93383333,726.182,132.3987,189.0766667,28.97333333,72.72666667
04-05-2021 23:00,2,42.15833333,17.18833333,111.8255667,0.0,78.41666667,222.2633333,29.73666667,72.24666667
04-05-2021 23:00,3,0.0,20.62166667,67.78893333,619.413,65.27403333,223.1366667,30.09166667,68.015
04-05-2021 23:00,4,68.54833333,28.73,66.77471667,551.799,70.9514,219.6433333,29.83666667,69.87333333
04-05-2021 23:00,5,36.8,17.50166667,95.04191667,434.716,68.7871,235.8,29.89333333,71.045
04-05-2021 23:00,6,48.59666667,20.81166667,71.78036667,746.046,100.3419667,268.9866667,30.66,67.60833333
05-05-2021 00:00,1,55.685,20.79833333,92.49001667,691.611,134.5943667,183.4,28.49,73.415
05-05-2021 00:00,2,42.16833333,16.79666667,107.6051167,0.0,76.28373333,198.2466667,29.31,73.10666667
05-05-2021 00:00,3,0.0,18.65833333,59.77335,539.193,62.9529,195.19,29.82666667,67.57
05-05-2021 00:00,4,61.99333333,25.53,61.50733333,392.505,64.67806667,183.8366667,29.53833333,68.82333333
05-05-2021 00:00,5,35.13,16.79833333,88.98933333,301.589,64.30166667,211.3466667,29.68833333,70.05
05-05-2021 00:00,6,42.53666667,19.395,64.51726667,428.222,91.0888,204.7966667,30.75,65.35666667
05-05-2021 01:00,1,60.23333333,24.03166667,93.37336667,736.496,141.6518667,193.0066667,28.155,74.195
05-05-2021 01:00,2,42.89827586,16.91034483,103.0575,0.0,73.62513793,203.2758621,28.97068966,74.36206897
05-05-2021 01:00,3,0.0,17.5,56.14856897,455.0410345,61.84641379,183.4,29.63793103,66.75344828
05-05-2021 01:00,4,55.67,23.435,62.32525,353.541,66.4346,177.2866667,29.19666667,69.32
05-05-2021 01:00,5,35.24833333,16.59666667,85.91396667,312.476,66.27776667,213.0933333,29.395,70.37
05-05-2021 01:00,6,42.17241379,19.00862069,64.84668966,418.6851724,92.54248276,188.3689655,30.39310345,65.88103448
05-05-2021 02:00,1,64.34833333,26.64333333,93.07891667,805.638,149.8385667,198.6833333,27.665,76.815
05-05-2021 02:00,2,41.52166667,15.81666667,97.46295,0.0,70.79456667,205.67,28.72666667,74.62666667
05-05-2021 02:00,3,0.0,18.025,59.70791667,484.567,63.45476667,183.4,29.27833333,68.26833333
05-05-2021 02:00,4,52.72666667,22.945,64.3864,304.645,64.86626667,162.44,29.07166667,69.31333333
05-05-2021 02:00,5,34.86333333,16.37333333,89.18563333,309.229,66.68553333,206.98,29.135,70.86833333
05-05-2021 02:00,6,41.92,18.98833333,66.02223333,412.369,95.2292,185.1466667,30.175,66.175
05-05-2021 03:00,1,48.83833333,19.75333333,97.3648,779.28,155.6100333,185.5833333,27.405,77.815
05-05-2021 03:00,2,40.54166667,15.515,90.59245,0.0,68.3166,217.8966667,28.72166667,73.57333333
05-05-2021 03:00,3,0.0,16.405,63.07773333,505.386,65.90136667,182.9633333,29.07333333,68.87166667
05-05-2021 03:00,4,51.83333333,22.57666667,66.51298333,320.689,67.68926667,164.6233333,28.94,69.59666667
05-05-2021 03:00,5,31.93833333,15.29,92.13013333,328.52,68.94393333,203.9233333,28.79666667,72.45833333
05-05-2021 03:00,6,36.645,17.31833333,66.67656667,433.761,95.82516667,185.5833333,29.98,66.65833333
05-05-2021 04:00,1,47.69833333,18.60166667,100.5056,847.849,163.7967333,187.7666667,26.91166667,80.155
05-05-2021 04:00,2,42.235,16.66,85.16148333,0.0,66.37186667,239.2933333,28.69833333,72.72333333
05-05-2021 04:00,3,0.0,16.52166667,70.79886667,605.47,74.8095,190.3866667,29.02666667,68.96833333
05-05-2021 04:00,4,57.535,23.55,69.98095,432.615,77.85206667,176.4133333,28.82333333,70.14333333
05-05-2021 04:00,5,33.76833333,15.96833333,90.52701667,386.011,71.20233333,211.7833333,28.785,71.895
05-05-2021 04:00,6,38.91,17.925,66.80743333,468.141,99.43233333,184.2733333,29.935,66.42666667
05-05-2021 05:00,1,57.94666667,20.09,96.08885,931.889,158.8094333,200.8666667,26.985,79.14833333
05-05-2021 05:00,2,44.04,17.53166667,97.03763333,0.0,74.8095,291.2566667,28.35333333,74.94833333
05-05-2021 05:00,3,0.0,17.61166667,78.68358333,892.161,82.96483333,239.2933333,28.71333333,69.69333333
05-05-2021 05:00,4,69.545,26.44,67.9198,651.119,78.91853333,204.36,28.51833333,70.97833333
05-05-2021 05:00,5,34.42166667,15.97666667,90.39615,568.798,74.8095,229.6866667,28.72166667,72.11166667
05-05-2021 05:00,6,39.325,17.96666667,65.85865,688.746,102.7885667,222.2633333,30.075,65.44
05-05-2021 06:00,1,85.72833333,29.55333333,88.07326667,1149.629,146.3255,241.04,27.95333333,74.595
05-05-2021 06:00,2,47.96166667,20.23333333,81.6608,0.0,67.6579,423.5666667,30.55,65.63
05-05-2021 06:00,3,0.0,22.16666667,77.24405,1510.046,82.7139,361.56,29.335,68.77666667
05-05-2021 06:00,4,79.91,28.64,67.29818333,1246.657,75.62503333,317.4566667,28.995,70.18166667
05-05-2021 06:00,5,33.84833333,16.03833333,86.5683,1319.428,72.61383333,369.8566667,29.05666667,70.98333333
05-05-2021 06:00,6,48.42166667,19.58166667,67.20003333,2189.815,105.5174667,521.38,30.125,65.69333333
05-05-2021 07:00,1,75.98333333,26.265,72.2384,1188.402,95.38603333,252.83,30.19166667,65.85333333
05-05-2021 07:00,2,44.735,18.10166667,37.85318333,0.0,22.584,482.08,33.08833333,54.68166667
05-05-2021 07:00,3,0.0,27.91166667,64.35368333,1829.589,60.75723333,460.2466667,31.285,62.32833333
05-05-2021 07:00,4,81.13666667,29.51333333,56.5344,1213.041,50.0612,323.1333333,30.81166667,62.95666667
05-05-2021 07:00,5,40.74,18.08833333,83.16576667,1374.436,61.85506667,387.3233333,30.50833333,64.37333333
05-05-2021 07:00,6,63.02666667,22.07333333,74.10325,4802.313,112.2299333,384.2666667,31.00166667,62.06333333
05-05-2021 08:00,1,118.4741379,36.40344828,104.3436034,1112.805517,74.17675862,246.6413793,32.31724138,58.92586207
05-05-2021 08:00,2,42.73207547,15.84528302,47.33422642,0.0,18.6069434,412.7735849,33.78679245,50.71509434
05-05-2021 08:00,3,0.0,32.03666667,68.27968333,1404.805,36.10303333,396.0566667,33.26833333,55.00833333
05-05-2021 08:00,4,75.19,26.15666667,51.65961667,913.171,25.28153333,306.9766667,33.05666667,55.48
05-05-2021 08:00,5,33.92833333,15.74166667,41.64831667,1448.926,26.56756667,463.3033333,33.77166667,53.23333333
05-05-2021 08:00,6,48.49666667,16.98666667,70.14453333,3698.333,88.29716667,415.27,32.37166667,55.98333333
05-05-2021 09:00,1,91.92,24.45,68.18153333,733.249,20.5138,227.0666667,34.505,51.395
05-05-2021 09:00,2,40.45333333,14.705,61.57276667,0.0,14.4914,382.9566667,34.43666667,48.80666667
05-05-2021 09:00,3,0.0,23.73666667,46.35951667,900.756,6.806566667,350.2066667,34.87,49.56333333
05-05-2021 09:00,4,55.55,19.945,23.32698333,506.914,1.160566667,305.6666667,35.05333333,49.00333333
05-05-2021 09:00,5,35.93,16.21666667,34.51608333,1163.954,0.878266667,532.2966667,36.13,47.255
05-05-2021 09:00,6,52.17666667,17.86666667,80.64658333,2458.743,78.88716667,632.73,33.735,52.54333333
05-05-2021 10:00,1,50.23333333,16.69833333,23.26155,572.809,1.286033333,272.9166667,36.11333333,45.58833333
05-05-2021 10:00,2,39.98333333,14.57,75.80451667,0.0,13.23673333,388.1966667,35.675,45.46
05-05-2021 10:00,3,0.0,17.65333333,34.22163333,625.334,0.533233333,359.3766667,35.92833333,46.50333333
05-05-2021 10:00,4,39.945,15.785,3.43525,390.786,0.0,351.08,36.75333333,43.75666667
05-05-2021 10:00,5,33.125,15.29166667,49.95835,901.138,0.690066667,575.5266667,37.58666667,42.98333333
05-05-2021 10:00,6,44.73,17.06666667,67.75621667,1555.886,48.43013333,497.8,34.895,48.68
05-05-2021 11:00,1,42.19333333,14.05,32.35678333,565.742,3.1053,316.1466667,37.14,42.67666667
05-05-2021 11:00,2,39.54666667,14.31166667,65.69506667,0.0,4.830466667,410.03,36.74833333,42.14666667
05-05-2021 11:00,3,0.0,14.51833333,28.00546667,527.16,0.0,376.4066667,36.93666667,42.33
05-05-2021 11:00,4,36.23666667,15.23333333,4.874783333,332.722,0.0,379.4633333,37.30333333,41.53166667
05-05-2021 11:00,5,28.76,13.61666667,69.91551667,655.894,0.0,571.5966667,38.11,41.02333333
05-05-2021 11:00,6,39.56333333,15.52666667,62.29253333,1362.594,34.817,489.0666667,35.82833333,45.68
05-05-2021 12:00,1,33.55423729,12.71355932,35.93288136,569.1152542,3.859694915,348.1491525,37.54067797,41.8559322
05-05-2021 12:00,2,37.62833333,13.19333333,66.70928333,0.0,3.2935,433.61,37.25333333,41.47833333
05-05-2021 12:00,3,0.0,13.60833333,16.71821667,549.889,0.0,456.7533333,37.63833333,41.65166667
05-05-2021 12:00,4,33.65,14.64333333,19.46641667,377.607,0.0,403.48,38.17,40.67333333
05-05-2021 12:00,5,26.54,13.25166667,109.5354,618.84,8.312166667,535.3533333,37.18333333,42.815
05-05-2021 12:00,6,36.77,15.59166667,41.223,1018.985,14.7737,489.5033333,37.62333333,42.36
05-05-2021 13:00,1,42.52833333,14.81166667,56.37081667,644.625,15.056,373.7866667,37.54333333,42.40833333
05-05-2021 13:00,2,40.62833333,14.87,92.32643333,0.0,9.817766667,457.6266667,37.09333333,43.39
05-05-2021 13:00,3,0.0,12.64833333,10.14216667,511.116,0.0,513.0833333,38.10166667,40.93166667
05-05-2021 13:00,4,32.65,14.21333333,5.332816667,358.507,0.0,452.3866667,38.82333333,39.12833333
05-05-2021 13:00,5,26.21,12.72666667,138.4242167,791.313,37.89093333,472.91,36.80333333,43.315
05-05-2021 13:00,6,37.53833333,15.42166667,3.206233333,1144.854,0.0,696.0466667,39.25666667,39.23833333
05-05-2021 14:00,1,38.89666667,14.12333333,59.54433333,660.669,11.4802,389.07,37.77833333,41.80166667
05-05-2021 14:00,2,42.375,15.84333333,100.1784333,0.0,7.653466667,513.0833333,36.84833333,47.645
05-05-2021 14:00,3,0.0,13.6,23.88316667,616.357,0.0,546.27,37.71,41.85833333
05-05-2021 14:00,4,37.59166667,15.43666667,25.22455,463.557,1.7879,473.7833333,38.30666667,40.48666667
05-05-2021 14:00,5,30.46833333,13.89166667,147.4213,1111.047,40.463,528.3666667,36.97166667,44.42
05-05-2021 14:00,6,38.235,15.72166667,11.22181667,931.125,0.0,610.46,38.77333333,40.91333333
05-05-2021 15:00,1,57.1,20.18333333,124.8140833,940.102,105.7997667,402.17,35.12166667,50.52166667
05-05-2021 15:00,2,38.26166667,13.40166667,225.05795,0.0,98.0522,356.7566667,29.52166667,76.195
05-05-2021 15:00,3,0.0,20.34166667,115.6534167,1056.994,42.47046667,503.9133333,32.85666667,62.70333333
05-05-2021 15:00,4,61.34,18.73333333,95.10735,817.671,42.65866667,461.9933333,34.325,56.605
05-05-2021 15:00,5,39.17666667,16.54333333,200.52045,1613.568,96.32703333,564.61,32.42833333,62.875
05-05-2021 15:00,6,43.31,15.89666667,134.1056167,1063.488,101.3457,576.4,32.31333333,62.81833333
05-05-2021 16:00,1,56.35666667,18.8,150.2022167,1104.362,172.3912,380.7733333,33.19666667,59.985
05-05-2021 16:00,2,44.425,16.53,177.94595,0.0,109.2187333,452.3866667,31.075,69.65
05-05-2021 16:00,3,0.0,21.23333333,110.22245,1438.612,70.4809,435.7933333,32.12,63.60333333
05-05-2021 16:00,4,77.58,22.09333333,104.6606167,1493.238,75.02906667,484.7,33.50833333,58.25666667
05-05-2021 16:00,5,38.045,16.73666667,163.9759333,2475.933,101.9730333,648.8866667,32.53666667,62.71333333
05-05-2021 16:00,6,59.095,18.18166667,140.3872167,2512.414,147.7683667,675.0866667,32.35666667,63.22833333
05-05-2021 17:00,1,55.85666667,19.85833333,129.85245,1078.768,147.9565667,351.5166667,32.51833333,63.07833333
05-05-2021 17:00,2,40.47333333,14.21333333,136.3630667,0.0,80.926,417.4533333,31.37,70.05
05-05-2021 17:00,3,0.0,19.25166667,87.45165,1666.475,64.70943333,484.7,32.575,62.97166667
05-05-2021 17:00,4,61.16,19.68333333,80.25398333,1011.727,65.7759,389.07,33.14833333,60.465
05-05-2021 17:00,5,32.23333333,14.43,110.41875,2233.363,74.6213,631.42,32.915,61.035
05-05-2021 17:00,6,52.74333333,17.94,104.92235,2827.373,120.6989333,675.0866667,33.08833333,61.87833333
05-05-2021 18:00,1,40.93333333,14.92166667,114.54105,928.451,136.9468667,291.6933333,31.42,66.00666667
05-05-2021 18:00,2,39.79,13.80333333,126.6135,0.0,79.10673333,355.4466667,30.72166667,73.54666667
05-05-2021 18:00,3,0.0,16.41,73.05631667,1200.435,58.93796667,386.8866667,32.03166667,63.615
05-05-2021 18:00,4,54.00666667,17.43,74.69215,799.908,65.74453333,329.6833333,32.09666667,63.25666667
05-05-2021 18:00,5,26.82166667,12.07,100.21115,1476.239,68.28523333,488.63,32.02833333,64.10833333
05-05-2021 18:00,6,42.32,15.605,79.6978,1536.404,98.1463,499.9833333,32.605,62.32333333
05-05-2021 19:00,1,32.57833333,13.18166667,112.3163167,857.017,143.1574667,263.31,30.57166667,69.94333333
05-05-2021 19:00,2,38.82666667,13.325,117.2238167,0.0,79.85953333,325.3166667,30.475,73.39333333
05-05-2021 19:00,3,0.0,13.615,70.01366667,973.909,59.69076667,327.5,31.27,66.12666667
05-05-2021 19:00,4,46.15333333,17.815,77.89838333,802.2,68.19113333,317.02,31.255,67.165
05-05-2021 19:00,5,23.10166667,11.16333333,105.9365667,1113.912,72.0806,399.55,31.28,67.495
05-05-2021 19:00,6,33.8,14.27,76.3607,1149.629,98.02083333,396.93,32.01,64.165
05-05-2021 20:00,1,34.35333333,13.48833333,111.4656833,852.242,150.2777,246.7166667,30.07,73.29333333
05-05-2021 20:00,2,37.56166667,12.92333333,104.039,0.0,76.09553333,313.5266667,30.26833333,73.555
05-05-2021 20:00,3,0.0,13.18333333,78.16011667,823.019,68.8812,286.0166667,30.76333333,69.25166667
05-05-2021 20:00,4,46.89333333,18.78,81.23548333,728.474,73.36663333,287.7633333,30.82833333,69.96333333
05-05-2021 20:00,5,23.62166667,11.49166667,106.3291667,977.729,75.90733333,357.1933333,30.82,70.76
05-05-2021 20:00,6,29.73,13.46833333,79.23976667,1063.106,105.4547333,368.11,31.46166667,67.87
05-05-2021 21:00,1,40.45,15.415,110.0588667,824.165,150.3718,231.4333333,29.69,76.17666667
05-05-2021 21:00,2,36.90833333,12.63333333,108.7502,0.0,81.5847,292.13,30.03666667,75.24
05-05-2021 21:00,3,0.0,13.77833333,77.66936667,835.625,71.82966667,276.8466667,30.50166667,71.94166667
05-05-2021 21:00,4,45.69,18.39,81.75895,616.93,73.55483333,258.5066667,30.445,73.02666667
05-05-2021 21:00,5,22.41333333,10.87,111.79285,697.723,77.2561,298.2433333,30.44333333,74.08833333
05-05-2021 21:00,6,27.06666667,12.95,81.79166667,896.172,108.7796,319.2033333,31.24666667,70.59
05-05-2021 22:00,1,36.45666667,13.78333333,103.0247833,739.743,143.2202,210.4733333,29.35,77.775
05-05-2021 22:00,2,36.35666667,12.43333333,103.74455,0.0,76.37783333,243.2233333,29.88,75.72
05-05-2021 22:00,3,0.0,14.06666667,84.00912963,724.5266667,79.25311111,247.4444444,30.26666667,72.88703704
05-05-2021 22:00,4,43.44833333,17.98,78.58543333,533.272,71.76693333,225.7566667,30.00333333,75.09666667
05-05-2021 22:00,5,22.74666667,11.075,106.1655833,536.71,74.9977,258.07,30.12833333,75.205
05-05-2021 22:00,6,31.29166667,13.50166667,78.58543333,855.107,110.8184333,298.2433333,30.95833333,71.94
05-05-2021 23:00,1,54.69833333,18.225,91.37765,720.834,134.9394,195.19,29.12666667,77.04666667
05-05-2021 23:00,2,37.47,13.24166667,102.2723,0.0,75.68776667,231.4333333,29.7,76.05333333
05-05-2021 23:00,3,0.0,13.25,75.86995,619.413,73.99396667,217.46,30.24166667,71.435
05-05-2021 23:00,4,38.89166667,16.24333333,68.47598333,452.097,67.62653333,202.1766667,29.87833333,74.16333333
05-05-2021 23:00,5,22.18,10.75,98.31358333,411.987,70.7632,232.3066667,29.99,74.68666667
05-05-2021 23:00,6,25.705,12.455,70.99516667,550.462,102.8513,227.94,30.88666667,70.97166667
06-05-2021 00:00,1,40.06166667,16.23,82.90403333,691.993,124.8393333,183.8366667,29.05833333,75.55166667
06-05-2021 00:00,2,38.26440678,13.96949153,100.9780508,0.0,77.25769492,218.0372881,29.46271186,76.53050847
06-05-2021 00:00,3,0.0,11.165,69.81736667,507.869,68.34796667,195.6266667,30.11666667,70.53166667
06-05-2021 00:00,4,33.195,14.81166667,60.55855,354.878,58.65566667,184.71,29.69666667,73.16166667
06-05-2021 00:00,5,22.72833333,11.02833333,95.0092,301.971,71.4219,207.8533333,29.85666667,73.805
06-05-2021 00:00,6,27.34166667,12.77333333,66.61113333,494.881,104.2314333,206.98,30.75333333,70.18666667
06-05-2021 01:00,1,50.48833333,16.435,89.15291667,674.039,131.4577,180.78,28.58333333,76.74166667
06-05-2021 01:00,2,38.53103448,14.17068966,92.46406897,0.0,69.69889655,213.6655172,29.32413793,75.73448276
06-05-2021 01:00,3,0.0,11.91724138,69.65265517,463.3396552,69.08237931,182.9482759,29.82413793,71.16724138
06-05-2021 01:00,4,33.31,14.69833333,63.76478333,316.487,62.35693333,175.54,29.345,73.895
06-05-2021 01:00,5,23.415,11.34833333,92.6536,291.848,68.19113333,202.6133333,29.56,74.235
06-05-2021 01:00,6,27.93207547,13.10566038,66.44569811,454.0754717,101.0598491,191.8037736,30.51698113,70.54716981
06-05-2021 02:00,1,29.68166667,12.18166667,93.50423333,702.307,141.4950333,175.9766667,28.10333333,78.35333333
06-05-2021 02:00,2,35.75090909,12.06,81.33958182,0.0,62.58505455,207.2181818,29.39818182,72.89454545
06-05-2021 02:00,3,0.0,9.288333333,69.6865,462.602,67.72063333,182.5266667,29.45833333,70.965
06-05-2021 02:00,4,32.42333333,14.08,62.0308,294.713,58.84386667,164.1866667,29.055,73.57
06-05-2021 02:00,5,19.67,9.63,83.19848333,285.736,59.3771,203.05,29.40666667,72.52833333
06-05-2021 02:00,6,25.25294118,11.34901961,60.23715686,416.1552941,92.51321569,196.2431373,30.25098039,69.09607843
06-05-2021 03:00,1,41.595,14.66333333,95.33636667,728.092,154.7317667,183.4,27.72,79.96333333
06-05-2021 03:00,2,33.01333333,10.05666667,83.36206667,0.0,58.9066,197.3733333,29.16833333,72.53
06-05-2021 03:00,3,0.0,11.98035714,70.00198214,465.7671429,69.1635,173.575,29.13214286,71.71964286
06-05-2021 03:00,4,41.63,18.055,64.35368333,337.688,62.2942,165.9333333,28.76666667,74.30333333
06-05-2021 03:00,5,18.04166667,8.895,84.96518333,304.263,58.93796667,215.7133333,29.18,72.56333333
06-05-2021 03:00,6,24.4,10.71333333,63.04501667,468.332,94.2882,197.3733333,29.97166667,69.34666667
06-05-2021 04:00,1,50.895,17.635,97.13578333,795.897,163.0439333,198.2466667,27.37833333,82.15833333
06-05-2021 04:00,2,33.80833333,10.62,90.42886667,0.0,66.40323333,211.7833333,28.99666667,73.465
06-05-2021 04:00,3,0.0,23.59298246,76.35036842,542.0378947,81.02505263,174.2070175,28.67894737,73.95087719
06-05-2021 04:00,4,52.00338983,22.83728814,65.61077966,388.0861017,63.988,171.8542373,28.43050847,75.7440678
06-05-2021 04:00,5,18.52,9.12,90.46158333,324.318,64.8349,199.12,29.01166667,73.53166667
06-05-2021 04:00,6,30.22166667,11.31,69.71921667,762.854,106.2389,248.0266667,29.68333333,70.68833333
06-05-2021 05:00,1,58.73666667,17.83666667,98.08456667,973.718,165.8983,226.63,27.17,83.40833333
06-05-2021 05:00,2,35.93166667,12.06,94.15856667,0.0,72.99023333,282.96,28.97333333,74.135
06-05-2021 05:00,3,0.0,26.60833333,83.49293333,869.432,90.77513333,230.9966667,28.51333333,75.07333333
06-05-2021 05:00,4,77.52833333,30.39833333,70.43898333,711.857,76.7856,215.2766667,28.30666667,77.17666667
06-05-2021 05:00,5,19.67,9.638333333,95.4018,417.526,68.47343333,203.4866667,28.87,74.39166667
06-05-2021 05:00,6,55.95833333,23.60666667,74.23411667,1362.212,114.2060333,367.2366667,29.655,71.17333333
06-05-2021 06:00,1,90.06,28.365,93.96226667,1411.108,155.9550667,302.1733333,28.01,80.62666667
06-05-2021 06:00,2,39.00833333,14.03833333,87.61523333,0.0,71.1396,398.6766667,30.04833333,70.10166667
06-05-2021 06:00,3,0.0,41.15166667,78.35641667,1632.286,88.454,393.4366667,29.42666667,72.62166667
06-05-2021 06:00,4,69.47833333,25.945,65.89136667,1082.97,71.64146667,284.27,29.17166667,73.77333333
06-05-2021 06:00,5,22.17166667,10.82,93.07891667,842.119,67.25013333,279.4666667,29.28333333,72.77666667
06-05-2021 06:00,6,33.15666667,13.445,72.8273,1906.944,106.3643667,482.9533333,30.13333333,69.28166667
06-05-2021 07:00,1,67.66333333,22.61666667,78.7163,1194.705,116.6526333,284.7066667,29.91,73.68
06-05-2021 07:00,2,38.41833333,13.40333333,75.31376667,0.0,50.18666667,419.2,32.01666667,62.31666667
06-05-2021 07:00,3,0.0,23.13666667,63.89565,1634.196,65.14856667,429.2433333,31.165,66.62
06-05-2021 07:00,4,64.82333333,24.71,58.95543333,1071.701,53.38606667,306.9766667,30.58,68.965
06-05-2021 07:00,5,24.94333333,12.04,85.1942,1348.269,61.94916667,386.0133333,30.41666667,68.60333333
06-05-2021 07:00,6,38.97666667,14.74166667,75.3792,3122.468,102.1926,482.9533333,31.12833333,65.63833333
06-05-2021 08:00,1,102.7983333,25.735,82.90403333,1064.634,82.1493,232.3066667,32.14833333,65.15
06-05-2021 08:00,2,38.045,13.065,67.10188333,0.0,32.96636667,367.6733333,32.995,58.615
06-05-2021 08:00,3,0.0,15.88666667,42.7934,889.869,31.55486667,324.0066667,32.58166667,60.62
06-05-2021 08:00,4,52.55166667,20.0,37.85318333,716.059,21.98803333,279.4666667,32.465,61.43666667
06-05-2021 08:00,5,27.29333333,13.25666667,62.91415,1179.234,33.71916667,392.1266667,32.74833333,60.54166667
06-05-2021 08:00,6,39.615,15.67,70.73343333,2269.462,80.86326667,582.0766667,32.53833333,60.59
06-05-2021 09:00,1,62.89333333,16.84166667,41.19028333,690.274,18.94546667,211.3466667,33.85333333,56.415
06-05-2021 09:00,2,38.26833333,13.45333333,80.05768333,0.0,24.30916667,358.5033333,33.705,56.05833333
06-05-2021 09:00,3,0.0,22.32666667,68.93401667,736.305,30.4884,294.75,33.50833333,57.93
06-05-2021 09:00,4,46.25333333,17.68666667,31.27713333,606.616,4.861833333,291.2566667,34.21833333,55.03833333
06-05-2021 09:00,5,28.85,14.04166667,83.0349,1138.169,18.1613,429.2433333,34.35166667,55.94666667
06-05-2021 09:00,6,43.14,15.77666667,81.2682,2348.345,80.04773333,620.94,33.19166667,58.62666667
06-05-2021 10:00,1,42.93833333,13.26,37.85318333,635.457,3.5758,243.2233333,35.44833333,51.035
06-05-2021 10:00,2,37.74833333,12.275,73.51435,0.0,17.2203,378.59,35.02666667,50.48166667
06-05-2021 10:00,3,0.0,15.505,35.95561667,574.528,3.983566667,318.7666667,35.01166667,51.615
06-05-2021 10:00,4,34.64333333,13.32833333,10.6002,467.377,0.0,313.09,35.96666667,48.12833333
06-05-2021 10:00,5,23.41833333,11.30333333,71.51863333,853.006,6.4929,431.4266667,35.69666667,49.28166667
06-05-2021 10:00,6,43.50833333,15.14333333,66.64385,2097.371,56.8364,611.3333333,34.59333333,52.28
06-05-2021 11:00,1,30.75166667,11.60166667,54.21151667,611.391,15.6206,271.6066667,35.88666667,49.26
06-05-2021 11:00,2,36.19322034,11.11694915,67.77340678,0.0,12.08945763,395.220339,35.88644068,46.45762712
06-05-2021 11:00,3,0.0,12.47,35.69388333,496.791,0.3764,341.91,35.78,48.77833333
06-05-2021 11:00,4,29.76166667,12.63,19.63,451.906,0.0,346.2766667,36.57666667,46.21666667
06-05-2021 11:00,5,22.205,11.05333333,80.54843333,818.435,1.7879,475.0933333,37.05833333,45.42666667
06-05-2021 11:00,6,38.395,14.32,61.37646667,1611.085,33.71916667,552.82,35.87,48.275
06-05-2021 12:00,1,27.95666667,11.545,46.9157,606.998,5.865566667,294.75,36.85333333,45.6
06-05-2021 12:00,2,36.325,11.76833333,103.0902167,0.0,20.8902,385.5766667,35.615,48.45166667
06-05-2021 12:00,3,0.0,12.73333333,31.27713333,478.455,0.4705,383.3933333,36.56833333,45.41
06-05-2021 12:00,4,25.80666667,11.56,19.66271667,387.73,0.0,366.8,37.435,43.14833333
06-05-2021 12:00,5,22.38,11.27833333,151.05285,780.999,36.1344,433.1733333,35.35833333,49.94666667
06-05-2021 12:00,6,34.24333333,13.525,64.45183333,1317.518,28.16726667,524.8733333,36.32166667,47.225
06-05-2021 13:00,1,28.97666667,11.605,76.09896667,655.512,33.18593333,310.0333333,36.3,46.52833333
06-05-2021 13:00,2,36.76333333,12.25333333,160.4098167,0.0,57.55783333,390.38,32.14333333,64.6
06-05-2021 13:00,3,0.0,12.025,51.59418333,564.405,4.203133333,391.69,35.165,50.55666667
06-05-2021 13:00,4,32.94333333,13.16666667,45.90148333,472.534,4.548166667,399.55,37.09333333,45.495
06-05-2021 13:00,5,27.14833333,12.1,180.0725333,1048.59,61.47866667,426.1866667,34.09333333,54.15833333
06-05-2021 13:00,6,35.525,13.35,72.2384,1034.074,27.63403333,498.6733333,34.79666667,51.54
06-05-2021 14:00,1,33.515,12.63333333,169.8322167,812.896,159.8131667,292.13,30.30666667,68.44833333
06-05-2021 14:00,2,35.625,11.76166667,219.75785,0.0,128.6347,383.3933333,28.36,79.73666667
06-05-2021 14:00,3,0.0,9.161666667,88.85846667,734.777,39.92976667,344.53,31.585,60.96166667
06-05-2021 14:00,4,51.77333333,15.37166667,98.31358333,696.768,42.31363333,376.4066667,32.02166667,63.27
06-05-2021 14:00,5,21.85,9.623333333,212.3638833,1761.02,117.9073,481.6433333,28.64333333,79.91166667
06-05-2021 14:00,6,25.24833333,10.57833333,144.1169167,1865.306,142.4987667,536.2266667,29.90833333,69.78166667
06-05-2021 15:00,1,45.46166667,17.14333333,176.6372833,998.93,188.9214333,265.93,29.14833333,73.73
06-05-2021 15:00,2,43.95333333,15.40833333,136.4612167,0.0,78.35393333,445.4,32.725,64.54
06-05-2021 15:00,3,0.0,16.685,86.04483333,1036.557,63.67433333,335.36,31.225,64.33
06-05-2021 15:00,4,50.935,20.58666667,156.4183833,1239.399,115.2097667,374.2233333,29.7,76.12166667
06-05-2021 15:00,5,41.09166667,14.70333333,168.91615,3145.77,107.3053667,689.06,31.60333333,66.615
06-05-2021 15:00,6,57.50166667,17.35,139.7983167,3202.115,137.2605333,536.2266667,32.42833333,63.645
06-05-2021 16:00,1,80.06964286,25.57857143,163.9455536,1765.658571,206.8519643,364.9285714,29.7125,74.78928571
06-05-2021 16:00,2,41.135,14.06333333,114.4429,0.0,49.43386667,334.4866667,31.46166667,67.76833333
06-05-2021 16:00,3,0.0,21.92,94.4203,1338.337,73.33526667,371.6033333,30.97,68.67833333
06-05-2021 16:00,4,62.525,21.40333333,84.89975,1151.157,71.76693333,341.4733333,31.46833333,66.13666667
06-05-2021 16:00,5,40.745,14.565,109.2736667,1508.9,69.22623333,468.1066667,32.185,65.99
06-05-2021 16:00,6,49.69166667,16.925,94.71475,1928.909,97.83263333,585.57,32.29833333,65.87333333
06-05-2021 17:00,1,51.91833333,18.34833333,118.5979167,1171.403,153.0379667,277.72,30.17166667,72.05166667
06-05-2021 17:00,2,39.42333333,14.235,158.2832333,0.0,80.01636667,300.4266667,29.18166667,79.32833333
06-05-2021 17:00,3,0.0,17.79166667,81.6608,1162.617,63.5175,365.49,30.74833333,70.69166667
06-05-2021 17:00,4,53.075,20.34666667,86.33928333,787.875,71.1396,286.0166667,30.73666667,71.54333333
06-05-2021 17:00,5,30.66833333,13.29833333,114.5737667,1648.903,74.93496667,480.77,30.55166667,72.49333333
06-05-2021 17:00,6,36.875,14.63333333,100.7346167,1614.714,115.5861667,495.6166667,30.56166667,72.36333333
06-05-2021 18:00,1,44.16833333,18.24666667,124.8468,1019.176,163.4517,248.9,29.23333333,79.51833333
06-05-2021 18:00,2,40.76078431,15.40392157,145.1080392,0.0,85.05901961,314.9137255,28.65686275,80.8
06-05-2021 18:00,3,0.0,17.59245283,85.77939623,1123.944906,73.75309434,330.7132075,29.6509434,75.50754717
06-05-2021 18:00,4,57.75166667,22.75666667,97.65925,768.393,82.27476667,251.9566667,29.43833333,78.145
06-05-2021 18:00,5,28.51,13.44,124.15975,1701.428,84.3136,455.88,29.57833333,76.99
06-05-2021 18:00,6,45.24666667,16.54833333,106.68905,2330.009,134.0925,586.0066667,29.56333333,77.33166667
06-05-2021 19:00,1,47.25666667,18.705,119.1868167,1090.992,166.1178667,248.4633333,28.75333333,82.33
06-05-2021 19:00,2,40.04333333,14.45333333,123.57085,0.0,79.82816667,320.95,28.895,80.22833333
06-05-2021 19:00,3,0.0,19.36333333,87.22263333,1276.071,78.82443333,341.91,29.74166667,75.195
06-05-2021 19:00,4,67.435,26.06333333,91.57395,1081.824,85.7251,293.44,29.44,77.90666667
06-05-2021 19:00,5,31.05,14.40166667,118.4343333,1509.855,86.54063333,402.6066667,29.615,77.37333333
06-05-2021 19:00,6,40.31,16.93666667,92.6536,2042.745,121.7026667,521.8166667,30.22833333,74.95333333
06-05-2021 20:00,1,124.6966667,37.26666667,126.31905,2382.534,191.3680333,470.7266667,28.05833333,84.67666667
06-05-2021 20:00,2,41.24666667,15.145,111.3348167,0.0,73.61756667,331.43,29.20333333,79.44833333
06-05-2021 20:00,3,0.0,34.63666667,74.85573333,1556.077,81.80426667,385.5766667,28.835,77.835
06-05-2021 20:00,4,90.94666667,32.97166667,83.49293333,1423.332,86.72883333,350.6433333,28.77666667,80.70333333
06-05-2021 20:00,5,37.95166667,16.57166667,111.6947,1329.551,85.31733333,372.04,29.61,77.78666667
06-05-2021 20:00,6,49.595,19.63166667,83.6238,1902.169,121.4517333,492.1233333,30.28166667,74.845
06-05-2021 21:00,1,112.0766667,35.265,121.8368667,2085.72,188.3254667,415.27,26.655,86.07666667
06-05-2021 21:00,2,67.61666667,34.59333333,94.45301667,0.0,70.4809,392.5633333,28.615,81.36
06-05-2021 21:00,3,0.0,34.565,67.46176667,1212.086,74.4331,285.1433333,27.39,80.35833333
06-05-2021 21:00,4,91.93833333,37.19166667,78.45456667,1124.226,79.48313333,285.1433333,26.98833333,83.22833333
06-05-2021 21:00,5,52.205,21.16333333,92.81718333,2141.683,83.9372,514.83,29.23333333,77.97666667
06-05-2021 21:00,6,68.18,26.865,83.13305,2276.338,128.4465,555.44,28.62833333,80.04666667
06-05-2021 22:00,1,90.57833333,29.13166667,114.9663667,1672.969,180.8288333,337.5433333,26.42666667,85.46333333
06-05-2021 22:00,2,78.795,43.19833333,100.7019,0.0,78.63623333,444.5266667,28.0,83.35166667
06-05-2021 22:00,3,0.0,31.04333333,53.72076667,980.021,64.11346667,238.42,27.55833333,77.745
06-05-2021 22:00,4,78.72166667,31.095,83.16576667,1105.126,87.48163333,267.24,26.86666667,83.06833333
06-05-2021 22:00,5,52.71,21.02,96.93948333,2202.23,83.4667,523.5633333,28.48333333,79.355
06-05-2021 22:00,6,75.98,29.1,87.97511667,2340.514,135.4412667,548.0166667,28.25,80.59333333
06-05-2021 23:00,1,99.695,30.52333333,121.5097,1497.44,187.8236,294.75,26.055,87.94666667
06-05-2021 23:00,2,60.29,29.68,101.7488333,0.0,72.70793333,317.8933333,26.89,81.96
06-05-2021 23:00,3,0.0,24.05333333,21.10225,834.288,34.66016667,219.2066667,27.195,78.00666667
06-05-2021 23:00,4,80.55166667,32.19333333,82.96946667,870.387,85.41143333,224.4466667,26.71333333,82.95666667
06-05-2021 23:00,5,62.0,25.70333333,92.22828333,1266.903,79.63996667,348.46,27.53833333,79.77833333
06-05-2021 23:00,6,56.14333333,22.19833333,74.7903,1182.29,117.4054333,315.2733333,27.45333333,79.79833333
07-05-2021 00:00,1,91.77966102,30.85932203,111.4584746,1496.015593,178.0244407,302.4101695,25.69661017,89.45762712
07-05-2021 00:00,2,49.805,21.04333333,107.0489333,0.0,77.66386667,251.0833333,26.81666667,81.10666667
07-05-2021 00:00,3,0.0,22.69833333,35.36671667,730.384,46.26583333,190.8233333,27.11833333,78.99
07-05-2021 00:00,4,80.455,31.63833333,81.88981667,870.005,85.631,228.3766667,26.53833333,83.97833333
07-05-2021 00:00,5,49.19166667,20.79333333,101.8797,757.697,80.39276667,259.38,27.29833333,80.02333333
07-05-2021 00:00,6,58.18666667,23.28,79.63236667,794.751,121.1067,236.6733333,27.10333333,80.42
07-05-2021 01:00,1,89.895,32.19833333,107.7687,1471.464,173.6458667,292.5666667,25.48333333,90.26
07-05-2021 01:00,2,53.07966102,24.78983051,104.9040508,0.0,74.57823729,217.5932203,26.5559322,82.31525424
07-05-2021 01:00,3,0.0,35.11206897,69.14498276,899.61,80.47172414,221.7965517,26.74137931,81.24655172
07-05-2021 01:00,4,92.79666667,37.21,82.38056667,846.512,87.82666667,228.8133333,26.40166667,84.81
07-05-2021 01:00,5,35.17666667,15.715,101.8142667,562.877,75.43683333,233.6166667,27.25666667,79.88666667
07-05-2021 01:00,6,51.12166667,19.765,79.82866667,696.195,124.5256667,210.0366667,27.145,80.73666667
07-05-2021 02:00,1,86.685,30.69166667,101.7161167,1380.93,169.0349667,291.6933333,25.31666667,91.21166667
07-05-2021 02:00,2,73.4637931,41.6362069,108.6080517,0.0,79.30358621,264.2586207,25.82241379,86.75517241
07-05-2021 02:00,3,0.0,53.52166667,75.7718,957.292,86.79156667,224.8833333,26.18833333,84.38333333
07-05-2021 02:00,4,120.6316667,50.64833333,80.71201667,738.788,86.16423333,211.3466667,26.16833333,86.00166667
07-05-2021 02:00,5,39.06,17.155,98.64075,765.719,79.20083333,304.7933333,27.21166667,80.44333333
07-05-2021 02:00,6,44.94310345,19.56206897,83.19058621,620.8158621,118.8904828,196.9517241,26.72586207,82.73793103
07-05-2021 03:00,1,80.13666667,28.37166667,98.86976667,1319.428,166.2433333,295.6233333,25.25833333,91.0
07-05-2021 03:00,2,60.16833333,30.885,115.4571167,0.0,81.83563333,261.5633333,25.34166667,89.38166667
07-05-2021 03:00,3,0.0,32.02166667,78.09468333,943.349,88.32853333,224.01,25.84833333,85.825
07-05-2021 03:00,4,147.3366667,60.345,80.51571667,799.717,86.91703333,214.84,25.91,87.55
07-05-2021 03:00,5,45.87166667,20.84333333,93.73325,897.318,77.3502,328.3733333,27.07666667,81.24166667
07-05-2021 03:00,6,48.13166667,21.39,84.96518333,646.917,125.6235,197.3733333,26.21666667,85.005
07-05-2021 04:00,1,92.01166667,33.35,97.33208333,1473.374,165.3023333,342.3466667,25.17,91.80333333
07-05-2021 04:00,2,63.38,33.38166667,111.40025,0.0,81.867,307.85,25.40666667,89.76
07-05-2021 04:00,3,0.0,32.14333333,67.29818333,853.197,81.08283333,219.2066667,25.64,86.79166667
07-05-2021 04:00,4,176.6616667,74.11166667,75.93538333,857.399,83.71763333,230.1233333,25.72333333,88.955
07-05-2021 04:00,5,30.15833333,14.05166667,102.3050167,575.101,73.64893333,233.18,26.46833333,82.86333333
07-05-2021 04:00,6,43.67333333,18.62,84.89975,705.172,129.0111,202.1766667,26.14,85.22666667
07-05-2021 05:00,1,88.025,33.66833333,93.2425,1346.55,158.3389333,294.75,25.06833333,90.915
07-05-2021 05:00,2,60.18666667,31.93666667,107.7687,0.0,75.28,275.5366667,25.32,89.27
07-05-2021 05:00,3,0.0,24.75666667,22.5745,830.659,37.2636,226.1933333,25.735,86.25166667
07-05-2021 05:00,4,157.4933333,64.45333333,73.74336667,944.304,81.23966667,244.97,25.56,89.53333333
07-05-2021 05:00,5,31.08166667,14.13,102.4686,693.139,77.56976667,237.9833333,26.10166667,84.81666667
07-05-2021 05:00,6,45.755,19.62166667,78.68358333,895.79,124.3374667,235.8,25.99666667,86.21666667
07-05-2021 06:00,1,88.10333333,33.69666667,99.7204,1550.729,158.3389333,315.71,25.625,88.01
07-05-2021 06:00,2,54.42333333,26.16,104.5624667,0.0,72.11196667,323.1333333,26.26166667,84.81
07-05-2021 06:00,3,0.0,25.26271186,45.98077966,1201.746102,57.64023729,290.8644068,26.18813559,84.91694915
07-05-2021 06:00,4,146.1733333,56.92,69.98095,1204.637,78.6676,298.2433333,26.08833333,87.36833333
07-05-2021 06:00,5,42.76833333,19.28833333,98.08456667,1328.405,76.6915,353.2633333,26.55666667,83.46166667
07-05-2021 06:00,6,48.45333333,20.23666667,80.18855,1368.897,121.0126,320.0766667,26.05833333,86.25166667
07-05-2021 07:00,1,94.925,36.51,109.63355,1722.056,144.6317,351.5166667,26.89666667,82.875
07-05-2021 07:00,2,74.57833333,42.41,95.30365,0.0,60.66313333,422.6933333,27.78666667,79.64
07-05-2021 07:00,3,0.0,44.155,51.85591667,1353.808,63.01563333,354.5733333,27.475,80.93333333
07-05-2021 07:00,4,112.7466667,44.68833333,66.67656667,1274.734,64.23893333,311.78,27.29166667,81.51666667
07-05-2021 07:00,5,47.71,21.06166667,112.38175,1867.789,72.89613333,436.6666667,27.59333333,79.535
07-05-2021 07:00,6,57.31833333,23.84166667,100.9636333,2391.32,122.5495667,511.7733333,26.91666667,83.06
07-05-2021 08:00,1,104.375,39.50833333,138.88225,1708.304,136.6332,332.3033333,28.555,77.745
07-05-2021 08:00,2,88.01666667,52.78666667,100.5056,0.0,51.44133333,393.8733333,29.20166667,75.29166667
07-05-2021 08:00,3,0.0,40.815,56.40353333,1125.181,52.3196,321.3866667,29.43,74.84666667
07-05-2021 08:00,4,80.265,29.43833333,63.92836667,855.871,46.7677,272.0433333,29.01,75.915
07-05-2021 08:00,5,56.06333333,24.71833333,106.8526333,2005.5,59.6594,503.04,29.455,73.18
07-05-2021 08:00,6,68.48,28.82,106.3618833,2322.369,109.2501,486.01,27.8,79.90833333
07-05-2021 09:00,1,95.02666667,36.53333333,128.28205,1177.515,68.81846667,271.6066667,30.91833333,69.735
07-05-2021 09:00,2,77.79333333,44.28666667,89.87268333,0.0,27.35173333,360.6866667,31.04,69.84333333
07-05-2021 09:00,3,0.0,32.48679245,58.03813208,809.9841509,37.00083019,273.3698113,30.85471698,71.54339623
07-05-2021 09:00,4,80.83833333,30.06166667,71.09331667,755.787,33.56233333,266.8033333,30.67833333,71.61666667
07-05-2021 09:00,5,59.53,25.93,104.0062833,1485.598,33.0291,456.3166667,31.48,67.07666667
07-05-2021 09:00,6,71.29661017,27.79830508,127.4951864,2219.355254,103.3186102,470.7118644,29.61016949,74.21864407
07-05-2021 10:00,1,75.78833333,29.15,136.3957833,768.393,43.7565,191.26,32.03,64.96
07-05-2021 10:00,2,61.65666667,31.505,121.2479667,0.0,24.2778,305.23,32.04166667,65.86666667
07-05-2021 10:00,3,0.0,33.34833333,45.31258333,665.635,16.3734,291.6933333,32.97333333,65.12833333
07-05-2021 10:00,4,77.46666667,30.39333333,78.9126,629.536,23.4309,257.1966667,32.22333333,66.72333333
07-05-2021 10:00,5,60.76,26.52,112.2181667,1066.926,19.07093333,415.27,32.99333333,62.03833333
07-05-2021 10:00,6,66.345,27.32833333,112.2181667,1413.4,75.49956667,357.1933333,30.91833333,69.55
07-05-2021 11:00,1,77.81666667,28.24166667,129.26355,725.991,23.6191,204.36,33.60833333,58.755
07-05-2021 11:00,2,55.27,26.54666667,110.61505,0.0,5.018666667,324.0066667,33.72166667,59.26666667
07-05-2021 11:00,3,0.0,25.46166667,23.13068333,583.887,0.345033333,318.7666667,33.9,60.48833333
07-05-2021 11:00,4,73.07666667,29.66,84.50715,534.609,9.755033333,261.1266667,33.36833333,61.85833333
07-05-2021 11:00,5,53.50666667,23.82666667,141.04155,1977.805,29.98653333,559.37,34.50166667,56.40333333
07-05-2021 11:00,6,60.95833333,24.82166667,106.88535,1440.522,59.78486667,386.8866667,32.26666667,64.26333333
07-05-2021 12:00,1,60.64,23.955,106.9180667,609.672,7.9044,231.87,34.62333333,54.09333333
07-05-2021 12:00,2,48.72166667,21.70166667,98.18271667,0.0,1.913366667,374.66,35.31,52.47
07-05-2021 12:00,3,0.0,27.825,32.35678333,589.426,1.882,333.1766667,34.47833333,57.27166667
07-05-2021 12:00,4,84.73166667,32.11833333,101.4871,499.847,3.607166667,262.0,34.57,56.80833333
07-05-2021 12:00,5,61.58166667,26.92833333,209.1903667,1286.958,27.79086667,426.1866667,34.33166667,55.635
07-05-2021 12:00,6,66.88333333,26.225,108.9465,2492.168,46.98726667,627.0533333,34.21,56.57833333
07-05-2021 13:00,1,57.625,21.60833333,117.2565333,608.144,29.0769,248.9,35.12,52.57666667
07-05-2021 13:00,2,55.90833333,26.34,134.1383333,0.0,6.932033333,441.47,35.65166667,50.32
07-05-2021 13:00,3,0.0,33.06,80.90831667,599.931,1.631066667,313.9633333,34.76833333,55.445
07-05-2021 13:00,4,67.07833333,26.565,66.97101667,426.121,0.0,308.7233333,35.86166667,49.16333333
07-05-2021 13:00,5,59.75166667,25.03,229.57285,1057.758,42.9096,363.3066667,34.63,53.03666667
07-05-2021 13:00,6,72.22,28.09333333,97.59381667,1654.442,20.67063333,537.5366667,35.32666667,52.11333333
07-05-2021 14:00,1,58.79166667,21.795,120.5282,580.449,41.27853333,260.69,35.31833333,52.29333333
07-05-2021 14:00,2,55.97,25.39,170.6174167,0.0,21.04703333,372.9133333,35.39333333,50.13333333
07-05-2021 14:00,3,0.0,27.41166667,78.61815,657.613,1.191933333,333.1766667,34.94833333,52.14666667
07-05-2021 14:00,4,66.62333333,24.525,76.68786667,424.402,1.9761,318.7666667,35.60333333,49.87666667
07-05-2021 14:00,5,55.26333333,22.37,206.115,927.114,40.77666667,367.6733333,34.66333333,52.47666667
07-05-2021 14:00,6,74.60833333,26.73833333,85.29235,1954.885,18.9141,676.3966667,35.79,49.72
07-05-2021 15:00,1,68.13833333,22.56166667,146.7015333,680.533,75.1859,256.76,35.075,53.02333333
07-05-2021 15:00,2,58.85333333,27.55666667,213.47625,0.0,35.2875,359.8133333,34.47,54.06166667
07-05-2021 15:00,3,0.0,25.76666667,86.04483333,753.495,10.38236667,347.15,35.21833333,50.86666667
07-05-2021 15:00,4,82.23666667,27.74333333,104.13715,638.895,20.95293333,326.19,35.13333333,52.26166667
07-05-2021 15:00,5,63.93666667,25.52666667,255.0591333,1540.415,65.6818,435.7933333,34.47,54.77666667
07-05-2021 15:00,6,77.39333333,27.435,125.73015,1976.086,44.57203333,665.9166667,35.26666667,52.08833333
07-05-2021 16:00,1,88.92333333,34.525,307.5366667,1280.464,152.4106333,181.6533333,33.04333333,62.69166667
07-05-2021 16:00,2,62.36166667,32.05333333,288.8227333,0.0,58.59293333,331.8666667,33.13833333,61.51666667
07-05-2021 16:00,3,0.0,40.02333333,163.4851833,1287.34,34.75426667,368.9833333,34.17166667,58.53833333
07-05-2021 16:00,4,98.835,36.97,191.7196667,1075.712,55.9895,294.3133333,33.595,60.55833333
07-05-2021 16:00,5,77.44666667,32.24,332.82665,1863.778,89.395,424.8766667,33.14833333,61.76333333
07-05-2021 16:00,6,83.98666667,32.36333333,203.5958167,1900.45,88.70493333,538.41,33.59166667,60.35166667
07-05-2021 17:00,1,63.395,24.72333333,218.4819,1271.869,162.1970333,244.97,31.71833333,66.61
07-05-2021 17:00,2,49.52833333,22.59333333,231.1105333,0.0,71.48463333,336.2333333,31.51,65.41833333
07-05-2021 17:00,3,0.0,32.3,144.7058167,1538.505,54.04476667,393.0,32.36833333,63.04666667
07-05-2021 17:00,4,70.88833333,27.64833333,147.0287,1106.272,67.62653333,317.02,32.1,64.49333333
07-05-2021 17:00,5,47.04166667,20.97833333,196.8561833,1712.506,76.00143333,465.05,31.79833333,64.56833333
07-05-2021 17:00,6,66.08666667,25.03833333,168.71985,2694.628,118.7542,681.2,32.22333333,63.355
07-05-2021 18:00,1,56.995,21.325,140.9106833,1099.969,153.3202667,272.9166667,31.03666667,67.40333333
07-05-2021 18:00,2,43.54833333,17.61666667,181.08675,0.0,81.71016667,355.01,30.595,69.88833333
07-05-2021 18:00,3,0.0,21.41166667,114.4429,1401.94,76.91106667,380.7733333,31.31833333,66.03
07-05-2021 18:00,4,54.81333333,22.69333333,111.9237167,926.732,74.87223333,313.5266667,31.22,67.965
07-05-2021 18:00,5,35.19,16.48333333,155.6004667,1893.001,91.7475,493.4333333,31.25166667,67.69166667
07-05-2021 18:00,6,54.51166667,19.86666667,134.8581,3041.866,134.9080333,681.2,31.36333333,67.27
07-05-2021 19:00,1,45.29666667,17.89833333,119.4812667,976.583,152.4106333,265.4933333,30.43833333,70.685
07-05-2021 19:00,2,43.98333333,17.5,158.0215,0.0,91.6534,366.8,30.395,72.78666667
07-05-2021 19:00,3,0.0,20.54166667,92.81718333,1354.572,76.81696667,373.35,31.10333333,67.35333333
07-05-2021 19:00,4,63.42833333,24.50333333,89.80725,1077.24,82.18066667,334.4866667,31.00166667,68.76166667
07-05-2021 19:00,5,38.96,17.34333333,123.37455,1761.784,85.2546,482.08,31.03666667,68.725
07-05-2021 19:00,6,46.51166667,19.24666667,99.94941667,1756.436,114.802,494.7433333,31.615,66.66333333
07-05-2021 20:00,1,45.285,18.08333333,104.0062833,902.666,149.3367,251.52,29.91,73.23833333
07-05-2021 20:00,2,43.39,16.905,118.9905167,0.0,78.9499,346.7133333,30.35166667,71.91166667
07-05-2021 20:00,3,0.0,20.98888889,71.94031481,1052.834444,71.27203704,318.7666667,30.87037037,67.36851852
07-05-2021 20:00,4,61.56666667,23.745,69.16303333,851.86,68.0343,296.4966667,30.71666667,68.69166667
07-05-2021 20:00,5,37.30166667,16.63666667,100.5056,924.058,74.5272,348.8966667,30.67833333,69.165
07-05-2021 20:00,6,46.69666667,19.35666667,78.25826667,1242.073,105.1410667,399.1133333,31.46666667,66.16333333
07-05-2021 21:00,1,40.46166667,17.60333333,96.74318333,817.48,148.4270667,234.9266667,29.37333333,75.845
07-05-2021 21:00,2,40.535,15.265,108.3248833,0.0,73.42936667,294.3133333,30.04,72.53
07-05-2021 21:00,3,0.0,18.995,66.57841667,873.061,69.60263333,286.4533333,30.53333333,68.625
07-05-2021 21:00,4,57.69333333,22.34833333,69.94823333,664.298,71.17096667,258.9433333,30.27,70.84833333
07-05-2021 21:00,5,35.61666667,15.83833333,97.88826667,980.594,77.6325,351.08,30.33833333,71.20333333
07-05-2021 21:00,6,41.27666667,17.45,76.00081667,1114.485,104.6392,367.2366667,31.05333333,68.37666667
07-05-2021 22:00,1,45.70166667,18.805,93.27521667,760.753,140.9618,212.22,29.17833333,76.025
07-05-2021 22:00,2,42.14333333,15.7,106.2310167,0.0,76.8797,281.2133333,29.86,73.11833333
07-05-2021 22:00,3,0.0,18.06333333,65.40061667,708.037,70.73183333,248.9,30.215,70.105
07-05-2021 22:00,4,53.84833333,20.96,70.30811667,566.697,71.17096667,233.6166667,29.965,72.25833333
07-05-2021 22:00,5,30.27666667,14.03666667,95.95798333,614.065,71.6101,282.96,30.00666667,72.545
07-05-2021 22:00,6,35.75333333,15.39,73.51435,742.417,103.2277,284.7066667,30.85666667,69.275
07-05-2021 23:00,1,48.26333333,17.98,86.63373333,729.62,140.5854,189.0766667,28.96666667,75.48833333
07-05-2021 23:00,2,40.29166667,14.34,103.1229333,0.0,72.42563333,251.0833333,29.62666667,73.75666667
07-05-2021 23:00,3,0.0,18.36153846,64.36375,667.7653846,73.61515385,235.2961538,30.25384615,70.325
07-05-2021 23:00,4,51.63666667,20.37666667,69.81736667,457.063,69.88493333,212.22,29.68833333,73.115
07-05-2021 23:00,5,28.38,13.295,96.74318333,404.92,70.26133333,237.5466667,29.70833333,73.64666667
07-05-2021 23:00,6,33.02833333,14.99833333,72.14025,560.776,103.4786333,244.97,30.66333333,69.83833333
08-05-2021 00:00,1,53.965,19.415,88.20413333,715.486,147.3606,183.4,28.56166667,76.18333333
08-05-2021 00:00,2,40.25833333,14.415,96.25243333,0.0,65.71316667,222.2633333,29.455,73.43833333
08-05-2021 00:00,3,0.0,15.56666667,61.89993333,605.279,66.6228,211.7833333,30.12333333,69.94833333
08-05-2021 00:00,4,53.41333333,20.535,70.2754,519.902,77.9148,210.91,29.45,73.63166667
08-05-2021 00:00,5,30.14666667,13.60833333,92.13013333,410.077,73.89986667,234.0533333,29.56166667,73.66166667
08-05-2021 00:00,6,44.95333333,15.95,70.96245,689.319,106.8348667,254.5766667,29.94333333,71.44833333
08-05-2021 01:00,1,54.47166667,20.295,93.96226667,734.013,160.3150333,183.4,27.79666667,79.91166667
08-05-2021 01:00,2,45.94482759,17.84827586,95.5777931,0.0,70.31541379,238.5103448,29.25689655,75.02241379
08-05-2021 01:00,3,0.0,14.5862069,56.69008621,396.9506897,64.40982759,189.2724138,29.93275862,69.17931034
08-05-2021 01:00,4,53.75166667,20.795,69.32661667,379.326,79.63996667,202.6133333,29.25166667,73.69666667
08-05-2021 01:00,5,30.73,14.06666667,81.82438333,410.268,64.70943333,235.3633333,29.50833333,72.00833333
08-05-2021 01:00,6,41.185,15.66833333,69.58835,571.09,104.8274,220.08,29.66333333,70.97333333
08-05-2021 02:00,1,47.94166667,18.61166667,95.36908333,803.155,163.1066667,196.5,27.42166667,82.10833333
08-05-2021 02:00,2,59.06333333,28.35,87.68066667,0.0,71.10823333,279.9033333,28.74,79.17833333
08-05-2021 02:00,3,0.0,25.58833333,61.99808333,580.64,70.16723333,198.6833333,29.29,72.65833333
08-05-2021 02:00,4,51.36666667,20.79666667,63.66663333,403.01,71.86103333,201.74,28.925,74.39333333
08-05-2021 02:00,5,31.21,13.765,81.17005,778.134,68.44206667,324.4433333,29.41333333,71.985
08-05-2021 02:00,6,38.26034483,15.09137931,72.46177586,477.9610345,110.2916897,195.1448276,29.24655172,72.80517241
08-05-2021 03:00,1,43.60666667,17.85333333,90.65788333,767.629,158.7467,187.33,27.26333333,83.27833333
08-05-2021 03:00,2,79.49666667,45.78,91.63938333,0.0,73.52346667,375.5333333,28.22333333,82.61166667
08-05-2021 03:00,3,0.0,71.36,74.56128333,907.632,83.8431,270.7333333,28.645,78.55166667
08-05-2021 03:00,4,55.465,21.305,64.74628333,380.281,76.4092,172.4833333,28.84166667,74.12166667
08-05-2021 03:00,5,31.83333333,14.04166667,83.00218333,639.659,70.07313333,279.4666667,29.26833333,72.26
08-05-2021 03:00,6,64.72833333,18.92833333,75.9681,1090.992,120.9812333,309.16,28.86333333,75.19333333
08-05-2021 04:00,1,76.51833333,27.29333333,91.93383333,1119.069,159.1858333,248.0266667,27.73,81.45666667
08-05-2021 04:00,2,86.36166667,51.425,97.39751667,0.0,76.75423333,447.1466667,27.92833333,85.68833333
08-05-2021 04:00,3,0.0,81.615,65.9568,1065.589,80.48686667,332.74,28.89166667,80.48333333
08-05-2021 04:00,4,77.23,26.48333333,70.30811667,592.673,82.1493,204.7966667,28.63333333,76.35333333
08-05-2021 04:00,5,34.63833333,14.875,86.99361667,763.045,75.43683333,298.2433333,29.15166667,72.76833333
08-05-2021 04:00,6,95.55,37.80666667,73.31805,1209.985,121.7654,342.3466667,28.76666667,78.575
08-05-2021 05:00,1,125.3833333,39.02833333,100.9636333,1646.42,170.5092,353.7,27.475,85.19333333
08-05-2021 05:00,2,78.61166667,46.13833333,110.8440667,0.0,82.0552,346.7133333,27.55666667,88.17333333
08-05-2021 05:00,3,0.0,71.30166667,63.96108333,1305.485,80.4555,386.0133333,28.60833333,82.55
08-05-2021 05:00,4,195.9766667,77.92,77.86566667,1509.282,88.3599,393.4366667,28.15,83.17166667
08-05-2021 05:00,5,39.30166667,17.34,87.90968333,1220.872,77.75796667,399.9866667,29.10166667,73.725
08-05-2021 05:00,6,108.8305085,45.57627119,84.04301695,1378.307797,132.888339,389.8915254,28.39661017,82.53728814
08-05-2021 06:00,1,154.5316667,52.43,105.90385,2227.633,175.1828333,458.9366667,27.79666667,85.88
08-05-2021 06:00,2,70.73166667,39.15666667,102.2068667,0.0,78.5735,411.34,28.71166667,83.58333333
08-05-2021 06:00,3,0.0,83.96833333,53.68805,1218.962,66.77963333,350.2066667,28.54,83.12666667
08-05-2021 06:00,4,199.4516667,79.02833333,82.31513333,1594.468,91.5593,405.6633333,28.23166667,85.06666667
08-05-2021 06:00,5,83.19833333,34.70166667,99.7204,2162.884,88.29716667,547.58,29.18666667,77.565
08-05-2021 06:00,6,118.1316667,47.58166667,88.04055,3156.657,136.1627,320.0766667,28.575,83.58333333
08-05-2021 07:00,1,175.93,58.41833333,130.6703667,2205.286,180.3269667,430.99,28.72833333,83.17666667
08-05-2021 07:00,2,86.99,52.70166667,95.92526667,0.0,61.4473,568.1033333,30.63166667,74.86166667
08-05-2021 07:00,3,0.0,67.06981132,29.51907547,1843.978868,38.66977358,465.6679245,30.46037736,76.06603774
08-05-2021 07:00,4,153.06,61.495,82.0534,1447.78,81.08283333,366.3633333,29.45666667,80.59666667
08-05-2021 07:00,5,86.10333333,36.18666667,104.7914833,1823.668,77.0679,483.39,29.93333333,73.71666667
08-05-2021 07:00,6,110.4696429,42.95535714,86.44210714,3360.031071,120.0783214,511.7733333,29.79107143,76.27321429
08-05-2021 08:00,1,140.5166667,52.09666667,122.98195,1557.796,112.4181333,324.0066667,30.28333333,75.525
08-05-2021 08:00,2,81.67,47.30166667,100.3420167,0.0,39.58473333,501.2933333,31.965,67.82666667
08-05-2021 08:00,3,0.0,54.45,13.5447,1209.985,6.6811,392.1266667,31.43,70.39666667
08-05-2021 08:00,4,180.435,66.94833333,89.87268333,1514.248,61.9178,380.7733333,30.82,75.28333333
08-05-2021 08:00,5,96.31,40.82,123.57085,1518.068,59.22026667,429.68,30.95,71.25166667
08-05-2021 08:00,6,100.2983333,38.77333333,94.45301667,3251.584,110.1283667,486.01,30.64333333,73.13333333
08-05-2021 09:00,1,142.2933333,52.99333333,155.0115667,1388.952,83.87446667,281.2133333,31.62833333,70.49333333
08-05-2021 09:00,2,73.53584906,40.22075472,102.0019245,0.0,18.21633962,436.5018868,33.26981132,63.00188679
08-05-2021 09:00,3,0.0,51.03,35.00683333,902.666,6.2106,319.64,32.81,66.505
08-05-2021 09:00,4,162.68,61.25333333,114.3774667,1252.387,31.08436667,327.0633333,32.50666667,67.1
08-05-2021 09:00,5,116.2016667,48.31,169.7667833,1431.927,45.10526667,414.3966667,32.59666667,66.41
08-05-2021 09:00,6,110.4533333,43.46,131.4882833,2522.346,100.2478667,590.81,31.465,71.51666667
08-05-2021 10:00,1,109.5466667,41.62166667,149.0571333,1038.276,43.81923333,231.87,33.02666667,65.30833333
08-05-2021 10:00,2,68.69,36.60333333,128.0203167,0.0,10.57056667,393.0,34.425,58.675
08-05-2021 10:00,3,0.0,55.465,63.63391667,961.876,3.607166667,347.15,34.16833333,62.735
08-05-2021 10:00,4,159.7116667,58.32833333,142.02305,1056.612,14.80506667,310.0333333,33.58666667,62.92333333
08-05-2021 10:00,5,124.5916667,50.575,210.92435,1509.473,34.37786667,421.82,33.82833333,61.48333333
08-05-2021 10:00,6,125.75,48.14,154.38995,2749.445,83.749,630.11,32.82166667,66.54333333
08-05-2021 11:00,1,94.94666667,38.77,146.7996833,944.495,38.92603333,244.0966667,34.11833333,61.56666667
08-05-2021 11:00,2,75.95333333,42.54166667,170.8137167,0.0,18.66316667,395.62,34.52333333,59.095
08-05-2021 11:00,3,0.0,59.79333333,64.28825,907.059,0.0941,358.94,34.90166667,60.69
08-05-2021 11:00,4,147.0033333,55.10166667,140.6162333,959.202,16.5616,333.6133333,34.19666667,61.58166667
08-05-2021 11:00,5,120.9583333,49.64333333,230.3907667,1233.096,29.67286667,398.24,34.37,59.40166667
08-05-2021 11:00,6,122.6916667,49.605,172.44955,1520.36,57.99696667,414.3966667,32.99,65.55
08-05-2021 12:00,1,80.79666667,33.63833333,140.4853667,800.672,39.1456,228.8133333,34.09,59.25333333
08-05-2021 12:00,2,66.44166667,35.635,161.7839167,0.0,31.053,323.1333333,32.24333333,63.235
08-05-2021 12:00,3,0.0,54.53833333,67.62535,817.48,2.6348,341.4733333,34.48166667,61.07166667
08-05-2021 12:00,4,140.1433333,50.56166667,131.2592667,865.421,26.8185,333.6133333,33.77,62.47833333
08-05-2021 12:00,5,102.8266667,43.91,211.9712833,1381.694,48.77516667,424.0033333,33.85333333,60.31
08-05-2021 12:00,6,111.2183333,45.645,164.4339667,1541.37,65.4936,410.9033333,33.325,63.17166667
08-05-2021 13:00,1,74.39,30.63833333,145.3274333,807.357,72.77066667,231.87,33.835,58.93333333
08-05-2021 13:00,2,42.66333333,17.68333333,182.7225833,0.0,76.62876667,194.3166667,27.79666667,70.96666667
08-05-2021 13:00,3,0.0,31.92666667,91.18135,875.926,33.9701,256.3233333,29.98,66.545
08-05-2021 13:00,4,87.70333333,34.57666667,100.99635,997.784,25.56383333,342.3466667,32.41,60.71
08-05-2021 13:00,5,56.63833333,24.28833333,151.3473,1430.208,49.43386667,419.6366667,30.95166667,61.97333333
08-05-2021 13:00,6,56.86833333,22.665,117.78,997.211,71.35916667,293.0033333,29.61166667,66.05833333
08-05-2021 14:00,1,85.89166667,32.145,177.4552,1566.773,130.0775667,317.02,32.08833333,62.86166667
08-05-2021 14:00,2,48.96166667,21.65166667,181.4466333,0.0,84.81546667,299.99,30.58,63.41333333
08-05-2021 14:00,3,0.0,44.68,126.6135,1187.447,69.634,286.4533333,30.50666667,69.38166667
08-05-2021 14:00,4,87.915,30.035,124.8468,1281.037,52.10003333,346.2766667,31.945,60.45166667
08-05-2021 14:00,5,49.245,21.83333333,183.4096333,1215.142,69.00666667,339.29,30.91666667,62.08666667
08-05-2021 14:00,6,60.79298246,23.82280702,135.7569474,1316.492632,93.73680702,316.6982456,31.04035088,61.8122807
08-05-2021 15:00,1,77.85833333,32.26333333,239.2569833,1289.441,207.3650333,264.1833333,28.10833333,85.42166667
08-05-2021 15:00,2,53.295,27.00666667,241.54715,0.0,95.44876667,240.6033333,28.565,78.45666667
08-05-2021 15:00,3,0.0,29.06603774,129.2246604,1056.914717,58.59056604,277.3245283,28.73962264,76.83396226
08-05-2021 15:00,4,83.56333333,33.61666667,161.6857667,814.424,84.56453333,239.2933333,29.44166667,76.96
08-05-2021 15:00,5,41.915,19.37333333,216.3226,1139.506,89.42636667,298.68,28.695,78.02833333
08-05-2021 15:00,6,51.51754386,22.28421053,161.8269649,1470.7,119.4244561,343.3578947,28.71052632,76.93684211
08-05-2021 16:00,1,49.675,20.73,228.0678833,1447.971,240.0491,279.03,26.33833333,95.12333333
08-05-2021 16:00,2,45.76166667,20.93666667,219.36525,0.0,125.3412,317.8933333,27.84666667,83.30833333
08-05-2021 16:00,3,0.0,17.48666667,159.4610333,1327.45,104.7019333,282.96,26.78833333,86.49
08-05-2021 16:00,4,90.93,38.95333333,172.4168333,1158.988,118.5346333,261.5633333,28.16833333,86.14333333
08-05-2021 16:00,5,30.17833333,14.32666667,207.0310667,1973.794,113.2964,432.7366667,28.185,84.01666667
08-05-2021 16:00,6,45.625,20.08166667,162.43825,3043.203,162.3538667,640.1533333,28.43166667,82.02333333
08-05-2021 17:00,1,53.52666667,22.96166667,199.9969833,1842.195,239.3904,308.2866667,26.855,94.82666667
08-05-2021 17:00,2,47.245,22.04,185.7325167,0.0,119.9461333,471.1633333,28.07333333,85.49666667
08-05-2021 17:00,3,0.0,27.71,124.7813667,2562.838,102.0671333,538.8466667,27.79666667,85.45333333
08-05-2021 17:00,4,121.0466667,51.73666667,157.3998833,1750.133,126.094,352.39,28.22833333,87.68166667
08-05-2021 17:00,5,38.07833333,17.945,195.4493667,3354.151,126.094,670.72,28.525,84.32166667
08-05-2021 17:00,6,45.25849057,20.81320755,154.4843962,4976.66717,174.3868302,681.2,28.52075472,84.70943396
08-05-2021 18:00,1,86.11333333,36.855,169.2106,2753.456,222.7347,458.5,26.98,95.11333333
08-05-2021 18:00,2,51.705,24.615,169.4069,0.0,120.6675667,536.6633333,28.22,86.41333333
08-05-2021 18:00,3,0.0,26.94833333,102.5994667,2492.55,89.1127,570.7233333,28.15166667,82.95833333
08-05-2021 18:00,4,124.3866667,52.75166667,135.9704667,2279.585,120.7303,456.3166667,28.29333333,87.89833333
08-05-2021 18:00,5,45.12333333,19.78,166.1025167,3481.357,117.0917667,670.72,28.895,82.79833333
08-05-2021 18:00,6,58.88644068,23.53389831,129.0589322,4605.754576,162.5537627,681.2,28.87457627,82.31694915
08-05-2021 19:00,1,101.93,39.73166667,165.97165,3285.964,236.0341667,534.0433333,27.05833333,94.29666667
08-05-2021 19:00,2,49.83833333,21.65166667,143.78975,0.0,108.0895333,503.9133333,28.72,84.84666667
08-05-2021 19:00,3,0.0,50.83333333,62.816,2754.22,73.83713333,599.1066667,28.90333333,81.22333333
08-05-2021 19:00,4,150.1483333,61.46666667,137.9989,2451.676,136.2568,476.4033333,28.12,89.13666667
08-05-2021 19:00,5,48.51,20.66833333,152.42695,2967.949,115.3666,626.18,29.01166667,83.24166667
08-05-2021 19:00,6,82.95166667,27.61166667,116.5694833,6601.342,168.3135333,494.7433333,28.94333333,83.52333333
08-05-2021 20:00,1,86.87833333,33.67666667,144.8366833,2499.617,215.7399333,425.3133333,26.90833333,93.95666667
08-05-2021 20:00,2,53.14833333,22.99166667,126.31905,0.0,98.2404,494.7433333,28.90333333,83.42833333
08-05-2021 20:00,3,0.0,35.33166667,78.1274,2429.902,89.1127,528.3666667,29.21,79.86333333
08-05-2021 20:00,4,131.6033333,51.50166667,123.7017167,1948.964,128.7601667,386.45,28.27833333,87.77666667
08-05-2021 20:00,5,47.14666667,19.72166667,141.4014333,1745.358,110.0656333,406.1,28.98333333,83.13666667
08-05-2021 20:00,6,69.51333333,25.05833333,99.88398333,3857.054,144.6317,399.1133333,29.47166667,80.38
08-05-2021 21:00,1,86.29333333,32.74666667,132.4370667,2452.249,205.8280667,441.47,26.775,95.48
08-05-2021 21:00,2,51.23833333,22.82833333,118.85965,0.0,90.6183,367.2366667,28.82166667,83.055
08-05-2021 21:00,3,0.0,24.04833333,71.81308333,1241.309,79.985,324.4433333,29.195,79.38833333
08-05-2021 21:00,4,130.1766667,49.78333333,98.5426,1605.164,109.8147,348.8966667,28.35833333,85.75333333
08-05-2021 21:00,5,48.875,19.98666667,126.2209,1534.685,101.0947667,393.8733333,28.97833333,82.55833333
08-05-2021 21:00,6,56.76666667,21.95166667,86.63373333,1927.572,123.3023667,481.2066667,29.645,79.48
08-05-2021 22:00,1,76.35666667,29.99833333,109.04465,1757.2,180.9543,320.5133333,27.28833333,91.37666667
08-05-2021 22:00,2,56.10666667,25.89833333,116.8312167,0.0,96.4525,352.39,28.61166667,84.57333333
08-05-2021 22:00,3,0.0,20.03666667,63.53576667,897.318,70.3868,270.7333333,29.33166667,78.71666667
08-05-2021 22:00,4,96.65666667,35.67333333,89.21835,1041.905,98.8991,276.8466667,28.53166667,85.14666667
08-05-2021 22:00,5,39.425,17.00333333,106.4600333,1207.502,82.49433333,348.8966667,29.09166667,81.83166667
08-05-2021 22:00,6,50.635,19.71,82.47871667,1446.252,120.6675667,382.0833333,29.65333333,79.58666667
08-05-2021 23:00,1,77.515,29.305,111.9564333,1633.432,186.6944,307.4133333,27.125,93.84
08-05-2021 23:00,2,53.36666667,24.40833333,118.7942167,0.0,94.3823,300.4266667,28.53166667,85.325
08-05-2021 23:00,3,0.0,24.50666667,68.93401667,937.237,75.5623,259.8166667,28.98666667,80.295
08-05-2021 23:00,4,85.22666667,32.545,80.97375,680.915,91.96706667,225.32,28.45833333,85.76833333
08-05-2021 23:00,5,38.46666667,16.87833333,103.6464,973.145,85.31733333,292.5666667,28.9,82.39833333
08-05-2021 23:00,6,61.50833333,23.36666667,86.30656667,1151.539,131.4890667,308.2866667,28.89,82.79833333
09-05-2021 00:00,1,61.05,23.56,102.3377333,1150.966,177.0648333,237.5466667,27.24166667,93.68
09-05-2021 00:00,2,54.73166667,25.98833333,115.8497167,0.0,93.4413,282.0866667,28.42333333,86.60166667
09-05-2021 00:00,3,0.0,20.74666667,63.86293333,668.691,72.5511,224.01,29.08166667,80.61166667
09-05-2021 00:00,4,89.895,33.11666667,82.47871667,727.328,94.13136667,224.01,28.54333333,85.73166667
09-05-2021 00:00,5,30.83,14.075,105.1840833,705.936,85.0664,257.6333333,28.90333333,83.41833333
09-05-2021 00:00,6,48.13833333,19.15,82.8386,822.255,121.8595,251.52,28.96333333,83.44166667
09-05-2021 01:00,1,51.55,19.77833333,88.23685,900.183,161.4128667,196.5,27.48833333,91.94666667
09-05-2021 01:00,2,56.6362069,28.23103448,111.1464138,0.0,89.97906897,278.262069,28.31724138,87.59827586
09-05-2021 01:00,3,0.0,21.26724138,71.95410345,497.3244828,78.00565517,186.1103448,29.16551724,80.29482759
09-05-2021 01:00,4,67.72666667,25.77,74.36498333,370.54,84.90956667,174.23,28.42333333,86.62
09-05-2021 01:00,5,29.135,13.63,97.88826667,782.718,81.83563333,289.0733333,28.88166667,83.47833333
09-05-2021 01:00,6,43.67,17.965,80.41756667,701.543,122.6123,219.2066667,28.92166667,83.80166667
09-05-2021 02:00,1,46.47833333,18.53833333,93.79868333,789.785,167.1843333,183.4,27.33166667,92.88333333
09-05-2021 02:00,2,44.89833333,19.175,116.4713333,0.0,85.8192,222.2633333,28.125,88.11833333
09-05-2021 02:00,3,0.0,21.79,74.85573333,616.166,78.2912,192.1333333,29.09,80.17333333
09-05-2021 02:00,4,64.42833333,24.25333333,71.19146667,397.089,77.13063333,160.2566667,28.20666667,86.95833333
09-05-2021 02:00,5,28.42333333,13.455,96.08885,648.636,75.6564,234.9266667,28.67666667,84.02333333
09-05-2021 02:00,6,33.69166667,15.20166667,79.37063333,609.099,117.5309,192.57,28.81833333,83.645
09-05-2021 03:00,1,48.78166667,19.32666667,98.90248333,818.626,169.5054667,182.9633333,27.37833333,93.38
09-05-2021 03:00,2,41.79833333,16.94666667,107.5069667,0.0,83.4667,228.8133333,28.175,88.17166667
09-05-2021 03:00,3,0.0,18.18166667,69.35933333,542.058,73.7744,184.2733333,29.22333333,79.69333333
09-05-2021 03:00,4,59.86,22.75833333,71.2569,312.858,74.02533333,155.89,28.335,86.46666667
09-05-2021 03:00,5,28.20166667,13.16666667,95.53266667,739.934,77.4443,281.2133333,28.69,84.17166667
09-05-2021 03:00,6,33.15666667,14.45,77.83295,493.735,115.6489,172.4833333,28.76166667,84.03833333
09-05-2021 04:00,1,63.58333333,24.02,101.1272167,942.012,172.6107667,201.3033333,27.34666667,93.98833333
09-05-2021 04:00,2,41.205,16.19666667,103.7118333,0.0,84.7841,260.69,28.13833333,88.76666667
09-05-2021 04:00,3,0.0,16.38333333,71.94395,550.844,74.9977,184.2733333,29.10666667,80.19
09-05-2021 04:00,4,57.34333333,22.30333333,65.85865,328.711,67.752,159.3833333,28.34166667,85.75833333
09-05-2021 04:00,5,26.5,12.59833333,92.16285,526.969,69.69673333,220.9533333,28.74666667,83.89666667
09-05-2021 04:00,6,35.51166667,14.88666667,74.56128333,680.151,114.6765333,206.1066667,28.86666667,84.16833333
09-05-2021 05:00,1,51.91833333,20.18833333,97.00491667,917.182,165.2396,202.1766667,27.31333333,93.61
09-05-2021 05:00,2,46.18301887,18.3245283,102.0019245,0.0,84.72550943,325.2754717,28.03773585,89.1754717
09-05-2021 05:00,3,0.0,16.52166667,72.33655,819.199,78.5735,220.9533333,29.06333333,80.36666667
09-05-2021 05:00,4,69.145,25.34,72.36926667,482.466,78.82443333,179.0333333,28.105,87.10166667
09-05-2021 05:00,5,29.93333333,13.41,100.8982,594.01,80.3614,220.08,28.49,85.33833333
09-05-2021 05:00,6,36.48166667,15.24833333,76.03353333,758.461,119.9147667,222.7,29.16666667,82.78333333
09-05-2021 06:00,1,33.24333333,14.56666667,80.84288333,819.772,133.0887667,200.43,28.01166667,89.65666667
09-05-2021 06:00,2,43.90666667,17.40333333,83.72195,0.0,77.78933333,368.11,29.72166667,82.11
09-05-2021 06:00,3,0.0,20.97,73.97238333,1018.603,79.20083333,265.93,29.32166667,79.97666667
09-05-2021 06:00,4,100.4283333,35.68833333,75.3792,723.126,85.69373333,227.94,28.73666667,85.85
09-05-2021 06:00,5,28.90166667,13.32333333,95.72896667,705.172,76.53466667,252.83,28.77666667,84.64166667
09-05-2021 06:00,6,52.08833333,20.255,73.38348333,1774.008,117.3427,421.3833333,29.31833333,82.04
09-05-2021 07:00,1,33.425,14.87833333,57.05786667,781.572,90.77513333,196.9366667,29.76833333,80.97666667
09-05-2021 07:00,2,46.48833333,19.87166667,33.04383333,0.0,31.27256667,441.9066667,31.995,70.91
09-05-2021 07:00,3,0.0,19.94716981,57.92701887,729.5479245,61.43132075,252.6075472,30.71886792,74.93773585
09-05-2021 07:00,4,58.49,22.31,46.88298333,641.951,54.0134,240.1666667,30.32,78.265
09-05-2021 07:00,5,34.44,14.88333333,86.07755,860.264,67.87746667,294.75,29.88333333,80.05166667
09-05-2021 07:00,6,40.22758621,16.79482759,69.48343103,1364.727931,103.0232759,361.8310345,30.56724138,76.97241379
09-05-2021 08:00,1,29.955,13.24166667,33.30556667,687.982,44.6975,186.02,31.56333333,69.86
09-05-2021 08:00,2,42.325,16.58333333,45.11628333,0.0,28.73186667,364.18,32.385,67.575
09-05-2021 08:00,3,0.0,16.52333333,29.41228333,650.546,23.6191,274.6633333,32.43,66.665
09-05-2021 08:00,4,38.82166667,16.19666667,20.48063333,527.733,16.34203333,243.66,32.02,67.455
09-05-2021 08:00,5,29.57,13.61166667,30.29563333,645.198,19.03956667,324.0066667,32.52166667,67.26833333
09-05-2021 08:00,6,35.94,15.07833333,58.75913333,1284.475,72.89613333,361.1233333,31.68666667,69.755
09-05-2021 09:00,1,32.83333333,14.53833333,24.1449,556.001,17.2203,194.3166667,33.16166667,63.03166667
09-05-2021 09:00,2,39.9,14.59,50.08921667,0.0,18.09856667,354.1366667,33.16833333,62.68
09-05-2021 09:00,3,0.0,15.85,29.08511667,560.776,10.38236667,282.5233333,33.59166667,60.565
09-05-2021 09:00,4,31.42833333,13.52166667,9.095233333,436.053,0.501866667,264.62,33.955,57.91166667
09-05-2021 09:00,5,26.11666667,12.565,12.79221667,744.136,0.031366667,419.6366667,34.565,57.395
09-05-2021 09:00,6,33.86833333,13.565,59.38075,1064.252,55.95813333,317.4566667,32.74166667,62.34166667
09-05-2021 10:00,1,29.45666667,13.195,43.3823,481.511,14.24046667,196.9366667,33.96666667,60.02
09-05-2021 10:00,2,38.42542373,13.81355932,83.71030508,0.0,12.88691525,320.1728814,33.85932203,58.86949153
09-05-2021 10:00,3,0.0,13.385,37.19885,433.761,2.038833333,282.96,34.47833333,55.94333333
09-05-2021 10:00,4,32.54166667,13.99333333,21.75658333,307.51,0.0,276.8466667,34.935,55.17833333
09-05-2021 10:00,5,26.02833333,12.71666667,77.30948333,626.48,0.784166667,408.2833333,35.28,55.30333333
09-05-2021 10:00,6,36.35833333,14.38833333,65.92408333,1499.732,48.14783333,433.61,33.88666667,58.26666667
09-05-2021 11:00,1,30.92666667,13.55666667,54.11336667,517.801,8.437633333,228.8133333,35.15666667,56.08
09-05-2021 11:00,2,37.35166667,13.245,97.00491667,0.0,12.8917,322.26,34.75833333,54.915
09-05-2021 11:00,3,0.0,13.145,40.2415,352.204,0.031366667,287.7633333,34.99166667,53.37
09-05-2021 11:00,4,30.79,13.94833333,27.25298333,244.289,0.0,281.2133333,35.88833333,50.67333333
09-05-2021 11:00,5,26.44833333,13.06333333,96.3833,580.449,0.721433333,421.3833333,36.53166667,50.45666667
09-05-2021 11:00,6,35.37666667,14.68333333,68.54141667,1158.988,31.2412,391.69,34.79833333,54.51
09-05-2021 12:00,1,32.54333333,14.17,77.76751667,535.182,15.36966667,228.8133333,35.52666667,52.55666667
09-05-2021 12:00,2,38.15423729,13.79491525,94.42362712,0.0,9.091016949,340.1559322,35.45084746,51.99830508
09-05-2021 12:00,3,0.0,14.35,32.94568333,350.103,0.062733333,330.9933333,36.27,50.35666667
09-05-2021 12:00,4,33.115,15.1,38.50751667,220.796,0.0,299.5533333,37.02833333,47.63166667
09-05-2021 12:00,5,27.85833333,13.85333333,143.3644333,484.758,7.8103,390.8166667,35.99333333,50.73666667
09-05-2021 12:00,6,37.12,15.65,74.36498333,989.571,23.87003333,367.2366667,35.51833333,51.63
09-05-2021 13:00,1,35.48333333,15.07666667,91.11591667,536.71,13.5504,234.9266667,35.99166667,50.27333333
09-05-2021 13:00,2,38.965,14.27833333,84.76888333,0.0,3.8581,381.6466667,36.16333333,50.045
09-05-2021 13:00,3,0.0,15.16166667,50.18736667,374.551,0.156833333,352.8266667,36.22833333,50.08166667
09-05-2021 13:00,4,34.72,15.73166667,32.7821,268.737,0.0,339.29,37.645,45.16833333
09-05-2021 13:00,5,28.58166667,14.05666667,191.9159667,631.064,38.92603333,327.9366667,35.52166667,50.42166667
09-05-2021 13:00,6,42.26,17.18166667,56.17451667,1099.587,4.2345,466.7966667,36.82833333,47.98166667
09-05-2021 14:00,1,36.455,15.11666667,136.52665,696.195,61.22773333,265.93,35.63833333,53.73833333
09-05-2021 14:00,2,38.46037736,13.99622642,114.1873396,0.0,11.54056604,383.1132075,34.75849057,57.58490566
09-05-2021 14:00,3,0.0,15.07333333,63.17588333,441.783,0.815533333,379.9,36.38666667,50.07333333
09-05-2021 14:00,4,36.17166667,15.79333333,72.56556667,415.043,9.5041,374.66,36.83166667,50.54666667
09-05-2021 14:00,5,27.72833333,13.16,209.4521,782.145,73.0216,363.3066667,34.54666667,59.55
09-05-2021 14:00,6,37.85666667,15.67666667,65.7605,682.061,19.761,479.8966667,36.03833333,54.325
09-05-2021 15:00,1,27.55833333,12.01833333,153.114,757.697,127.1604667,268.55,33.92333333,62.48333333
09-05-2021 15:00,2,35.50166667,11.66333333,158.7412667,0.0,61.57276667,318.33,32.93833333,64.63666667
09-05-2021 15:00,3,0.0,12.55833333,104.2025833,563.259,41.15306667,335.7966667,33.24833333,63.58333333
09-05-2021 15:00,4,39.49166667,14.30333333,100.8982,520.857,44.66613333,325.3166667,34.43833333,59.08166667
09-05-2021 15:00,5,23.51,11.51666667,166.6587,754.641,66.68553333,341.4733333,33.305,62.345
09-05-2021 15:00,6,31.89333333,12.92666667,101.7161167,1005.615,75.7505,455.4433333,33.83833333,61.655
09-05-2021 16:00,1,25.965,11.57333333,146.53795,815.188,144.1298333,245.8433333,31.32,69.985
09-05-2021 16:00,2,34.39,10.79333333,123.8980167,0.0,59.12616667,320.5133333,31.83666667,65.97166667
09-05-2021 16:00,3,0.0,11.67333333,99.03335,641.569,60.6945,293.44,32.15166667,65.835
09-05-2021 16:00,4,31.67166667,13.80166667,97.23393333,601.65,63.58023333,304.3566667,32.63333333,63.97833333
09-05-2021 16:00,5,20.70833333,10.205,123.0801,855.871,62.4824,339.7266667,32.34666667,63.3
09-05-2021 16:00,6,26.01666667,11.32333333,105.90385,1322.293,106.0507,436.23,32.62333333,63.075
09-05-2021 17:00,1,24.555,11.02833333,142.0557667,824.165,158.8094333,234.9266667,30.30666667,75.055
09-05-2021 17:00,2,33.92666667,10.60333333,115.2608167,0.0,59.7535,310.9066667,30.845,69.19
09-05-2021 17:00,3,0.0,10.15,81.33363333,766.292,60.38083333,294.75,31.45333333,66.845
09-05-2021 17:00,4,38.79833333,17.445,93.50423333,709.756,71.54736667,290.82,31.31666667,68.6
09-05-2021 17:00,5,19.625,9.71,118.2053167,987.661,68.91256667,348.8966667,31.20333333,68.08166667
09-05-2021 17:00,6,23.04166667,10.72166667,95.49995,1212.277,107.0544333,388.1966667,31.57333333,66.32166667
09-05-2021 18:00,1,25.75,11.57333333,117.5509833,855.298,147.1096667,225.7566667,29.775,76.95333333
09-05-2021 18:00,2,34.96,11.61333333,127.9221667,0.0,70.32406667,291.2566667,29.99833333,74.545
09-05-2021 18:00,3,0.0,10.11333333,82.28241667,797.234,67.43833333,275.9733333,30.62,69.89833333
09-05-2021 18:00,4,33.29333333,14.82833333,93.73325,804.301,77.85206667,275.5366667,30.58,73.0
09-05-2021 18:00,5,19.18333333,9.566666667,126.4499167,996.065,76.34646667,324.0066667,30.475,73.065
09-05-2021 18:00,6,24.595,10.93833333,103.6791167,1641.645,123.0200667,439.7233333,30.64666667,72.135
09-05-2021 19:00,1,24.42833333,10.98333333,106.1655833,1004.278,146.9528333,241.9133333,29.45166667,78.695
09-05-2021 19:00,2,34.31666667,11.11,131.42285,0.0,76.25236667,286.4533333,29.56666667,79.21
09-05-2021 19:00,3,0.0,10.94,87.5498,880.892,74.1508,279.4666667,30.18833333,74.605
09-05-2021 19:00,4,35.47,15.57,91.99926667,785.774,82.58843333,251.52,30.2,76.16166667
09-05-2021 19:00,5,20.40166667,10.01166667,122.78565,1082.779,78.0089,341.91,30.12,76.195
09-05-2021 19:00,6,25.91666667,11.26,102.1087167,1354.572,125.6862333,369.8566667,30.04833333,77.08833333
09-05-2021 20:00,1,26.98,12.10166667,102.7303333,958.82,142.5301333,226.63,29.035,82.23666667
09-05-2021 20:00,2,34.72166667,11.40833333,131.0956833,0.0,74.21353333,236.6733333,29.27666667,81.83
09-05-2021 20:00,3,0.0,10.70833333,84.44171667,786.729,72.99023333,251.9566667,29.87833333,76.79333333
09-05-2021 20:00,4,34.94,15.42166667,83.91825,777.752,78.103,244.5333333,29.9,77.95166667
09-05-2021 20:00,5,20.94666667,10.23666667,114.9663667,992.245,75.53093333,316.1466667,29.88333333,78.24
09-05-2021 20:00,6,29.48166667,12.26333333,98.28086667,1461.15,123.8983333,377.7166667,29.795,79.13333333
09-05-2021 21:00,1,31.61,13.74666667,88.40043333,1086.408,139.1425333,232.3066667,28.78,83.95666667
09-05-2021 21:00,2,33.13666667,10.16666667,105.8384167,0.0,65.61906667,238.8566667,29.31333333,82.375
09-05-2021 21:00,3,0.0,10.02666667,82.446,728.856,74.18216667,233.18,29.74,77.935
09-05-2021 21:00,4,34.99666667,15.50166667,79.92681667,660.669,73.93123333,225.7566667,29.685,79.26666667
09-05-2021 21:00,5,19.685,9.686666667,105.3476667,1012.873,70.92003333,310.47,29.8,78.88
09-05-2021 21:00,6,25.08867925,11.26037736,90.18688679,1181.244906,112.5649057,324.7811321,29.88301887,79.56792453
09-05-2021 22:00,1,50.49666667,20.51,107.1470833,1024.715,159.2799333,208.29,28.74,84.89166667
09-05-2021 22:00,2,33.64,10.25333333,100.8982,0.0,69.03803333,220.08,29.07,83.66666667
09-05-2021 22:00,3,0.0,8.533333333,71.35505,631.637,67.4697,210.0366667,29.69833333,77.14
09-05-2021 22:00,4,40.27,16.82166667,79.23976667,623.042,74.2449,209.6,29.49333333,80.175
09-05-2021 22:00,5,19.81166667,9.698333333,104.6279,774.887,71.29643333,268.55,29.66833333,79.195
09-05-2021 22:00,6,20.34166667,10.10333333,80.58115,933.99,104.5764667,268.55,30.245,77.45166667
09-05-2021 23:00,1,35.01333333,15.01333333,112.2836,759.225,156.1119,182.09,28.39,87.8
09-05-2021 23:00,2,32.56607143,9.648214286,94.78485714,0.0,62.07239286,201.1785714,29.00535714,83.98392857
09-05-2021 23:00,3,0.0,8.693333333,73.25261667,464.703,68.09703333,175.54,29.57333333,78.35
09-05-2021 23:00,4,39.905,16.79166667,78.94531667,443.693,73.6803,182.09,29.36333333,81.69833333
09-05-2021 23:00,5,18.92166667,9.311666667,104.4970333,500.229,69.75946667,212.22,29.47,81.12666667
09-05-2021 23:00,6,20.23666667,10.16333333,82.38056667,639.468,103.51,216.15,29.94333333,79.47166667
10-05-2021 00:00,1,39.17166667,16.58833333,107.4088167,755.596,164.7377333,172.0466667,28.195,88.74
10-05-2021 00:00,2,31.53684211,8.938596491,103.1780351,0.0,62.40315789,179.2631579,28.73508772,84.55438596
10-05-2021 00:00,3,0.0,9.266037736,73.29767925,394.829434,65.7634717,159.6716981,29.46226415,79.28867925
10-05-2021 00:00,4,39.04166667,16.86833333,73.31805,406.639,71.07686667,159.82,29.07666667,82.91666667
10-05-2021 00:00,5,17.94,8.975,101.0617833,427.458,69.00666667,205.2333333,29.375,82.09666667
10-05-2021 00:00,6,21.08666667,10.21666667,82.38056667,515.891,103.5413667,185.5833333,29.475,81.665
10-05-2021 01:00,1,31.69166667,14.01166667,94.0277,662.77,139.3621,158.0733333,28.01166667,88.485
10-05-2021 01:00,2,31.2862069,8.806896552,100.9252759,0.0,62.46293103,179.3344828,28.6637931,85.29137931
10-05-2021 01:00,3,0.0,9.053448276,62.30832759,483.8886207,57.401,158.1034483,29.34827586,79.5137931
10-05-2021 01:00,4,41.62,17.59833333,70.92973333,371.495,71.92376667,157.6366667,28.86333333,83.92
10-05-2021 01:00,5,19.27833333,9.478333333,89.54551667,374.551,61.6355,198.6833333,29.14333333,81.61666667
10-05-2021 01:00,6,18.815,10.02166667,75.05203333,450.378,96.60933333,165.4966667,29.41333333,81.13166667
10-05-2021 02:00,1,32.57833333,13.64333333,95.7944,775.078,156.5824,159.3833333,28.00833333,88.62333333
10-05-2021 02:00,2,31.77833333,9.113333333,96.25243333,0.0,63.07836667,182.09,28.645,84.93833333
10-05-2021 02:00,3,0.0,7.229090909,61.74527273,368.1785455,56.42578182,157.6763636,29.14545455,79.19090909
10-05-2021 02:00,4,37.25833333,16.25833333,67.06916667,335.969,68.25386667,156.3266667,28.84833333,83.26
10-05-2021 02:00,5,18.40333333,9.246666667,84.24541667,774.123,61.94916667,334.4866667,29.10333333,80.465
10-05-2021 02:00,6,18.83166667,9.803333333,72.00938333,423.065,94.16273333,158.9466667,29.065,81.72166667
10-05-2021 03:00,1,39.99166667,16.33166667,87.68066667,1160.325,151.8146667,196.5,28.10333333,87.65666667
10-05-2021 03:00,2,32.575,9.765,89.21835,0.0,63.45476667,204.7966667,28.685,84.06
10-05-2021 03:00,3,0.0,7.628333333,64.15738333,372.068,60.56903333,157.2,29.14666667,79.55
10-05-2021 03:00,4,32.54,14.81166667,65.1716,311.712,62.63923333,153.7066667,28.78166667,82.69833333
10-05-2021 03:00,5,16.58666667,8.538333333,89.41465,535.564,61.76096667,252.3933333,28.99666667,81.79833333
10-05-2021 03:00,6,20.72333333,10.11,74.2014,477.691,100.4360667,168.5533333,29.13166667,81.88333333
10-05-2021 04:00,1,33.22166667,14.515,92.91533333,1124.799,158.5271333,193.4433333,27.75333333,88.62333333
10-05-2021 04:00,2,33.21666667,10.235,95.49995,0.0,68.56753333,234.49,28.43333333,85.09666667
10-05-2021 04:00,3,0.0,9.993333333,60.0678,433.952,60.1299,161.13,29.07,78.97166667
10-05-2021 04:00,4,32.435,14.725,69.81736667,369.776,63.7057,151.96,28.515,83.72166667
10-05-2021 04:00,5,17.995,8.873333333,91.96655,579.876,67.34423333,235.3633333,28.89333333,81.71333333
10-05-2021 04:00,6,20.09833333,9.79,73.97238333,575.865,100.3733333,175.54,29.06333333,81.345
10-05-2021 05:00,1,64.4,24.64,100.113,1285.239,169.5054667,239.73,27.47333333,91.16333333
10-05-2021 05:00,2,37.12931034,13.01206897,102.8882759,0.0,80.7962069,344.2137931,28.39655172,85.94827586
10-05-2021 05:00,3,0.0,9.578333333,70.83158333,758.652,70.3868,215.2766667,29.00666667,79.60833333
10-05-2021 05:00,4,49.05166667,21.22166667,76.65515,626.289,76.7856,187.33,28.435,84.39666667
10-05-2021 05:00,5,24.86166667,12.015,103.2538,657.422,77.8207,236.2366667,28.73,83.28
10-05-2021 05:00,6,20.92833333,10.205,76.13168333,862.747,103.2590667,236.2366667,29.38,80.51166667
10-05-2021 06:00,1,60.26166667,21.92,95.10735,1201.199,157.9311667,248.9,28.105,88.76333333
10-05-2021 06:00,2,38.76521739,13.48695652,98.4913913,0.0,79.49404348,386.1652174,29.39782609,82.38478261
10-05-2021 06:00,3,0.0,14.80666667,69.45748333,1247.039,70.16723333,309.16,29.31166667,79.61166667
10-05-2021 06:00,4,65.52666667,25.46333333,73.44891667,1124.608,80.01636667,246.28,29.025,83.21166667
10-05-2021 06:00,5,23.49166667,11.4,102.7303333,1148.865,81.05146667,332.3033333,29.05833333,83.18
10-05-2021 06:00,6,31.85,14.64666667,80.15583333,1425.433,106.0507,358.5033333,29.77833333,79.76666667
10-05-2021 07:00,1,28.93166667,12.26666667,74.88845,1013.255,105.1724333,223.1366667,29.74166667,81.49
10-05-2021 07:00,2,36.88833333,12.73,71.87851667,0.0,51.97456667,396.93,31.1,75.00666667
10-05-2021 07:00,3,0.0,10.52666667,65.43333333,1357.437,58.9066,344.53,30.105,76.465
10-05-2021 07:00,4,67.20833333,26.375,53.16458333,1478.149,55.7072,312.2166667,30.54833333,76.59166667
10-05-2021 07:00,5,25.80166667,12.55333333,85.48865,1689.586,63.92526667,417.89,30.07333333,78.92166667
10-05-2021 07:00,6,33.00689655,13.18793103,78.92613793,2837.535517,100.9141379,650.9344828,30.38448276,77.46551724
10-05-2021 08:00,1,26.50333333,11.27,49.04228333,762.472,64.58396667,186.4566667,31.21833333,73.405
10-05-2021 08:00,2,34.96,11.48833333,62.0308,0.0,30.14336667,320.5133333,31.54833333,69.82333333
10-05-2021 08:00,3,0.0,13.67,44.00391667,1336.809,29.29646667,415.27,31.50333333,69.66166667
10-05-2021 08:00,4,51.09666667,20.21,36.7081,1195.851,27.91633333,296.9333333,31.60833333,69.00666667
10-05-2021 08:00,5,31.285,14.99833333,38.40936667,1476.812,29.20236667,447.1466667,32.625,67.21666667
10-05-2021 08:00,6,39.35,14.55666667,70.2754,2885.628,78.2912,665.48,31.16833333,71.20666667
10-05-2021 09:00,1,34.66140351,13.23157895,18.21801754,683.5789474,15.02298246,196.7298246,33.46315789,62.75789474
10-05-2021 09:00,2,35.24666667,11.50166667,55.02943333,0.0,20.07466667,329.6833333,32.85333333,63.35166667
10-05-2021 09:00,3,0.0,12.725,49.56575,1025.479,29.3592,321.8233333,31.91,67.20666667
10-05-2021 09:00,4,39.16333333,15.78166667,40.20878333,803.728,20.54516667,264.1833333,32.285,64.46666667
10-05-2021 09:00,5,24.28166667,11.96,23.39241667,1050.691,4.830466667,445.4,33.55666667,59.75666667
10-05-2021 09:00,6,32.725,12.945,68.63956667,1545.763,63.01563333,417.0166667,32.33333333,64.32833333
10-05-2021 10:00,1,35.28833333,13.83,39.12913333,729.62,13.23673333,224.8833333,34.52666667,59.22666667
10-05-2021 10:00,2,33.86666667,10.535,53.85163333,0.0,6.430166667,323.1333333,33.77666667,56.99333333
10-05-2021 10:00,3,0.0,11.52833333,40.01248333,833.142,7.371166667,314.8366667,33.41833333,59.93333333
10-05-2021 10:00,4,35.21833333,15.04666667,40.53595,600.313,3.9522,255.45,33.85333333,58.11166667
10-05-2021 10:00,5,27.11166667,13.1,36.64266667,975.628,1.756533333,493.87,35.515,53.32333333
10-05-2021 10:00,6,30.76,12.77166667,58.13751667,1211.895,30.8648,379.4633333,33.51333333,58.175
10-05-2021 11:00,1,35.41666667,15.08,77.1459,606.998,32.68406667,215.7133333,34.93833333,57.25666667
10-05-2021 11:00,2,34.75762712,11.21016949,69.76967797,0.0,9.824677966,333.4949153,34.67457627,53.54237288
10-05-2021 11:00,3,0.0,13.275,46.35951667,748.147,1.380133333,314.8366667,34.44833333,56.435
10-05-2021 11:00,4,37.88666667,16.34166667,51.36516667,521.43,2.195666667,262.4366667,35.455,53.82833333
10-05-2021 11:00,5,27.30166667,13.40166667,98.28086667,992.245,1.7879,476.84,35.93666667,51.51
10-05-2021 11:00,6,42.075,15.46,90.75603333,1372.144,59.283,399.55,33.35666667,58.68333333
10-05-2021 12:00,1,36.285,15.70833333,81.13733333,601.077,19.07093333,234.49,35.99166667,53.295
10-05-2021 12:00,2,36.02833333,12.16666667,88.76031667,0.0,14.74233333,342.3466667,35.19333333,53.41833333
10-05-2021 12:00,3,0.0,12.09245283,56.0010566,607.8124528,1.420377358,317.3660377,34.55283019,56.22641509
10-05-2021 12:00,4,33.63666667,15.28666667,56.40353333,425.166,0.0,272.0433333,36.09666667,51.38833333
10-05-2021 12:00,5,24.41,12.28833333,158.8721333,793.605,31.8058,419.6366667,34.95666667,55.20333333
10-05-2021 12:00,6,37.675,14.475,94.64931667,1264.993,51.3786,393.4366667,34.23,56.76833333
10-05-2021 13:00,1,36.855,15.605,107.3106667,660.478,32.2763,244.0966667,35.89333333,53.57833333
10-05-2021 13:00,2,36.79,12.57666667,74.49585,0.0,3.701266667,391.69,35.88166667,52.05833333
10-05-2021 13:00,3,0.0,11.91,51.98678333,670.983,2.132933333,354.5733333,35.62,54.17
10-05-2021 13:00,4,34.13166667,15.09166667,52.64111667,423.829,0.0,315.2733333,37.10333333,49.00333333
10-05-2021 13:00,5,25.27166667,12.36666667,187.2374833,833.715,57.401,361.1233333,34.63333333,56.435
10-05-2021 13:00,6,41.60333333,14.57333333,68.9013,1007.907,25.2188,409.1566667,35.07,55.54666667
10-05-2021 14:00,1,34.61166667,14.57166667,122.3603333,723.699,64.05073333,252.3933333,35.425,55.25666667
10-05-2021 14:00,2,37.28333333,12.82333333,91.63938333,0.0,10.4451,396.93,35.25166667,54.38333333
10-05-2021 14:00,3,0.0,12.26666667,51.79048333,652.838,0.313666667,388.1966667,35.42166667,54.89166667
10-05-2021 14:00,4,35.0,14.45166667,63.0123,460.31,2.289766667,350.2066667,36.53,51.595
10-05-2021 14:00,5,25.205,12.185,174.01995,964.741,57.9656,393.8733333,34.49666667,57.40166667
10-05-2021 14:00,6,40.48,14.28333333,75.83723333,1123.844,32.90363333,449.7666667,34.91666667,56.15333333
10-05-2021 15:00,1,30.96666667,12.93833333,129.4925667,772.977,110.7557,258.5066667,34.94333333,57.54333333
10-05-2021 15:00,2,36.07333333,11.745,98.28086667,0.0,23.11723333,389.07,34.55333333,55.18166667
10-05-2021 15:00,3,0.0,12.03833333,80.6793,742.035,24.1837,354.1366667,33.915,59.25
10-05-2021 15:00,4,29.67,12.93,79.04346667,500.993,24.71693333,333.1766667,35.06333333,55.69166667
10-05-2021 15:00,5,24.87,12.00166667,151.0201333,1023.951,59.72213333,398.6766667,33.975,58.79833333
10-05-2021 15:00,6,30.8,12.38166667,70.89701667,876.881,34.3465,411.34,34.57,57.185
10-05-2021 16:00,1,25.34333333,10.99833333,101.97785,721.216,105.5802,251.0833333,33.26,60.20833333
10-05-2021 16:00,2,33.87333333,10.35166667,77.27676667,0.0,21.7371,381.6466667,33.23166667,55.04333333
10-05-2021 16:00,3,0.0,10.61666667,80.22126667,761.899,39.02013333,321.8233333,33.03666667,60.81833333
10-05-2021 16:00,4,28.67666667,12.71833333,82.90403333,599.358,47.77143333,316.1466667,33.6,59.64833333
10-05-2021 16:00,5,25.10333333,11.35833333,123.4072667,1237.489,61.10226667,455.0066667,33.25833333,59.57166667
10-05-2021 16:00,6,31.74833333,12.06166667,90.13441667,877.072,71.48463333,388.1966667,32.92333333,62.48333333
10-05-2021 17:00,1,25.80833333,11.44166667,116.6676333,830.277,153.383,255.0133333,31.28833333,66.61333333
10-05-2021 17:00,2,34.15084746,10.69661017,129.9905254,0.0,55.63064407,353.4779661,31.54067797,63.95932203
10-05-2021 17:00,3,0.0,9.441509434,79.26075472,1048.91434,51.63071698,349.4981132,31.84528302,65.03773585
10-05-2021 17:00,4,27.70166667,12.12,79.8941,882.42,59.25163333,326.6266667,32.375,63.965
10-05-2021 17:00,5,21.17166667,10.28833333,107.7032667,1347.505,64.86626667,455.4433333,31.98833333,63.25166667
10-05-2021 17:00,6,24.03,10.51333333,103.6464,1358.774,107.3994667,436.23,31.57,67.68833333
10-05-2021 18:00,1,25.99333333,11.33666667,120.8880833,885.858,165.8983,247.1533333,30.115,73.01833333
10-05-2021 18:00,2,34.26333333,10.77833333,164.1068,0.0,81.4906,303.4833333,30.235,72.94666667
10-05-2021 18:00,3,0.0,9.466666667,79.43606667,1149.247,59.3771,339.7266667,30.84,69.24166667
10-05-2021 18:00,4,26.11666667,12.03333333,85.12876667,798.189,67.21876667,284.27,31.05666667,68.96
10-05-2021 18:00,5,19.48333333,9.673333333,121.60785,1469.745,79.4204,439.7233333,30.92666667,69.78
10-05-2021 18:00,6,29.40333333,10.975,94.55116667,2194.208,109.3128333,570.7233333,30.90833333,68.83166667
10-05-2021 19:00,1,25.385,11.13666667,117.8127167,923.103,169.0036,232.7433333,29.51333333,77.81666667
10-05-2021 19:00,2,32.99833333,9.958333333,146.4070833,0.0,78.98126667,282.0866667,29.92166667,75.27333333
10-05-2021 19:00,3,0.0,8.093333333,75.31376667,1084.88,55.20533333,294.75,30.42166667,70.41333333
10-05-2021 19:00,4,28.70166667,13.0,88.49858333,814.424,72.51973333,265.4933333,30.38333333,72.9
10-05-2021 19:00,5,18.52333333,9.34,116.11145,1237.871,75.68776667,380.7733333,30.46333333,71.83833333
10-05-2021 19:00,6,26.11666667,11.16166667,100.5383167,1560.852,116.1821333,418.7633333,30.33166667,73.38166667
10-05-2021 20:00,1,24.44166667,10.66333333,106.1655833,892.734,160.0013667,211.3466667,29.20666667,79.785
10-05-2021 20:00,2,32.94833333,9.848333333,134.95625,0.0,73.89986667,254.14,29.67666667,77.72166667
10-05-2021 20:00,3,0.0,8.413559322,78.48672881,874.8447458,61.37233898,240.240678,30.13220339,72.38305085
10-05-2021 20:00,4,30.085,13.75333333,91.37765,733.44,76.6915,242.7866667,30.08166667,75.53833333
10-05-2021 20:00,5,17.735,8.97,115.12995,935.327,74.9036,319.64,30.17833333,74.28833333
10-05-2021 20:00,6,26.92,10.67833333,93.50423333,1371.762,114.5197,371.6033333,30.22833333,74.80833333
10-05-2021 21:00,1,23.38666667,10.57166667,98.3463,869.05,155.9864333,201.3033333,28.96666667,81.30833333
10-05-2021 21:00,2,33.36666667,10.07,115.2935333,0.0,70.2927,253.2666667,29.51666667,78.995
10-05-2021 21:00,3,0.0,7.553333333,78.7163,852.815,61.41593333,231.87,29.95,74.43833333
10-05-2021 21:00,4,34.92,15.90833333,83.06761667,750.821,76.84833333,237.9833333,29.83833333,76.84166667
10-05-2021 21:00,5,17.195,8.853333333,109.7971333,790.167,70.73183333,287.3266667,29.89166667,76.17333333
10-05-2021 21:00,6,27.505,10.505,89.05476667,1120.979,109.2187333,317.4566667,29.81333333,76.32333333
10-05-2021 22:00,1,23.255,10.45666667,90.82146667,757.315,155.0454333,183.4,28.63166667,83.385
10-05-2021 22:00,2,33.04339623,9.711320755,114.4836415,0.0,65.69245283,215.5320755,29.23018868,80.05660377
10-05-2021 22:00,3,0.0,7.97,82.28241667,735.159,64.39576667,200.43,29.625,75.46666667
10-05-2021 22:00,4,30.56666667,13.80166667,77.66936667,585.224,71.4219,209.1633333,29.51666667,77.74
10-05-2021 22:00,5,16.18,8.348333333,106.10015,652.838,66.56006667,262.4366667,29.63666667,76.85666667
10-05-2021 22:00,6,27.77166667,10.65666667,90.36343333,996.829,114.6451667,276.41,29.60166667,77.505
10-05-2021 23:00,1,26.76833333,11.79166667,89.9054,676.713,152.8497667,160.2566667,28.43,84.54333333
10-05-2021 23:00,2,33.22166667,9.81,113.8212833,0.0,69.634,191.6966667,29.04833333,81.59333333
10-05-2021 23:00,3,0.0,7.020338983,85.30732203,619.2284746,66.57176271,173.1864407,29.43050847,76.64915254
10-05-2021 23:00,4,27.955,12.715,74.36498333,479.219,74.21353333,175.9766667,29.31333333,78.26666667
10-05-2021 23:00,5,16.33833333,8.42,108.45575,467.568,70.73183333,209.1633333,29.49166667,77.83666667
10-05-2021 23:00,6,21.78166667,9.72,88.49858333,769.539,110.0656333,231.4333333,29.70833333,77.91833333
11-05-2021 00:00,1,41.035,15.685,90.62516667,850.523,159.3113,186.4566667,28.25166667,84.925
11-05-2021 00:00,2,36.82833333,12.66833333,111.8255667,0.0,68.25386667,182.5266667,28.855,82.12833333
11-05-2021 00:00,3,0.0,7.57,81.88981667,575.101,61.8237,157.2,29.395,77.04333333
11-05-2021 00:00,4,31.83833333,14.06166667,76.9496,451.715,81.33376667,158.51,29.09333333,79.475
11-05-2021 00:00,5,17.82,8.793333333,111.59655,339.789,75.34273333,183.8366667,29.19166667,79.98166667
11-05-2021 00:00,6,18.05166667,8.946666667,88.40043333,500.611,108.2777333,172.92,29.56,78.505
11-05-2021 01:00,1,52.22166667,19.16333333,91.70481667,1114.867,166.0551333,210.0366667,27.94333333,87.085
11-05-2021 01:00,2,32.07068966,9.344827586,107.8634655,0.0,63.69596552,179.3344828,28.79310345,82.26896552
11-05-2021 01:00,3,0.0,6.646666667,72.0421,541.867,55.6131,157.2,29.26,77.79666667
11-05-2021 01:00,4,32.56333333,14.57166667,78.25826667,393.269,84.4077,158.0733333,28.835,82.13333333
11-05-2021 01:00,5,16.545,8.495,105.6421167,479.41,76.75423333,224.01,29.05,80.77
11-05-2021 01:00,6,21.22333333,10.26333333,87.38621667,412.56,106.6466667,155.0166667,29.15833333,80.67333333
11-05-2021 02:00,1,64.27166667,24.025,91.54123333,1594.277,167.8116667,255.45,27.775,87.975
11-05-2021 02:00,2,34.395,11.15333333,101.5198167,0.0,65.17993333,185.5833333,28.63,83.79333333
11-05-2021 02:00,3,0.0,6.801724138,73.27405172,536.8417241,59.86706897,156.7482759,29.07241379,79.31034483
11-05-2021 02:00,4,27.38833333,12.44,74.92116667,327.565,72.33153333,153.7066667,28.68166667,82.55
11-05-2021 02:00,5,15.145,8.031666667,106.6563333,472.152,76.91106667,223.1366667,28.95666667,81.15166667
11-05-2021 02:00,6,19.83166667,9.746666667,84.6053,422.874,107.1485333,155.4533333,28.97166667,81.775
11-05-2021 03:00,1,55.94333333,21.325,90.36343333,1319.046,167.1843333,231.87,27.56333333,88.73333333
11-05-2021 03:00,2,32.78,10.01833333,100.9309167,0.0,66.5287,195.19,28.49833333,84.86833333
11-05-2021 03:00,3,0.0,6.966666667,70.20996667,552.754,61.29046667,158.0733333,29.03333333,79.21333333
11-05-2021 03:00,4,27.065,12.26333333,75.28105,328.52,73.74303333,145.8466667,28.54166667,83.445
11-05-2021 03:00,5,14.80833333,7.806666667,101.6179667,713.576,76.6915,299.5533333,28.90833333,81.21833333
11-05-2021 03:00,6,25.06,10.59,78.87988333,511.498,110.1597333,171.1733333,28.825,82.22833333
11-05-2021 04:00,1,69.64666667,25.30166667,85.48865,1324.585,167.2784333,248.4633333,27.49833333,89.02166667
11-05-2021 04:00,2,32.62333333,9.66,95.9907,0.0,70.9514,248.0266667,28.61666667,84.5
11-05-2021 04:00,3,0.0,7.476666667,67.98523333,582.168,60.72586667,162.0033333,29.115,79.115
11-05-2021 04:00,4,27.95333333,12.73166667,74.23411667,400.909,77.162,150.2133333,28.52333333,83.63833333
11-05-2021 04:00,5,15.14333333,7.936666667,95.23821667,486.477,70.98276667,220.9533333,28.83833333,82.265
11-05-2021 04:00,6,22.45666667,9.796666667,77.83295,600.695,108.7168667,185.1466667,29.04666667,81.91
11-05-2021 05:00,1,105.62,40.35,86.79731667,1277.408,167.9685,271.17,27.38333333,90.16833333
11-05-2021 05:00,2,35.0490566,11.03584906,94.40918868,0.0,72.08415094,313.4113208,28.72641509,83.71886792
11-05-2021 05:00,3,0.0,6.811666667,61.8345,822.255,57.74603333,210.91,29.53333333,77.91833333
11-05-2021 05:00,4,44.37333333,17.94333333,72.86001667,630.491,84.53316667,179.9066667,28.44833333,84.70666667
11-05-2021 05:00,5,19.10166667,9.461666667,98.83705,599.167,80.70643333,227.5033333,28.73666667,83.51
11-05-2021 05:00,6,40.97,17.58,73.71065,1171.976,110.1283667,299.5533333,29.17166667,81.41
11-05-2021 06:00,1,69.82666667,24.84833333,74.594,1140.652,151.1559667,261.1266667,28.29666667,85.69
11-05-2021 06:00,2,37.36,12.67833333,90.4943,0.0,70.07313333,402.17,29.66666667,80.425
11-05-2021 06:00,3,0.0,9.725,69.39205,1136.641,65.3054,272.0433333,29.68166667,77.33833333
11-05-2021 06:00,4,55.225,21.985,67.46176667,1131.866,78.54213333,260.2533333,29.185,81.91333333
11-05-2021 06:00,5,19.485,9.608333333,94.48573333,1115.058,76.37783333,337.5433333,29.22,81.68166667
11-05-2021 06:00,6,30.48166667,12.68666667,74.95388333,1747.268,109.8774333,426.1866667,29.655,79.72333333
11-05-2021 07:00,1,51.84833333,19.13666667,50.4491,885.858,98.7109,230.56,29.92666667,78.04333333
11-05-2021 07:00,2,35.12166667,11.53666667,67.55991667,0.0,37.38906667,349.77,31.52333333,71.74166667
11-05-2021 07:00,3,0.0,9.053333333,54.3751,1502.215,46.61086667,368.5466667,31.03833333,71.69666667
11-05-2021 07:00,4,71.17333333,28.34666667,49.14043333,1595.614,55.519,336.67,30.73166667,74.30833333
11-05-2021 07:00,5,24.165,11.70833333,79.79595,1703.338,62.82743333,423.5666667,30.27666667,76.34666667
11-05-2021 07:00,6,27.95344828,11.55344828,68.87422414,2250.111724,87.05872414,536.6482759,30.74482759,74.07413793
11-05-2021 08:00,1,29.83333333,11.86166667,25.09368333,603.369,49.33976667,188.2033333,31.65666667,67.38166667
11-05-2021 08:00,2,36.415,12.5,64.51726667,0.0,18.0672,337.1066667,32.32166667,65.85333333
11-05-2021 08:00,3,0.0,12.72333333,46.58853333,1380.357,26.94396667,332.3033333,32.275,64.64166667
11-05-2021 08:00,4,53.665,21.96,25.19183333,1045.534,20.9843,298.68,32.44833333,63.55666667
11-05-2021 08:00,5,30.16,14.735,25.78073333,1470.7,20.85883333,462.8666667,32.78166667,63.78833333
11-05-2021 08:00,6,39.32333333,14.335,68.01795,3053.899,77.03653333,684.6933333,31.53166667,67.44833333
11-05-2021 09:00,1,32.39666667,13.075,25.06096667,523.722,22.3017,187.33,33.02833333,61.52
11-05-2021 09:00,2,35.43166667,11.515,47.40645,0.0,6.147866667,346.7133333,33.46333333,58.71333333
11-05-2021 09:00,3,0.0,14.40333333,37.55873333,1100.542,4.5168,321.3866667,33.49166667,58.90833333
11-05-2021 09:00,4,81.51,33.405,61.67091667,1465.925,26.47346667,341.4733333,33.21333333,60.96333333
11-05-2021 09:00,5,31.935,15.25833333,29.57586667,1158.797,7.9985,474.22,33.935,57.28166667
11-05-2021 09:00,6,45.67333333,17.54666667,73.67793333,1914.775,60.09853333,486.01,32.815,61.015
11-05-2021 10:00,1,39.56833333,16.34,57.25416667,543.586,23.46226667,207.8533333,34.14666667,59.50666667
11-05-2021 10:00,2,34.16153846,10.53269231,63.3445,0.0,7.708961538,348.6615385,34.30961538,55.95384615
11-05-2021 10:00,3,0.0,17.24,56.76341667,1004.278,0.627333333,309.16,34.54166667,55.645
11-05-2021 10:00,4,57.64166667,23.61,55.45475,633.738,5.708733333,274.6633333,34.93833333,54.595
11-05-2021 10:00,5,27.95,13.74833333,59.21716667,1099.396,1.2233,458.0633333,35.67833333,52.515
11-05-2021 10:00,6,49.14912281,17.37192982,103.5912982,2143.02,76.07242105,543.3052632,32.92982456,60.95263158
11-05-2021 11:00,1,37.10166667,15.66333333,81.17005,536.901,42.09406667,213.53,34.27166667,58.82666667
11-05-2021 11:00,2,34.02264151,10.63584906,111.4095094,0.0,16.7249434,303.0301887,34.63018868,54.35849057
11-05-2021 11:00,3,0.0,15.69166667,71.71493333,1110.092,4.767733333,335.7966667,34.28833333,56.55333333
11-05-2021 11:00,4,49.025,20.325,76.00081667,660.096,2.9171,293.8766667,35.25666667,54.12166667
11-05-2021 11:00,5,30.29666667,14.76166667,137.8680333,989.762,11.26063333,428.8066667,35.44333333,52.73833333
11-05-2021 11:00,6,43.06833333,15.25,104.4316,1674.497,60.53766667,459.81,33.625,58.17166667
11-05-2021 12:00,1,33.055,14.71833333,86.11026667,566.315,36.35396667,225.7566667,35.29333333,55.22
11-05-2021 12:00,2,35.99333333,12.165,108.8810667,0.0,11.44883333,329.6833333,35.79,51.2
11-05-2021 12:00,3,0.0,15.44576271,72.53118644,918.5481356,1.563016949,331.7186441,35.51016949,53.37457627
11-05-2021 12:00,4,44.3,18.93333333,92.78446667,493.162,3.1994,269.86,36.25833333,51.26833333
11-05-2021 12:00,5,31.45333333,15.395,193.3227833,789.021,25.8775,364.18,35.615,52.44333333
11-05-2021 12:00,6,39.985,15.485,112.5453333,1035.793,45.88943333,325.7533333,34.30333333,56.37666667
11-05-2021 13:00,1,36.28,15.60333333,110.5496167,646.153,40.0866,226.63,35.48833333,54.63833333
11-05-2021 13:00,2,38.35666667,13.86833333,113.75585,0.0,5.238233333,364.6166667,36.02833333,50.645
11-05-2021 13:00,3,0.0,15.05,69.6865,809.0319231,0.398115385,372.3423077,36.18461538,51.69615385
11-05-2021 13:00,4,44.755,19.08333333,84.14726667,493.162,0.0,317.8933333,37.18333333,48.91833333
11-05-2021 13:00,5,29.825,13.99333333,220.3140333,1017.266,57.52646667,379.4633333,34.79,55.57333333
11-05-2021 13:00,6,46.105,16.32833333,88.89118333,951.944,15.49513333,377.7166667,35.57,53.45833333
11-05-2021 14:00,1,37.565,14.595,124.15975,728.856,64.58396667,260.69,35.85333333,55.35
11-05-2021 14:00,2,39.11833333,14.225,122.8510833,0.0,20.57653333,403.0433333,35.81666667,52.90333333
11-05-2021 14:00,3,0.0,14.09,68.54141667,711.857,0.219566667,400.4233333,35.86666667,53.0
11-05-2021 14:00,4,34.43333333,14.51833333,81.8571,484.567,7.308433333,370.73,36.36666667,52.83833333
11-05-2021 14:00,5,23.95833333,11.54166667,185.99425,944.495,63.48613333,391.2533333,34.57,57.875
11-05-2021 14:00,6,38.16666667,14.14666667,56.56711667,789.594,1.2233,456.3166667,36.22833333,53.08166667
11-05-2021 15:00,1,26.58166667,11.46,112.4144667,663.916,98.83636667,277.72,35.35333333,57.82666667
11-05-2021 15:00,2,35.34833333,11.15833333,107.27795,0.0,20.67063333,388.1966667,34.73833333,54.895
11-05-2021 15:00,3,0.0,13.585,110.41875,816.334,34.50333333,353.2633333,34.04166667,59.38333333
11-05-2021 15:00,4,38.92,13.36,94.58388333,515.7,39.92976667,327.5,35.02333333,57.67166667
11-05-2021 15:00,5,26.58166667,11.69333333,144.77125,955.955,61.9178,407.8466667,34.10333333,60.66833333
11-05-2021 15:00,6,33.84333333,13.44,64.09195,870.578,16.43613333,503.9133333,35.225,57.115
11-05-2021 16:00,1,26.70333333,11.23,104.6606167,726.564,111.9162667,259.8166667,32.94166667,61.25166667
11-05-2021 16:00,2,33.675,10.02666667,92.8499,0.0,30.5825,388.6333333,33.815,54.96833333
11-05-2021 16:00,3,0.0,9.293333333,55.3566,856.253,20.48243333,356.7566667,33.855,55.87666667
11-05-2021 16:00,4,25.185,10.66166667,65.3679,654.557,37.2636,331.8666667,33.905,57.935
11-05-2021 16:00,5,22.29166667,10.28666667,103.8099833,1080.105,56.2718,438.85,33.34666667,61.76833333
11-05-2021 16:00,6,29.855,11.59,80.61386667,1102.07,64.5526,489.94,33.51,60.43333333
11-05-2021 17:00,1,25.74666667,10.64,117.5837,894.644,147.8938333,262.8733333,31.78666667,64.63166667
11-05-2021 17:00,2,34.56101695,10.67457627,118.3456102,0.0,50.75020339,398.3288136,32.37118644,59.42033898
11-05-2021 17:00,3,0.0,9.905084746,58.32438983,1088.505763,34.83294915,389.0033898,32.77966102,57.47288136
11-05-2021 17:00,4,23.29333333,10.68666667,66.70928333,801.818,48.99473333,327.9366667,32.7,60.99
11-05-2021 17:00,5,19.95166667,9.788333333,100.9636333,1631.14,66.0582,514.3933333,32.45833333,64.00833333
11-05-2021 17:00,6,26.70333333,10.72,100.5383167,1542.898,105.6429333,512.6466667,32.27166667,65.12333333
11-05-2021 18:00,1,26.72833333,11.03333333,120.3646167,907.632,162.5734333,257.6333333,30.72,71.26
11-05-2021 18:00,2,34.605,10.85666667,168.5889833,0.0,83.40396667,326.6266667,30.80833333,70.44166667
11-05-2021 18:00,3,0.0,8.766666667,84.47443333,1114.867,57.8715,356.32,31.50833333,65.52666667
11-05-2021 18:00,4,24.44166667,11.145,84.37628333,824.356,70.07313333,300.4266667,31.56333333,67.07666667
11-05-2021 18:00,5,19.90666667,9.626666667,118.6306333,1512.338,77.94616667,461.5566667,31.25333333,71.095
11-05-2021 18:00,6,24.27833333,10.50166667,107.5069667,1468.217,119.1619667,446.2733333,31.05333333,71.36333333
11-05-2021 19:00,1,21.76,9.631666667,128.0203167,819.963,172.1402667,227.0666667,29.75333333,79.28166667
11-05-2021 19:00,2,33.86333333,10.50166667,167.3130333,0.0,88.454,277.2833333,30.16333333,76.75666667
11-05-2021 19:00,3,0.0,7.516666667,92.29371667,930.743,67.1874,300.8633333,30.69666667,71.55833333
11-05-2021 19:00,4,26.17166667,12.06,100.60375,769.73,82.6198,276.8466667,30.66833333,74.80333333
11-05-2021 19:00,5,17.13166667,8.63,120.3319,1138.933,77.162,367.6733333,30.64166667,74.14833333
11-05-2021 19:00,6,22.68,9.635,103.1229333,1845.633,119.1933333,499.11,30.57833333,74.81166667
11-05-2021 20:00,1,22.205,9.721666667,105.51125,820.536,157.3979333,209.6,29.525,80.37333333
11-05-2021 20:00,2,33.63389831,10.14745763,148.9883729,0.0,84.69,263.7762712,29.94067797,79.2779661
11-05-2021 20:00,3,0.0,6.898333333,89.25106667,890.251,68.84983333,275.9733333,30.31166667,75.19
11-05-2021 20:00,4,25.45,11.67666667,92.98076667,664.68,77.41293333,243.66,30.19333333,77.23
11-05-2021 20:00,5,17.39333333,8.281666667,112.1200167,889.869,73.7744,308.2866667,30.32333333,75.96333333
11-05-2021 20:00,6,23.64166667,9.625,95.5981,1483.115,114.8333667,404.3533333,30.37833333,76.19
11-05-2021 21:00,1,19.54666667,8.67,92.0647,698.869,147.2351333,186.02,29.35,81.335
11-05-2021 21:00,2,31.675,8.741666667,124.55235,0.0,74.08806667,239.2933333,29.805,79.59333333
11-05-2021 21:00,3,0.0,6.068333333,69.13031667,745.855,57.27553333,245.8433333,30.27,75.38166667
11-05-2021 21:00,4,26.85833333,12.095,83.00218333,650.737,74.339,229.6866667,30.125,78.08
11-05-2021 21:00,5,15.14166667,7.911666667,106.10015,836.007,69.634,301.3,30.2,77.20833333
11-05-2021 21:00,6,22.62833333,9.688333333,86.40471667,1005.615,108.2777333,306.54,30.11166667,77.65166667
11-05-2021 22:00,1,20.29,9.005,87.68066667,675.949,145.9177333,182.5266667,29.26333333,82.00833333
11-05-2021 22:00,2,31.06833333,8.285,110.0588667,0.0,66.87373333,220.5166667,29.74666667,78.915
11-05-2021 22:00,3,0.0,5.45,71.78036667,599.549,58.37336667,208.7266667,30.15833333,74.985
11-05-2021 22:00,4,26.13333333,11.94833333,77.37491667,600.886,72.7393,205.67,30.02333333,78.84166667
11-05-2021 22:00,5,16.315,7.91,99.5241,611.582,66.56006667,256.3233333,30.09333333,77.76
11-05-2021 22:00,6,26.70166667,10.37333333,84.67073333,963.404,107.2426333,283.8333333,30.03666667,78.26333333
11-05-2021 23:00,1,19.43166667,8.588333333,84.24541667,628.008,140.0208,161.13,28.96666667,83.155
11-05-2021 23:00,2,33.08166667,9.978333333,102.7957667,0.0,64.929,209.1633333,29.68,78.75333333
11-05-2021 23:00,3,0.0,5.293333333,62.16166667,508.633,51.0963,189.95,30.12833333,74.29666667
11-05-2021 23:00,4,26.33666667,12.17833333,74.36498333,464.894,69.60263333,179.47,29.84166667,80.03
11-05-2021 23:00,5,14.77333333,7.811666667,96.28515,381.045,64.42713333,213.9666667,29.92333333,77.87166667
11-05-2021 23:00,6,28.25333333,11.67,75.47735,629.727,96.51523333,218.77,29.97,76.88333333
12-05-2021 00:00,1,18.94833333,8.34,87.48436667,631.064,138.7661333,156.3266667,28.89,83.105
12-05-2021 00:00,2,33.41166667,10.13333333,103.7772667,0.0,64.3644,196.0633333,29.61833333,79.92333333
12-05-2021 00:00,3,0.0,4.74,58.66098333,423.447,50.4376,179.9066667,29.84,76.555
12-05-2021 00:00,4,24.90833333,11.36333333,72.14025,362.9,72.3629,157.6366667,29.73833333,79.815
12-05-2021 00:00,5,15.31333333,7.903333333,90.00355,307.319,62.5765,198.6833333,29.72166667,78.145
12-05-2021 00:00,6,20.60166667,9.028333333,76.65515,489.342,100.8124667,185.5833333,29.67166667,78.93166667
12-05-2021 01:00,1,25.585,9.898333333,95.89255,654.557,161.6638,155.0166667,28.725,84.68833333
12-05-2021 01:00,2,34.10689655,11.0137931,102.3467586,0.0,61.78151724,186.1103448,29.35,79.94827586
12-05-2021 01:00,3,0.0,4.64,67.95251667,403.774,55.29943333,159.82,29.66333333,77.58
12-05-2021 01:00,4,24.35,11.14333333,68.14881667,305.982,69.4458,157.2,29.49666667,79.635
12-05-2021 01:00,5,14.14666667,7.788333333,90.8869,459.737,62.51376667,248.0266667,29.53166667,78.775
12-05-2021 01:00,6,16.29833333,8.483333333,76.06625,396.707,97.92673333,158.51,29.42,79.815
12-05-2021 02:00,1,25.06666667,9.62,91.05048333,658.568,165.4278,155.89,28.70333333,85.18666667
12-05-2021 02:00,2,35.88,12.53333333,108.5539,0.0,65.14856667,183.4,29.14166667,80.41833333
12-05-2021 02:00,3,0.0,6.098275862,67.04660345,387.8617241,56.00572414,157.6517241,29.20172414,78.59827586
12-05-2021 02:00,4,25.74,11.53,72.95816667,298.151,73.42936667,151.0866667,29.325,80.34666667
12-05-2021 02:00,5,17.61,8.74,91.83568333,391.932,64.70943333,224.01,29.41166667,79.37
12-05-2021 02:00,6,16.07666667,8.125,77.24405,420.009,103.6668333,161.13,29.27666667,81.20166667
12-05-2021 03:00,1,21.74,8.838333333,84.14726667,619.413,156.1746333,153.7066667,28.59166667,84.955
12-05-2021 03:00,2,35.615,12.25,108.45575,0.0,68.06566667,196.0633333,29.09166667,80.99
12-05-2021 03:00,3,0.0,6.325,73.74336667,397.853,59.25163333,156.7633333,28.82666667,80.21166667
12-05-2021 03:00,4,25.37166667,11.44,69.39205,332.531,70.575,152.3966667,29.30666667,80.585
12-05-2021 03:00,5,17.35333333,8.651666667,89.41465,669.455,64.77216667,317.02,29.22833333,80.82666667
12-05-2021 03:00,6,16.19,8.073333333,73.35076667,383.719,97.64443333,154.58,29.245,81.32166667
12-05-2021 04:00,1,20.92666667,9.226666667,85.75038333,661.242,151.6578333,158.9466667,28.45666667,85.92333333
12-05-2021 04:00,2,34.13333333,11.02166667,111.3675333,0.0,71.6101,218.77,29.015,81.905
12-05-2021 04:00,3,0.0,7.235,69.52291667,468.905,60.6004,163.75,28.97333333,80.04166667
12-05-2021 04:00,4,24.66833333,11.445,69.94823333,433.761,68.2225,155.4533333,29.175,81.83666667
12-05-2021 04:00,5,16.96166667,8.365,93.96226667,439.682,67.12466667,225.32,29.23,81.52833333
12-05-2021 04:00,6,20.23666667,8.853333333,74.72486667,743.945,104.1059667,217.8966667,29.18833333,81.89666667
12-05-2021 05:00,1,67.595,24.38166667,95.33636667,978.302,169.2231667,217.8966667,27.96333333,89.17666667
12-05-2021 05:00,2,34.77833333,11.20166667,111.5311167,0.0,76.4092,278.1566667,29.065,82.65666667
12-05-2021 05:00,3,0.0,9.178333333,57.74491667,856.444,63.26656667,237.5466667,29.37,79.55
12-05-2021 05:00,4,37.20333333,15.69666667,70.53713333,618.649,72.61383333,186.4566667,28.955,82.24166667
12-05-2021 05:00,5,16.69,8.25,96.5796,618.649,72.3629,237.5466667,29.14,82.32333333
12-05-2021 05:00,6,28.85333333,9.911666667,76.39341667,1098.25,107.5876667,286.89,29.27666667,82.22666667
12-05-2021 06:00,1,122.55,41.17166667,94.8129,1466.498,172.2971,304.3566667,28.425,87.43333333
12-05-2021 06:00,2,35.68833333,11.36833333,107.7687,0.0,76.75423333,347.5866667,30.30166667,78.29166667
12-05-2021 06:00,3,0.0,57.45,30.85181667,1933.302,48.6497,474.22,30.42833333,77.03833333
12-05-2021 06:00,4,48.87833333,19.17833333,75.44463333,821.3,79.8909,230.9966667,29.25,81.82
12-05-2021 06:00,5,19.98166667,9.905,94.48573333,812.132,73.46073333,283.8333333,29.35,80.93
12-05-2021 06:00,6,36.37666667,11.465,76.22983333,2469.821,111.2575667,572.47,29.67666667,80.16333333
12-05-2021 07:00,1,68.08666667,24.81166667,58.39925,1261.937,116.8094667,272.48,30.54166667,78.44166667
12-05-2021 07:00,2,35.015,11.08333333,56.3381,0.0,34.1583,439.7233333,32.81833333,66.13666667
12-05-2021 07:00,3,0.0,19.89245283,42.44524528,1478.556226,44.31577358,415.7396226,31.78301887,70.78679245
12-05-2021 07:00,4,65.77333333,26.585,64.41911667,980.021,64.33303333,268.9866667,30.48833333,77.355
12-05-2021 07:00,5,18.92,9.371666667,83.0349,1208.839,64.61533333,355.01,30.41666667,76.45166667
12-05-2021 07:00,6,41.00344828,14.12241379,74.32324138,3769.944828,101.043931,536.6482759,30.73103448,74.10344828
12-05-2021 08:00,1,38.25833333,15.54166667,40.79768333,956.337,64.52123333,225.7566667,31.86166667,71.02333333
12-05-2021 08:00,2,37.43,12.945,45.01813333,0.0,7.559366667,412.65,33.96,60.77166667
12-05-2021 08:00,3,0.0,11.69,49.82748333,1175.414,26.75576667,345.84,32.37833333,66.645
12-05-2021 08:00,4,55.29166667,22.925,40.73225,841.546,28.01043333,268.9866667,32.12666667,67.965
12-05-2021 08:00,5,28.58333333,13.85333333,27.482,1301.665,20.26286667,446.71,33.26333333,63.27
12-05-2021 08:00,6,46.42166667,14.11,80.45028333,4736.8,98.74226667,684.6933333,31.82833333,68.20333333
12-05-2021 09:00,1,49.03220339,16.39661017,47.97705085,632.4366102,20.76579661,179.4033898,33.20847458,62.7559322
12-05-2021 09:00,2,42.17,15.395,98.11728333,0.0,17.5967,400.4233333,34.12333333,57.56166667
12-05-2021 09:00,3,0.0,19.06666667,36.64266667,691.993,5.206866667,305.6666667,34.00333333,58.4
12-05-2021 09:00,4,50.985,20.58,25.87888333,687.218,4.3286,260.2533333,33.67666667,59.07833333
12-05-2021 09:00,5,43.48333333,19.97666667,36.57723333,1504.507,0.878266667,523.5633333,34.89666667,56.07666667
12-05-2021 09:00,6,61.24166667,20.71666667,89.61095,3150.545,80.5496,486.01,32.94333333,61.91666667
12-05-2021 10:00,1,42.91833333,14.425,61.01658333,564.023,18.47496667,199.5566667,34.405,58.35
12-05-2021 10:00,2,48.29333333,21.14,150.07135,0.0,36.91856667,358.5033333,33.80833333,57.7
12-05-2021 10:00,3,0.0,34.35333333,32.68395,573.764,0.972366667,298.2433333,35.19166667,53.675
12-05-2021 10:00,4,45.52833333,18.43166667,40.92855,498.701,1.1292,258.9433333,34.95666667,55.18666667
12-05-2021 10:00,5,28.84333333,13.68666667,76.1644,1132.63,6.9634,499.5466667,35.71666667,51.66333333
12-05-2021 10:00,6,65.05833333,22.29166667,92.03198333,2771.601,73.61756667,543.3052632,33.96833333,57.80333333
12-05-2021 11:00,1,44.14,14.75666667,89.41465,614.256,36.5108,223.1366667,34.36666667,58.27333333
12-05-2021 11:00,2,50.89245283,23.38301887,171.8550943,0.0,41.26196226,329.2301887,34.81509434,54.75660377
12-05-2021 11:00,3,0.0,19.35762712,62.84927119,615.7322034,0.988847458,311.2915254,35.10169492,54.0440678
12-05-2021 11:00,4,48.55166667,19.28666667,57.61405,488.769,1.1292,266.8033333,34.85833333,54.745
12-05-2021 11:00,5,28.63166667,14.00166667,152.1325,1033.501,22.89766667,466.36,35.53666667,52.85666667
12-05-2021 11:00,6,57.63,20.33333333,95.46723333,2337.649,59.7535,647.5766667,34.38333333,55.93666667
12-05-2021 12:00,1,52.31333333,18.10166667,150.6275333,729.811,78.25983333,203.05,34.125,59.35833333
12-05-2021 12:00,2,43.94833333,17.865,147.8139,0.0,22.2076,334.05,35.21666667,53.59
12-05-2021 12:00,3,0.0,19.93207547,88.48315094,631.3811321,3.728490566,321.3207547,35.09433962,54.41509434
12-05-2021 12:00,4,52.735,21.66666667,81.10461667,412.369,6.085133333,265.93,35.37,53.77333333
12-05-2021 12:00,5,33.26333333,16.20666667,168.0655167,966.651,30.0179,420.51,35.675,52.35
12-05-2021 12:00,6,50.595,18.37833333,106.002,1644.701,48.4615,521.8166667,35.025,54.49833333
12-05-2021 13:00,1,53.68666667,19.24166667,112.0873,740.316,41.1217,242.35,35.17333333,56.07666667
12-05-2021 13:00,2,53.27166667,24.70166667,188.448,0.0,30.3943,333.6133333,35.41,54.27
12-05-2021 13:00,3,0.0,37.89056604,121.7800755,945.7743396,9.871622642,317.3660377,34.96981132,56.97358491
12-05-2021 13:00,4,59.75166667,22.92,107.1143667,535.182,5.1755,271.6066667,35.86166667,52.68
12-05-2021 13:00,5,40.27666667,18.82333333,211.51325,1431.163,49.81026667,444.5266667,35.63,52.15333333
12-05-2021 13:00,6,56.79333333,20.855,109.24095,1460.004,28.16726667,498.6733333,35.46333333,52.83333333
12-05-2021 14:00,1,49.94833333,17.37833333,121.0843833,693.521,79.01263333,244.0966667,32.95666667,62.69333333
12-05-2021 14:00,2,57.295,24.47333333,187.7282333,0.0,26.66166667,375.0966667,34.83166667,57.43333333
12-05-2021 14:00,3,0.0,37.33166667,113.36325,958.438,8.688566667,356.7566667,35.18666667,56.28
12-05-2021 14:00,4,64.13666667,22.16166667,101.78155,652.265,22.584,312.6533333,33.99,58.32833333
12-05-2021 14:00,5,44.25166667,18.26833333,221.819,1378.829,69.8222,445.8366667,33.66166667,60.48666667
12-05-2021 14:00,6,66.96666667,21.945,99.45866667,1585.109,33.9701,587.3166667,34.99666667,55.3
12-05-2021 15:00,1,37.87666667,15.31666667,176.2774,828.94,169.4427333,197.3733333,30.36333333,69.90666667
12-05-2021 15:00,2,39.1,15.20727273,242.5197273,0.0,86.81152727,203.8836364,27.64,86.88363636
12-05-2021 15:00,3,0.0,28.725,166.1352333,837.344,78.16573333,266.3666667,29.50833333,75.985
12-05-2021 15:00,4,49.075,19.81333333,131.3901333,1112.384,72.80203333,314.8366667,32.02333333,64.78833333
12-05-2021 15:00,5,38.92333333,17.56333333,217.9257167,1922.606,101.0006667,494.3066667,31.45833333,70.02
12-05-2021 15:00,6,54.08666667,20.205,177.74965,1542.134,130.0148333,443.6533333,30.89,72.145
12-05-2021 16:00,1,56.05,20.225,161.5221833,1036.175,189.6428667,198.2466667,30.38666667,68.75666667
12-05-2021 16:00,2,42.95,17.46034483,239.3506207,0.0,123.3683448,324.7896552,27.48965517,85.23793103
12-05-2021 16:00,3,0.0,28.30666667,148.2392167,1610.703,103.5727333,364.18,27.85,84.565
12-05-2021 16:00,4,65.06666667,25.65666667,141.9249,1695.889,76.18963333,382.9566667,31.57166667,68.76
12-05-2021 16:00,5,39.33,17.44333333,204.5446,2274.046,95.54286667,505.66,30.50833333,72.77333333
12-05-2021 16:00,6,52.815,19.11666667,162.63455,2538.772,124.212,569.85,29.88166667,74.61666667
12-05-2021 17:00,1,42.72,15.76833333,157.1054333,1089.464,204.8557,224.01,30.1,73.55
12-05-2021 17:00,2,44.525,17.3,182.3299833,0.0,112.4495,498.2366667,28.19166667,81.53
12-05-2021 17:00,3,0.0,29.88679245,125.8912642,2657.638868,98.36113208,530.9207547,28.79811321,78.95849057
12-05-2021 17:00,4,44.20666667,18.92666667,115.0318,1347.887,73.9626,330.12,31.045,68.935
12-05-2021 17:00,5,34.97833333,16.66666667,165.4154667,2599.128,86.3838,602.6,30.52333333,70.85
12-05-2021 17:00,6,63.38666667,24.2,151.3473,4151.576,141.7773333,512.6466667,30.01666667,73.035
12-05-2021 18:00,1,34.42333333,13.53,133.4185667,1092.138,190.7093333,244.0966667,29.85,76.865
12-05-2021 18:00,2,55.79333333,24.79166667,158.51225,0.0,112.2299333,498.2366667,28.88166667,79.32166667
12-05-2021 18:00,3,0.0,27.63666667,109.63355,3215.676,90.68103333,679.4533333,29.59333333,75.02666667
12-05-2021 18:00,4,55.7,22.83,111.98915,1610.512,89.14406667,382.9566667,30.63333333,72.355
12-05-2021 18:00,5,41.42333333,18.84166667,155.2405833,2523.874,92.37483333,574.6533333,30.36,72.27666667
12-05-2021 18:00,6,51.33928571,19.32142857,128.7517679,3371.491071,129.62275,446.2733333,30.22857143,72.17321429
12-05-2021 19:00,1,30.90166667,11.85,111.4329667,958.247,165.9296667,226.63,29.69,78.44833333
12-05-2021 19:00,2,57.17,26.09333333,147.8793333,0.0,104.1687,632.2933333,29.16166667,80.23
12-05-2021 19:00,3,0.0,16.7,84.59418868,1873.601887,74.99592453,471.1056604,30.18490566,74.32830189
12-05-2021 19:00,4,57.69,24.17333333,103.74455,1393.918,93.31583333,348.0233333,30.455,75.21333333
12-05-2021 19:00,5,30.885,14.83333333,125.0103833,1657.116,82.55706667,445.4,30.525,74.18166667
12-05-2021 19:00,6,57.60181818,21.13090909,108.0720727,2696.433818,123.4934182,660.24,30.42363636,74.21090909
12-05-2021 20:00,1,22.56,9.951666667,101.58525,901.138,158.6839667,211.7833333,29.455,80.61666667
12-05-2021 20:00,2,54.37833333,24.95333333,127.8567333,0.0,92.5003,472.91,29.39166667,82.26333333
12-05-2021 20:00,3,0.0,13.31730769,63.722,1262.142692,63.69846154,368.8153846,30.54615385,74.08461538
12-05-2021 20:00,4,25.715,11.68833333,82.28241667,786.347,71.6101,262.8733333,30.3,76.235
12-05-2021 20:00,5,19.31666667,9.333333333,110.6804833,1128.046,73.9626,367.6733333,30.46666667,75.335
12-05-2021 20:00,6,39.27068966,14.14482759,90.16262069,2415.886552,124.212,612.9896552,30.66896552,75.18793103
12-05-2021 21:00,1,22.38,10.00833333,95.92526667,833.524,151.6264667,199.12,29.21,82.92333333
12-05-2021 21:00,2,38.02,13.38333333,91.24678333,0.0,66.74826667,335.36,29.52166667,82.49333333
12-05-2021 21:00,3,0.0,7.361666667,67.7235,768.393,67.8461,280.7766667,30.37666667,75.405
12-05-2021 21:00,4,23.72333333,10.93833333,80.12311667,659.905,75.02906667,231.87,30.20833333,77.58166667
12-05-2021 21:00,5,15.98,7.951666667,102.8612,965.505,70.6691,335.36,30.35,76.58666667
12-05-2021 21:00,6,26.47333333,10.56666667,80.45028333,1378.065,113.7355333,415.7066667,30.555,76.56666667
12-05-2021 22:00,1,24.36666667,10.75833333,92.09741667,792.65,147.737,183.8366667,29.15833333,83.98166667
12-05-2021 22:00,2,38.65166667,11.07166667,85.71766667,0.0,71.86103333,300.8633333,29.57333333,82.415
12-05-2021 22:00,3,0.0,6.245,62.29253333,549.125,66.40323333,244.97,30.38,75.44
12-05-2021 22:00,4,21.58,10.0,74.62671667,488.96,69.10076667,200.8666667,30.07833333,78.18166667
12-05-2021 22:00,5,15.14666667,7.653333333,98.08456667,691.229,67.752,293.0033333,30.25666667,77.02833333
12-05-2021 22:00,6,23.83666667,9.248333333,75.1829,974.864,114.6451667,337.1066667,30.58333333,76.50333333
12-05-2021 23:00,1,39.41666667,14.29166667,87.45165,821.491,153.0066,190.3866667,29.14166667,84.02166667
12-05-2021 23:00,2,34.1440678,9.433898305,80.21683051,0.0,61.85081356,241.1288136,29.53559322,81.84237288
12-05-2021 23:00,3,0.0,4.486666667,55.65105,313.622,61.0709,197.81,30.39,75.29666667
12-05-2021 23:00,4,23.71333333,10.69666667,81.62808333,417.526,76.28373333,180.78,29.85166667,79.95166667
12-05-2021 23:00,5,14.73666667,7.58,97.5611,456.108,70.41816667,241.4766667,30.05666667,78.23
12-05-2021 23:00,6,20.43666667,9.093333333,71.28961667,453.052,106.9603333,226.63,30.39833333,76.78166667
13-05-2021 00:00,1,51.85666667,19.00833333,94.19128333,1035.029,170.9483333,217.0233333,28.995,85.33333333
13-05-2021 00:00,2,34.34166667,9.448333333,82.08611667,0.0,60.19263333,220.08,29.425,82.84666667
13-05-2021 00:00,3,0.0,5.466666667,55.52018333,230.155,60.6945,179.0333333,30.08833333,77.095
13-05-2021 00:00,4,24.74666667,11.35,77.96381667,345.328,75.15453333,167.2433333,29.71666667,80.82666667
13-05-2021 00:00,5,13.68833333,7.275,97.49566667,308.847,66.0582,214.4033333,29.90833333,78.44666667
13-05-2021 00:00,6,28.28135593,12.8779661,75.12633898,354.2888136,116.1098305,196.2779661,30.11186441,78.46779661
13-05-2021 01:00,1,60.11333333,21.97166667,92.68631667,1530.865,171.6384,255.0133333,28.77166667,86.63333333
13-05-2021 01:00,2,32.31206897,8.79137931,90.06108621,0.0,65.12368966,205.9862069,29.17758621,83.68103448
13-05-2021 01:00,3,0.0,6.756666667,66.5457,219.077,69.00666667,162.8766667,29.85333333,77.64166667
13-05-2021 01:00,4,23.78666667,10.91333333,72.4347,295.477,71.8924,158.0733333,29.41,81.79666667
13-05-2021 01:00,5,13.24,7.258333333,101.0290667,288.028,67.50106667,203.4866667,29.755,78.54666667
13-05-2021 01:00,6,18.28,9.056666667,80.84288333,213.538,114.7706333,150.2133333,29.93333333,78.795
13-05-2021 02:00,1,64.43333333,24.66333333,90.42886667,1245.893,170.1955333,237.9833333,28.635,87.61666667
13-05-2021 02:00,2,32.51833333,8.863333333,97.59381667,0.0,72.1747,208.7266667,29.195,83.75833333
13-05-2021 02:00,3,0.0,8.225862069,61.59758621,201.537931,62.88475862,156.2965517,30.05,76.84827586
13-05-2021 02:00,4,23.31666667,10.61166667,68.96673333,329.284,73.46073333,157.2,29.39833333,81.55333333
13-05-2021 02:00,5,14.115,7.401666667,103.6791167,312.285,76.6915,198.6833333,29.62666667,80.01833333
13-05-2021 02:00,6,15.11,7.941666667,82.51143333,218.313,110.2538333,143.2266667,29.84,79.11333333
13-05-2021 03:00,1,73.20333333,25.04833333,90.91961667,871.151,169.38,213.9666667,28.27666667,88.89833333
13-05-2021 03:00,2,32.32333333,8.861666667,101.58525,0.0,67.4697,209.6,29.045,84.12166667
13-05-2021 03:00,3,0.0,4.638333333,66.21853333,204.37,61.94916667,149.7766667,29.92166667,77.30333333
13-05-2021 03:00,4,26.74833333,12.04166667,74.0051,341.89,80.80053333,144.9733333,29.33,81.85166667
13-05-2021 03:00,5,15.61730769,7.896153846,96.7155,279.0069231,82.40988462,191.9653846,29.46730769,81.33846154
13-05-2021 03:00,6,13.93333333,7.598333333,77.80023333,213.538,106.4898333,140.6066667,29.90833333,78.23333333
13-05-2021 04:00,1,76.47833333,32.085,92.261,874.589,168.5958333,206.5433333,28.08166667,89.605
13-05-2021 04:00,2,37.8,12.04833333,102.2395833,0.0,74.8095,241.4766667,29.05166667,84.57333333
13-05-2021 04:00,3,0.0,4.436666667,63.83021667,250.401,64.2703,156.3266667,29.98333333,77.02833333
13-05-2021 04:00,4,51.17,20.71666667,78.7163,771.067,89.92823333,193.88,29.09666667,84.18666667
13-05-2021 04:00,5,15.24333333,7.796666667,95.2055,259.951,79.4204,186.4566667,29.27333333,82.84666667
13-05-2021 04:00,6,19.66481481,8.461111111,79.06527778,446.0911111,115.3596296,180.9740741,29.77592593,79.77777778
13-05-2021 05:00,1,87.12166667,37.00666667,88.66216667,967.033,162.4479667,226.1933333,28.09833333,88.96166667
13-05-2021 05:00,2,38.26333333,12.87666667,95.10735,0.0,74.40173333,295.6233333,28.92666667,85.60333333
13-05-2021 05:00,3,0.0,6.375,68.96673333,702.116,77.97753333,230.9966667,29.87333333,78.145
13-05-2021 05:00,4,91.82833333,33.48,78.16011667,1026.434,87.95213333,248.9,28.815,85.565
13-05-2021 05:00,5,21.53833333,10.52,97.49566667,782.145,80.67506667,249.3366667,29.125,83.775
13-05-2021 05:00,6,24.04333333,9.308333333,78.84716667,798.189,117.2799667,253.2666667,29.675,80.59333333
13-05-2021 06:00,1,90.57,35.91,75.64093333,989.762,143.7534333,241.04,28.82666667,86.02166667
13-05-2021 06:00,2,37.27166667,11.875,97.72468333,0.0,77.5384,396.93,29.41166667,83.28
13-05-2021 06:00,3,0.0,81.16666667,70.99516667,2067.766,89.42636667,523.1266667,29.72333333,80.72166667
13-05-2021 06:00,4,77.75,28.93666667,71.71493333,921.957,80.76916667,256.76,29.33833333,82.78333333
13-05-2021 06:00,5,25.82333333,12.13166667,97.3648,1158.033,83.0903,321.3866667,29.53166667,82.26333333
13-05-2021 06:00,6,32.925,11.58,81.72623333,2717.166,122.2672667,623.1233333,29.74,80.01333333
13-05-2021 07:00,1,49.22166667,18.04666667,47.76633333,904.767,81.55333333,229.6866667,30.59,77.09166667
13-05-2021 07:00,2,35.83166667,11.78333333,68.86858333,0.0,46.4854,422.6933333,31.67666667,73.05333333
13-05-2021 07:00,3,0.0,70.28,78.02925,2035.869,87.57573333,502.1666667,30.6,77.66166667
13-05-2021 07:00,4,67.29166667,26.65,55.32388333,1089.464,55.9895,286.4533333,30.875,75.68833333
13-05-2021 07:00,5,31.51833333,14.625,83.55836667,1426.197,68.75573333,396.4933333,30.58166667,77.03833333
13-05-2021 07:00,6,49.31206897,16.16724138,78.68922414,3884.94,118.5335517,623.1233333,30.76724138,74.95689655
13-05-2021 08:00,1,37.45833333,15.655,23.91588333,614.638,37.70273333,192.1333333,32.27,66.81666667
13-05-2021 08:00,2,36.21833333,11.87833333,24.27576667,0.0,6.837933333,403.9166667,33.95,62.37
13-05-2021 08:00,3,0.0,29.92833333,77.27676667,1458.476,53.32333333,399.55,31.06,73.45166667
13-05-2021 08:00,4,34.28666667,14.77666667,19.85901667,655.512,20.4197,259.8166667,32.495,65.29333333
13-05-2021 08:00,5,31.135,14.83,30.16476667,1399.075,27.8536,452.8233333,32.91666667,64.02833333
13-05-2021 08:00,6,60.28666667,22.25833333,83.95096667,2911.413,103.7295667,680.3266667,31.51833333,69.815
13-05-2021 09:00,1,37.72666667,15.26833333,20.25161667,511.498,15.30693333,199.9933333,33.72666667,61.01166667
13-05-2021 09:00,2,40.43,15.26,53.65533333,0.0,4.7991,421.82,33.83833333,59.06666667
13-05-2021 09:00,3,0.0,27.835,66.12038333,1255.443,25.06196667,366.3633333,33.16666667,64.46666667
13-05-2021 09:00,4,27.82,11.34,4.22045,415.043,1.5997,260.69,34.10666667,56.18666667
13-05-2021 09:00,5,28.61333333,13.285,10.50205,895.408,0.3764,467.2333333,34.855,54.66166667
13-05-2021 09:00,6,51.04150943,15.62830189,63.77898113,2945.868679,81.92026415,680.3266667,33.12830189,57.9754717
13-05-2021 10:00,1,35.33,13.53666667,43.80761667,519.52,11.7625,214.84,34.43166667,58.63333333
13-05-2021 10:00,2,35.65333333,11.48666667,79.14161667,0.0,10.38236667,356.32,34.78,52.25333333
13-05-2021 10:00,3,0.0,11.155,25.58443333,522.385,1.631066667,319.64,34.72666667,54.305
13-05-2021 10:00,4,28.89833333,12.36833333,22.70536667,402.819,0.0,279.03,35.36666667,52.55666667
13-05-2021 10:00,5,27.645,13.32333333,90.8869,874.971,1.348766667,465.9233333,36.05166667,51.95
13-05-2021 10:00,6,46.11509434,16.14150943,86.92756604,1850.898113,71.26743396,516.090566,33.96603774,55.94339623
13-05-2021 11:00,1,27.47,11.46,54.21151667,546.451,20.85883333,243.2233333,35.46666667,54.46
13-05-2021 11:00,2,37.47333333,13.22833333,127.6277167,0.0,14.9619,329.6833333,35.08166667,52.975
13-05-2021 11:00,3,0.0,12.605,70.2754,460.119,3.1994,295.6233333,34.79,54.46
13-05-2021 11:00,4,25.42166667,11.06,29.8376,331.385,0.0,308.7233333,36.685,48.87166667
13-05-2021 11:00,5,30.79166667,15.345,115.6534167,789.594,1.3174,494.3066667,36.82666667,49.93
13-05-2021 11:00,6,45.32372881,16.95762712,91.86174576,1722.496271,56.14101695,542.2067797,34.88305085,53.78305085
13-05-2021 12:00,1,27.93,12.10666667,50.57996667,519.902,7.1516,257.1966667,36.42666667,50.835
13-05-2021 12:00,2,40.565,16.02,128.4129167,0.0,13.9268,331.43,35.95666667,50.605
13-05-2021 12:00,3,0.0,11.74,45.5416,309.993,0.031366667,319.64,36.22333333,50.45
13-05-2021 12:00,4,28.035,12.995,36.9044,285.927,0.0,326.19,37.25333333,47.40833333
13-05-2021 12:00,5,27.60166667,14.06833333,141.6631667,595.92,10.6333,437.1033333,36.31833333,49.255
13-05-2021 12:00,6,40.765,15.47333333,77.47306667,1286.194,24.77966667,486.01,35.885,50.55833333
13-05-2021 13:00,1,29.21578947,12.49473684,69.89313158,543.4452632,19.21621053,268.8947368,36.08947368,51.20789474
13-05-2021 13:00,2,39.94333333,15.18,100.99635,0.0,2.415233333,408.72,37.16833333,46.96
13-05-2021 13:00,3,0.0,15.69,34.18891667,449.614,0.0,413.96,36.25666667,50.02166667
13-05-2021 13:00,4,34.235,15.435,65.43333333,347.811,0.0,324.88,37.43,46.93166667
13-05-2021 13:00,5,28.585,14.15166667,194.1407,670.219,43.12916667,361.1233333,35.93666667,49.18333333
13-05-2021 13:00,6,49.67166667,16.88666667,71.78036667,1066.735,6.6811,471.6,36.85,47.59
13-05-2021 14:00,1,37.85555556,14.87222222,101.9305926,700.7577778,16.38037037,289.1703704,37.31296296,48.59814815
13-05-2021 14:00,2,40.075,14.75,119.743,0.0,12.233,445.4,36.91,48.33666667
13-05-2021 14:00,3,0.0,14.94333333,64.64813333,414.661,0.721433333,342.7833333,36.265,49.545
13-05-2021 14:00,4,37.61333333,15.79166667,90.78875,531.171,16.90663333,339.7266667,36.13833333,51.00166667
13-05-2021 14:00,5,32.11,14.955,223.9128667,1256.207,63.3293,436.6666667,35.32833333,53.51166667
13-05-2021 14:00,6,48.02333333,16.42,74.43041667,1531.82,13.9268,662.4233333,36.41,50.215
13-05-2021 15:00,1,31.5,12.13166667,165.2518833,858.736,125.9371667,313.9633333,33.98333333,63.36666667
13-05-2021 15:00,2,40.72666667,14.375,169.50505,0.0,51.12766667,386.8866667,34.01333333,60.375
13-05-2021 15:00,3,0.0,15.09152542,104.4715254,655.3566102,21.08477966,376.5694915,34.78135593,58.0440678
13-05-2021 15:00,4,37.89166667,15.36666667,114.6064833,705.554,55.1426,341.4733333,34.68666667,59.125
13-05-2021 15:00,5,25.54666667,12.34833333,182.5262833,1333.18,78.2912,468.1066667,33.865,61.27666667
13-05-2021 15:00,6,35.35,14.12166667,169.6032,991.863,123.7101333,413.0866667,31.69333333,70.46166667
13-05-2021 16:00,1,27.83833333,11.89,158.3813833,917.182,151.3128,268.1133333,33.22,64.89
13-05-2021 16:00,2,42.195,15.01,143.0372667,0.0,65.7759,360.6866667,32.81666667,64.94333333
13-05-2021 16:00,3,0.0,14.55333333,127.88945,1050.309,68.0343,386.0133333,32.88,66.23333333
13-05-2021 16:00,4,27.74333333,11.60833333,82.0534,682.252,48.0851,329.2466667,34.32,58.66
13-05-2021 16:00,5,22.47333333,10.84166667,125.3048333,1135.495,66.02683333,432.7366667,33.38333333,61.69166667
13-05-2021 16:00,6,15.175,9.386666667,171.8933667,1335.854,166.0551333,359.3766667,30.48,74.685
13-05-2021 17:00,1,24.57333333,10.085,143.2335667,905.149,153.1634333,250.6466667,31.73666667,70.745
13-05-2021 17:00,2,36.01166667,11.38833333,137.5408667,0.0,61.76096667,358.0666667,31.98,68.54666667
13-05-2021 17:00,3,0.0,9.881666667,75.83723333,1279.318,55.67583333,449.7666667,33.04666667,64.69166667
13-05-2021 17:00,4,21.36166667,9.41,82.446,720.643,63.76843333,306.9766667,32.83166667,63.12
13-05-2021 17:00,5,18.94666667,9.653333333,103.9735667,1630.185,66.18366667,515.2666667,32.84666667,63.41666667
13-05-2021 17:00,6,21.66153846,12.44423077,95.24325,2518.114615,118.1678846,635.8538462,31.90769231,67.91730769
13-05-2021 18:00,1,23.15333333,9.83,125.4684167,864.084,152.3165333,230.9966667,30.78333333,72.95666667
13-05-2021 18:00,2,33.73207547,9.839622642,133.6691887,0.0,73.96615094,326.2641509,31.11886792,71.19056604
13-05-2021 18:00,3,0.0,8.683333333,69.39205,1065.016,60.5063,386.0133333,31.96666667,65.625
13-05-2021 18:00,4,23.82166667,10.69833333,92.49001667,791.695,71.48463333,299.1166667,31.665,68.32
13-05-2021 18:00,5,16.07,8.46,102.76305,1457.521,69.75946667,458.9366667,31.72333333,67.365
13-05-2021 18:00,6,22.43666667,9.466666667,79.5015,1850.981,106.0820667,504.7866667,31.22,69.28666667
13-05-2021 19:00,1,30.75166667,12.56166667,134.2364833,1018.985,170.5719333,227.94,30.16666667,77.84833333
13-05-2021 19:00,2,31.41666667,8.613333333,142.21935,0.0,76.06416667,283.3966667,30.52166667,75.355
13-05-2021 19:00,3,0.0,7.14,78.78173333,846.703,69.19486667,317.8933333,31.135,70.23333333
13-05-2021 19:00,4,24.92833333,11.36166667,105.6421167,810.222,86.13286667,269.86,30.85833333,75.055
13-05-2021 19:00,5,16.59,8.798333333,117.78,1257.544,78.3853,401.2966667,31.06166667,72.89666667
13-05-2021 19:00,6,16.13833333,8.438333333,96.08885,1401.176,113.0141,392.1266667,30.91333333,73.64666667
13-05-2021 20:00,1,42.22,16.71,123.0146667,1151.921,174.0222667,234.9266667,29.685,80.82333333
13-05-2021 20:00,2,30.81,8.136666667,140.64895,0.0,79.01263333,253.2666667,30.14333333,79.25166667
13-05-2021 20:00,3,0.0,6.113333333,89.3165,729.429,78.13436667,276.8466667,30.71333333,74.36166667
13-05-2021 20:00,4,26.435,11.725,91.70481667,742.035,77.94616667,248.4633333,30.57166667,76.86833333
13-05-2021 20:00,5,15.11166667,8.026666667,120.9208,909.733,80.01636667,330.12,30.625,77.27833333
13-05-2021 20:00,6,17.64666667,8.415,102.4686,1505.844,120.3539,391.2533333,30.45666667,78.08666667
13-05-2021 21:00,1,34.59166667,15.03666667,109.2082333,910.879,161.1933,211.7833333,29.44,81.32833333
13-05-2021 21:00,2,30.55333333,7.905,122.0658833,0.0,74.11943333,237.11,30.105,79.79833333
13-05-2021 21:00,3,0.0,5.416666667,81.4645,555.619,73.0216,230.9966667,30.49166667,76.255
13-05-2021 21:00,4,25.66333333,11.54666667,79.5015,681.297,71.29643333,237.11,30.39666667,77.78833333
13-05-2021 21:00,5,15.895,8.155,105.4131,783.673,72.457,303.4833333,30.39166667,78.47166667
13-05-2021 21:00,6,16.65660377,8.173584906,91.81654717,1200.27283,110.0792453,330.2188679,30.34716981,79.09622642
13-05-2021 22:00,1,50.52333333,20.79333333,105.90385,937.81,169.9759667,216.15,29.45666667,82.27666667
13-05-2021 22:00,2,31.00333333,8.096666667,104.3661667,0.0,68.72436667,219.6433333,29.96833333,80.215
13-05-2021 22:00,3,0.0,4.775471698,71.66801887,516.9973585,67.11283019,218.4981132,30.48113208,76.02264151
13-05-2021 22:00,4,25.40666667,11.48333333,75.83723333,586.561,69.38306667,219.6433333,30.33,78.10333333
13-05-2021 22:00,5,14.48833333,7.618333333,98.24815,570.135,68.4107,258.5066667,30.3,78.51166667
13-05-2021 22:00,6,17.9,8.25,79.92681667,934.372,101.2516,274.6633333,30.44,78.62833333
13-05-2021 23:00,1,33.57666667,14.92666667,101.8142667,756.551,154.6063,185.1466667,29.35,83.40833333
13-05-2021 23:00,2,30.63166667,7.95,100.3420167,0.0,66.08956667,201.3033333,29.835,81.295
13-05-2021 23:00,3,0.0,4.78,62.97958333,519.329,51.2845,193.0066667,30.405,76.515
13-05-2021 23:00,4,27.87333333,12.365,75.5755,508.824,70.88866667,207.8533333,30.215,79.2
13-05-2021 23:00,5,14.02,7.436666667,93.34065,409.122,65.43086667,223.1366667,30.28333333,78.69166667
13-05-2021 23:00,6,16.63166667,8.036666667,79.46878333,696.386,97.0171,228.3766667,30.23833333,79.66333333
14-05-2021 00:00,1,41.385,15.83333333,92.94805,853.197,161.5069667,185.1466667,29.17833333,84.29
14-05-2021 00:00,2,30.95833333,8.166666667,97.98641667,0.0,64.0821,192.1333333,29.64333333,81.72166667
14-05-2021 00:00,3,0.0,5.435,67.9198,318.97,63.07836667,171.61,30.16833333,78.08166667
14-05-2021 00:00,4,24.89333333,11.51333333,76.557,387.73,68.84983333,178.5966667,29.93833333,80.63333333
14-05-2021 00:00,5,12.49333333,7.115,92.13013333,267.782,61.4473,206.1066667,30.02666667,79.73166667
14-05-2021 00:00,6,21.36333333,10.59166667,76.78601667,482.084,96.2643,177.7233333,29.92333333,81.54333333
14-05-2021 01:00,1,29.73,12.95,86.04483333,952.899,147.2665,191.26,29.08,83.97
14-05-2021 01:00,2,31.95,8.872413793,91.21181034,0.0,66.16203448,197.8551724,29.65344828,81.41896552
14-05-2021 01:00,3,0.0,6.421666667,64.05923333,309.993,62.89016667,165.06,30.05333333,78.83166667
14-05-2021 01:00,4,23.81,10.77,74.69215,349.339,70.7632,170.7366667,29.845,80.98833333
14-05-2021 01:00,5,13.115,7.438333333,88.43315,429.368,62.79606667,245.8433333,29.99,79.64
14-05-2021 01:00,6,21.87833333,10.55666667,75.83723333,439.491,104.4196333,162.0033333,29.72833333,82.295
14-05-2021 02:00,1,26.01,11.59333333,95.14006667,1159.37,157.3038333,196.9366667,28.90666667,85.25333333
14-05-2021 02:00,2,35.59333333,12.025,90.72331667,0.0,66.08956667,204.36,29.60166667,81.86
14-05-2021 02:00,3,0.0,4.762068966,64.00056897,293.6131034,59.02341379,157.2,29.99310345,78.86551724
14-05-2021 02:00,4,25.19666667,11.08,77.08046667,359.271,79.5145,174.6666667,29.68666667,81.70166667
14-05-2021 02:00,5,11.66833333,7.086666667,87.09176667,301.78,59.12616667,221.8266667,29.73833333,81.14833333
14-05-2021 02:00,6,17.45333333,8.733333333,75.24833333,449.614,102.2553333,161.5666667,29.61833333,82.74
14-05-2021 03:00,1,24.98333333,11.11333333,91.24678333,937.81,154.6690333,182.09,28.86333333,85.77833333
14-05-2021 03:00,2,32.005,9.045,94.84561667,0.0,67.68926667,211.7833333,29.38333333,83.13333333
14-05-2021 03:00,3,0.0,5.741666667,66.77471667,302.735,63.988,157.2,29.85333333,78.82833333
14-05-2021 03:00,4,22.24,9.883333333,68.44326667,331.385,65.99546667,155.4533333,29.55,81.125
14-05-2021 03:00,5,12.83166667,7.213333333,85.75038333,378.753,63.36066667,225.7566667,29.63666667,81.52833333
14-05-2021 03:00,6,17.73333333,8.56,69.71921667,484.567,98.58543333,164.6233333,29.63333333,82.45333333
14-05-2021 04:00,1,39.565,14.74333333,93.34065,1121.361,160.0641,208.7266667,28.73,86.76666667
14-05-2021 04:00,2,33.51833333,9.785,99.85126667,0.0,76.81696667,240.1666667,29.25166667,84.545
14-05-2021 04:00,3,0.0,5.223333333,73.08903333,371.495,73.74303333,159.82,29.75333333,78.77166667
14-05-2021 04:00,4,21.66,10.05166667,72.79458333,375.315,68.37933333,159.3833333,29.27166667,82.48166667
14-05-2021 04:00,5,16.04833333,8.161666667,89.21835,288.983,70.13586667,193.0066667,29.50666667,82.125
14-05-2021 04:00,6,16.46166667,7.896666667,68.18153333,635.457,93.7236,194.3166667,29.84166667,81.16166667
14-05-2021 05:00,1,54.14833333,18.585,96.05613333,856.826,159.1231,191.6966667,28.29333333,88.13166667
14-05-2021 05:00,2,33.915,10.04166667,95.46723333,0.0,76.66013333,248.9,29.355,83.96833333
14-05-2021 05:00,3,0.0,7.953333333,84.2127,696.577,88.7363,218.3333333,29.48666667,79.865
14-05-2021 05:00,4,47.555,19.06333333,81.8571,752.922,88.3599,204.36,29.015,84.75666667
14-05-2021 05:00,5,19.30833333,9.596666667,88.43315,555.237,76.1269,239.73,29.45333333,82.35333333
14-05-2021 05:00,6,25.80666667,10.15333333,67.49448333,991.099,102.7885667,271.6066667,29.89166667,80.81833333
14-05-2021 06:00,1,82.85,28.43166667,89.5128,953.854,149.1798667,215.2766667,28.57666667,86.52333333
14-05-2021 06:00,2,36.92833333,11.73833333,96.93948333,0.0,75.49956667,379.0266667,29.69,82.12666667
14-05-2021 06:00,3,0.0,15.84333333,66.57841667,1398.502,78.25983333,348.0233333,29.95166667,79.02333333
14-05-2021 06:00,4,61.49,24.495,72.92545,947.36,78.73033333,255.45,29.23833333,83.35333333
14-05-2021 06:00,5,24.3,11.585,84.50715,1305.485,76.34646667,333.6133333,29.585,82.19666667
14-05-2021 06:00,6,35.25166667,13.11666667,66.9383,3023.53,109.8147,673.7766667,29.865,80.99166667
14-05-2021 07:00,1,54.89166667,17.83666667,78.19283333,988.616,121.4203667,231.87,29.81833333,81.91666667
14-05-2021 07:00,2,37.875,13.20833333,95.33636667,0.0,69.47716667,456.7533333,29.59833333,81.4
14-05-2021 07:00,3,0.0,20.83962264,65.66790566,1694.566415,72.68781132,431.0641509,30.24528302,77.83962264
14-05-2021 07:00,4,47.14833333,19.43,63.24131667,1117.35,62.70196667,296.4966667,30.23333333,79.12166667
14-05-2021 07:00,5,20.3,9.681666667,88.66216667,1684.429,74.1508,451.95,29.31,82.445
14-05-2021 07:00,6,32.36833333,13.70833333,74.0051,3943.577,110.0029,673.7766667,29.64833333,81.37
14-05-2021 08:00,1,48.005,14.055,49.99106667,777.561,59.0948,190.8233333,31.87166667,71.335
14-05-2021 08:00,2,38.32333333,12.43166667,107.2125167,0.0,73.2098,422.2566667,31.085,76.305
14-05-2021 08:00,3,0.0,9.245,51.79048333,1122.316,45.32483333,334.05,31.80666667,71.07166667
14-05-2021 08:00,4,37.1,15.94833333,24.99553333,746.428,23.27406667,266.8033333,32.645,69.23833333
14-05-2021 08:00,5,17.75833333,8.831666667,61.57276667,1226.22,49.24566667,397.8033333,31.49166667,74.19
14-05-2021 08:00,6,24.37,10.32666667,69.13031667,2689.28,91.9357,669.41,31.29166667,75.44666667
14-05-2021 09:00,1,30.89,11.96666667,38.18035,673.848,32.49586667,201.74,33.15,65.785
14-05-2021 09:00,2,37.75,11.75333333,59.24988333,0.0,29.8297,349.77,32.87666667,65.60666667
14-05-2021 09:00,3,0.0,7.55,28.39806667,679.387,15.49513333,280.34,33.01,64.78
14-05-2021 09:00,4,22.23833333,9.183333333,4.253166667,584.078,1.819266667,279.9033333,34.36833333,59.74166667
14-05-2021 09:00,5,25.07666667,12.30166667,34.58151667,983.077,20.16876667,403.48,33.05833333,65.82666667
14-05-2021 09:00,6,30.73166667,11.99833333,47.7009,1453.892,48.3674,432.3,32.86,66.13666667
14-05-2021 10:00,1,26.10166667,10.53666667,37.1007,619.222,20.48243333,216.15,34.19833333,61.17166667
14-05-2021 10:00,2,38.01333333,12.5,88.59673333,0.0,26.4421,327.0633333,33.26333333,64.15333333
14-05-2021 10:00,3,0.0,11.06333333,47.8972,727.71,17.91036667,288.6366667,33.45166667,61.94333333
14-05-2021 10:00,4,31.28666667,13.17833333,22.9671,487.432,1.536966667,285.1433333,34.86833333,58.05833333
14-05-2021 10:00,5,23.21166667,11.67833333,43.9712,683.016,15.21283333,362.4333333,33.545,61.91
14-05-2021 10:00,6,37.19666667,14.535,48.64968333,1543.28,42.87823333,471.1633333,33.81833333,61.17
14-05-2021 11:00,1,20.46,8.725,28.36535,594.201,5.489166667,232.3066667,35.34333333,54.90166667
14-05-2021 11:00,2,36.64915254,11.88305085,114.9852203,0.0,37.12962712,309.959322,33.72372881,63.93220339
14-05-2021 11:00,3,0.0,9.958333333,39.09641667,714.531,7.9044,315.71,34.67666667,57.67
14-05-2021 11:00,4,34.86333333,14.90333333,54.73498333,546.833,3.826733333,300.4266667,35.12666667,57.49666667
14-05-2021 11:00,5,22.51,11.42,46.45766667,784.055,4.7991,435.3566667,35.19833333,56.865
14-05-2021 11:00,6,31.88793103,11.32931034,67.04660345,1493.94931,45.71962069,462.1137931,33.83793103,59.56896552
14-05-2021 12:00,1,19.23833333,8.756666667,53.85163333,627.626,22.70946667,258.5066667,35.60833333,53.46333333
14-05-2021 12:00,2,33.435,9.796666667,96.21971667,0.0,26.6303,323.57,34.11833333,62.00166667
14-05-2021 12:00,3,0.0,8.91,53.5899,650.355,6.743833333,320.5133333,34.46333333,60.31833333
14-05-2021 12:00,4,25.61166667,11.45333333,75.51006667,558.293,23.58773333,284.7066667,35.09833333,58.38
14-05-2021 12:00,5,20.50333333,10.30166667,111.4656833,744.9,35.35023333,375.97,33.61666667,62.87166667
14-05-2021 12:00,6,27.29166667,10.78833333,94.45301667,993.773,65.71316667,343.22,33.19833333,64.83833333
14-05-2021 13:00,1,30.345,12.67833333,153.7029,830.086,93.31583333,227.5033333,34.38,60.095
14-05-2021 13:00,2,34.175,9.906666667,91.21406667,0.0,23.77593333,330.9933333,34.55333333,58.74833333
14-05-2021 13:00,3,0.0,9.495,45.67246667,643.67,5.2696,349.77,35.31,57.69833333
14-05-2021 13:00,4,27.08,11.88166667,61.27831667,575.865,4.0463,307.85,36.01666667,55.54333333
14-05-2021 13:00,5,19.90833333,10.035,123.7998667,656.467,40.61983333,319.2033333,34.11333333,60.195
14-05-2021 13:00,6,29.75,10.625,87.09176667,1299.755,51.3786,407.8466667,34.60833333,59.66333333
14-05-2021 14:00,1,34.54833333,12.685,158.8067,870.005,119.7579333,230.9966667,33.13,64.77833333
14-05-2021 14:00,2,35.81166667,11.29333333,110.0915833,0.0,34.97383333,339.29,33.92333333,62.17666667
14-05-2021 14:00,3,0.0,9.093333333,73.71065,713.194,14.80506667,336.67,34.25666667,60.81
14-05-2021 14:00,4,27.93166667,11.73666667,83.0349,631.255,25.84613333,311.78,34.58666667,60.16833333
14-05-2021 14:00,5,20.30666667,9.958333333,124.74865,932.844,49.08883333,379.0266667,33.73,62.3
14-05-2021 14:00,6,27.16833333,10.37166667,78.94531667,959.202,41.0276,383.3933333,33.72333333,63.11166667
14-05-2021 15:00,1,41.425,15.93833333,126.0246,918.71,148.0820333,253.2666667,32.58666667,66.25333333
14-05-2021 15:00,2,36.55166667,12.63,123.5381333,0.0,51.69226667,313.9633333,32.61166667,66.51833333
14-05-2021 15:00,3,0.0,8.146666667,97.3648,758.461,54.79756667,311.78,32.52666667,67.27
14-05-2021 15:00,4,27.355,11.53,98.80433333,797.234,64.48986667,304.7933333,32.61166667,66.875
14-05-2021 15:00,5,17.45,8.783333333,106.6563333,1147.528,57.1187,410.9033333,32.76833333,64.10166667
14-05-2021 15:00,6,23.36037736,9.116981132,96.59441509,1020.372453,90.40701887,368.7773585,32.40377358,68.01132075
14-05-2021 16:00,1,50.74166667,19.42166667,123.4072667,943.54,158.6212333,250.21,31.93833333,68.66
14-05-2021 16:00,2,37.025,12.66833333,127.3987,0.0,61.19636667,315.71,31.775,69.11
14-05-2021 16:00,3,0.0,39.72166667,94.6166,1220.299,66.18366667,358.5033333,31.33666667,70.68666667
14-05-2021 16:00,4,23.10666667,9.27,75.86995,814.042,56.67956667,308.2866667,32.62833333,65.29
14-05-2021 16:00,5,16.49833333,8.416666667,87.32078333,1109.328,54.2016,410.4666667,32.44666667,63.34666667
14-05-2021 16:00,6,20.87,8.946666667,90.46158333,1123.08,97.3935,372.04,31.90833333,69.4
14-05-2021 17:00,1,29.86666667,11.64666667,116.2750333,1018.221,159.8131667,254.5766667,31.035,71.7
14-05-2021 17:00,2,36.58604651,11.63023256,129.010186,0.0,69.85283721,362.5348837,31.23953488,71.58139535
14-05-2021 17:00,3,0.0,35.30833333,92.4573,1612.231,79.985,400.4233333,30.82,73.02666667
14-05-2021 17:00,4,20.54666667,9.108333333,74.72486667,887.768,61.3532,303.4833333,31.80166667,67.36333333
14-05-2021 17:00,5,16.15333333,8.32,90.06898333,1672.587,60.6004,507.8433333,31.71666667,65.92333333
14-05-2021 17:00,6,23.43333333,9.458333333,78.78173333,1731.224,97.5817,482.5166667,31.67166667,67.77666667
14-05-2021 18:00,1,27.7,11.26,113.0360833,1018.412,156.7706,245.8433333,30.36166667,73.89
14-05-2021 18:00,2,31.99230769,8.611538462,372.1395,0.0,128.1931538,362.5348837,30.38076923,73.63076923
14-05-2021 18:00,3,0.0,8.198333333,55.9455,1178.852,52.38233333,350.2066667,31.295,68.50333333
14-05-2021 18:00,4,21.08833333,9.455,78.9126,957.101,75.87596667,292.13,31.10666667,69.84
14-05-2021 18:00,5,15.76,8.116666667,95.69625,1518.641,69.47716667,453.26,31.08833333,68.89
14-05-2021 18:00,6,22.83666667,9.116666667,81.2682,2081.136,104.4196333,543.2133333,30.95333333,70.645
14-05-2021 19:00,1,23.97833333,10.08,109.4045333,904.385,151.6578333,217.46,29.975,76.315
14-05-2021 19:00,2,31.02166667,8.101666667,109.928,0.0,64.14483333,295.1866667,30.17333333,75.04666667
14-05-2021 19:00,3,0.0,6.946666667,65.5642,870.387,58.12243333,289.9466667,30.68666667,71.86166667
14-05-2021 19:00,4,20.48666667,9.3,85.48865,857.59,77.4443,266.3666667,30.63666667,73.33166667
14-05-2021 19:00,5,15.37,7.856666667,102.7957667,1152.685,73.4921,375.97,30.56333333,73.94166667
14-05-2021 19:00,6,23.64833333,9.143333333,87.77881667,1937.122,114.7079,493.87,30.44166667,75.04666667
14-05-2021 20:00,1,32.19666667,12.86,100.2438667,925.968,144.2239333,215.7133333,29.69833333,77.73166667
14-05-2021 20:00,2,30.68166667,7.768333333,115.7515667,0.0,77.2561,268.9866667,30.07,77.475
14-05-2021 20:00,3,0.0,6.586666667,65.26975,852.242,60.91406667,275.9733333,30.59333333,73.06166667
14-05-2021 20:00,4,26.45333333,11.88833333,81.33363333,882.611,78.88716667,258.9433333,30.36666667,75.41
14-05-2021 20:00,5,15.83166667,8.105,99.26236667,1134.158,74.40173333,361.9966667,30.41166667,75.175
14-05-2021 20:00,6,27.04,9.483333333,83.13305,2022.499,115.7116333,508.7166667,30.37166667,75.99333333
14-05-2021 21:00,1,45.95166667,18.73833333,99.00063333,901.138,147.6742667,217.0233333,29.44,78.54833333
14-05-2021 21:00,2,34.21,10.10333333,113.3959667,0.0,82.68253333,267.6766667,29.975,78.51833333
14-05-2021 21:00,3,0.0,10.57166667,63.92836667,1063.488,68.47343333,300.4266667,30.585,72.86166667
14-05-2021 21:00,4,31.91833333,13.23333333,76.00081667,938.765,80.01636667,259.38,30.145,75.71166667
14-05-2021 21:00,5,21.15,10.41166667,90.42886667,1051.837,72.30016667,330.5566667,30.165,75.67666667
14-05-2021 21:00,6,27.49166667,11.08333333,72.69643333,1267.094,106.0193333,351.5166667,30.64833333,73.75166667
14-05-2021 22:00,1,33.64666667,14.29166667,100.2438667,864.275,152.3479,205.67,29.12,80.94833333
14-05-2021 22:00,2,35.72,10.775,104.2353,0.0,83.749,257.1966667,29.94333333,78.78
14-05-2021 22:00,3,0.0,20.89333333,60.36225,964.741,71.10823333,280.7766667,30.45166667,72.43166667
14-05-2021 22:00,4,32.14833333,13.52333333,76.98231667,636.794,79.82816667,219.2066667,29.90666667,76.74666667
14-05-2021 22:00,5,24.16166667,11.645,89.38193333,734.395,77.31883333,279.03,29.87666667,76.96166667
14-05-2021 22:00,6,28.02833333,11.745,71.02788333,1050.309,106.8976,305.6666667,30.59166667,73.73833333
14-05-2021 23:00,1,26.79333333,12.06166667,97.85555,792.841,144.914,183.8366667,28.8,83.025
14-05-2021 23:00,2,36.745,11.39166667,97.29936667,0.0,77.31883333,225.32,29.63333333,80.25333333
14-05-2021 23:00,3,0.0,10.54333333,57.97393333,691.038,65.55633333,224.4466667,30.17333333,74.05333333
14-05-2021 23:00,4,49.64833333,19.69833333,79.95953333,594.201,87.0425,199.5566667,29.67833333,78.72166667
14-05-2021 23:00,5,21.31333333,10.41833333,86.24113333,574.91,71.76693333,255.8866667,29.68,78.4
14-05-2021 23:00,6,31.27,11.78166667,72.99088333,943.922,108.7796,276.41,30.19166667,76.365
15-05-2021 00:00,1,39.005,14.98666667,94.15856667,889.105,156.3001,199.5566667,28.50666667,85.245
15-05-2021 00:00,2,39.77833333,13.11333333,94.97648333,0.0,76.5033,213.53,29.4,81.43
15-05-2021 00:00,3,0.0,9.924528302,55.92698113,701.2222642,60.72113208,211.5773585,29.96037736,75.39433962
15-05-2021 00:00,4,33.65,14.12333333,76.29526667,477.309,80.89463333,176.85,29.33166667,80.82
15-05-2021 00:00,5,20.62166667,10.12166667,83.13305,457.827,69.41443333,225.32,29.47166667,79.52666667
15-05-2021 00:00,6,27.71166667,10.98666667,72.89273333,687.6,107.9327,223.5733333,29.88666667,77.84666667
15-05-2021 01:00,1,67.15166667,23.935,100.113,969.516,166.5883667,208.29,28.34666667,86.51666667
15-05-2021 01:00,2,34.72166667,9.951666667,98.70618333,0.0,76.94243333,191.26,29.17833333,82.85166667
15-05-2021 01:00,3,0.0,5.353448276,63.56058621,604.4162069,61.58682759,182.0448276,29.71034483,76.76724138
15-05-2021 01:00,4,34.88666667,14.445,70.79886667,604.133,77.28746667,183.8366667,29.12,81.84833333
15-05-2021 01:00,5,16.88666667,8.416666667,84.8016,330.43,71.20233333,205.2333333,29.39166667,79.65833333
15-05-2021 01:00,6,22.91833333,8.96,80.58115,563.068,117.2172333,196.5,29.725,79.37833333
15-05-2021 02:00,1,46.275,19.065,94.55116667,798.38,155.5786667,183.8366667,28.27333333,86.085
15-05-2021 02:00,2,31.985,8.5,104.1698667,0.0,80.01636667,195.6266667,29.01333333,83.97333333
15-05-2021 02:00,3,0.0,4.195,70.4717,477.691,70.98276667,164.6233333,29.55333333,77.38833333
15-05-2021 02:00,4,42.025,17.19666667,70.76615,802.964,81.17693333,193.0066667,28.99333333,81.805
15-05-2021 02:00,5,17.21166667,8.571666667,87.25535,290.32,71.26506667,199.12,29.22,80.52166667
15-05-2021 02:00,6,19.265,8.211666667,76.42613333,455.535,113.6414333,166.37,29.58166667,79.895
15-05-2021 03:00,1,37.13666667,16.6,93.66781667,755.787,153.2575333,184.2733333,28.05,86.92333333
15-05-2021 03:00,2,33.57166667,9.673333333,107.1143667,0.0,83.3726,213.9666667,28.83666667,84.68333333
15-05-2021 03:00,3,0.0,7.138333333,72.4347,630.491,76.09553333,178.16,29.32833333,78.40166667
15-05-2021 03:00,4,65.88333333,27.62166667,76.52428333,526.014,86.7602,177.2866667,28.88666667,83.09333333
15-05-2021 03:00,5,26.96833333,13.07166667,88.30228333,693.139,78.32256667,231.4333333,28.90166667,82.94833333
15-05-2021 03:00,6,22.17666667,10.20166667,73.25261667,572.618,112.7318,179.9066667,29.67,79.53333333
15-05-2021 04:00,1,28.625,12.78666667,90.1017,794.369,146.9842,184.2733333,27.94666667,87.675
15-05-2021 04:00,2,34.21833333,10.37166667,107.27795,0.0,86.1956,224.01,28.69666667,84.93
15-05-2021 04:00,3,0.0,17.03833333,72.4347,1360.684,81.74153333,263.7466667,29.37333333,78.70833333
15-05-2021 04:00,4,75.93666667,31.195,75.90266667,559.248,85.69373333,183.8366667,28.815,83.55666667
15-05-2021 04:00,5,26.50166667,12.82,86.69916667,451.715,76.4092,213.9666667,28.82166667,83.86833333
15-05-2021 04:00,6,39.73333333,15.59833333,71.6495,1671.823,112.6377,327.0633333,29.43666667,80.82333333
15-05-2021 05:00,1,29.935,12.62833333,94.06041667,906.486,158.7467,200.43,27.76166667,88.81333333
15-05-2021 05:00,2,36.725,11.66833333,106.7872,0.0,87.26206667,274.6633333,28.66333333,85.155
15-05-2021 05:00,3,0.0,15.11833333,79.37063333,1436.511,87.0425,310.47,29.385,78.97833333
15-05-2021 05:00,4,90.875,33.535,77.86566667,768.584,88.14033333,229.25,28.62166667,85.10166667
15-05-2021 05:00,5,23.77666667,11.46,85.91396667,469.478,77.4443,222.7,28.675,84.72166667
15-05-2021 05:00,6,68.02333333,23.94833333,69.65378333,1766.75,113.3277667,390.8166667,29.25666667,81.285
15-05-2021 06:00,1,32.17333333,13.65666667,88.59673333,1037.13,146.0745667,230.1233333,28.44333333,86.635
15-05-2021 06:00,2,40.89666667,15.455,87.45165,0.0,74.2449,414.8333333,30.28833333,77.77333333
15-05-2021 06:00,3,0.0,16.44833333,68.9013,1478.531,78.25983333,354.5733333,29.71333333,78.32833333
15-05-2021 06:00,4,56.76166667,21.465,69.03216667,868.477,77.88343333,253.2666667,29.10833333,83.25
15-05-2021 06:00,5,31.80833333,14.09166667,85.42321667,930.743,79.38903333,317.02,29.25166667,82.885
15-05-2021 06:00,6,50.365,16.91833333,75.21561667,2361.906,122.9573333,575.5266667,29.72166667,80.33166667
15-05-2021 07:00,1,28.11166667,11.785,63.33946667,908.969,98.7109,218.77,30.40666667,79.04666667
15-05-2021 07:00,2,41.68490566,16.08679245,61.55671698,0.0,50.03279245,429.0867925,32.2509434,69.1754717
15-05-2021 07:00,3,0.0,9.856603774,50.59354717,1213.895094,52.37641509,328.2415094,30.91509434,73.26603774
15-05-2021 07:00,4,32.92333333,13.24,48.38795,797.234,51.22176667,259.8166667,30.69666667,76.43833333
15-05-2021 07:00,5,19.245,9.456666667,67.65806667,872.679,56.9305,317.02,30.27,77.77166667
15-05-2021 07:00,6,34.76666667,12.34166667,64.02651667,1513.675,96.2643,414.8333333,30.995,74.78333333
15-05-2021 08:00,1,30.92166667,11.02666667,52.77198333,764.191,66.59143333,197.3733333,31.91,71.37833333
15-05-2021 08:00,2,41.205,15.75333333,87.87696667,0.0,39.7102,335.36,32.45166667,67.48666667
15-05-2021 08:00,3,0.0,8.608333333,54.47325,1024.715,45.29346667,297.37,31.625,70.35166667
15-05-2021 08:00,4,31.78833333,12.605,38.0822,754.45,32.49586667,268.9866667,32.04666667,69.45
15-05-2021 08:00,5,21.63333333,10.49,26.86038333,814.997,26.0657,355.01,32.49,68.595
15-05-2021 08:00,6,31.23666667,11.90166667,58.92271667,1705.439,80.80053333,469.4166667,32.06166667,70.21166667
15-05-2021 09:00,1,23.14333333,9.958333333,36.83896667,652.265,29.0769,191.26,33.22333333,64.94
15-05-2021 09:00,2,42.275,16.94833333,82.60958333,0.0,28.4182,354.1366667,33.165,64.49333333
15-05-2021 09:00,3,0.0,9.843333333,38.76925,882.611,17.6908,292.5666667,33.19166667,63.36166667
15-05-2021 09:00,4,31.49833333,12.395,30.49193333,590.19,10.66466667,265.4933333,33.51833333,62.67833333
15-05-2021 09:00,5,25.1,12.28666667,17.43798333,736.114,5.614633333,397.8033333,33.725,62.11666667
15-05-2021 09:00,6,41.65833333,13.72333333,57.7122,1753.762,66.37186667,489.5033333,32.89666667,65.45333333
15-05-2021 10:00,1,27.77666667,11.41833333,29.47771667,629.727,8.970866667,211.7833333,34.26833333,60.85833333
15-05-2021 10:00,2,35.60833333,11.34,74.2014,0.0,12.7035,349.77,34.085,59.855
15-05-2021 10:00,3,0.0,11.52,48.6824,795.133,9.9746,282.96,34.38666667,58.78166667
15-05-2021 10:00,4,33.275,13.395,39.58716667,511.689,4.579533333,272.9166667,34.46666667,59.08333333
15-05-2021 10:00,5,23.765,11.55833333,23.98131667,791.313,2.1643,455.88,34.915,57.95166667
15-05-2021 10:00,6,39.02666667,12.52166667,68.08338333,1775.727,58.93796667,496.9266667,33.62833333,62.02166667
15-05-2021 11:00,1,28.32333333,11.18666667,72.20568333,675.185,43.69376667,229.6866667,34.155,60.78
15-05-2021 11:00,2,33.15833333,9.628333333,115.6861333,0.0,37.38906667,307.4133333,33.315,64.125
15-05-2021 11:00,3,0.0,8.731666667,48.97685,886.622,4.830466667,335.7966667,34.445,59.58666667
15-05-2021 11:00,4,30.52166667,12.78166667,55.3566,565.933,9.8805,296.06,34.41,60.14166667
15-05-2021 11:00,5,20.15666667,10.05333333,95.4018,879.364,33.6878,417.0166667,33.11333333,63.54833333
15-05-2021 11:00,6,30.50344828,11.54827586,89.35034483,1277.592414,78.103,381.7068966,32.15172414,66.78103448
15-05-2021 12:00,1,22.70166667,9.3,134.9235333,773.359,146.6705333,223.5733333,29.54333333,78.59166667
15-05-2021 12:00,2,33.72833333,10.27333333,157.1054333,0.0,59.87896667,289.0733333,29.58833333,81.03166667
15-05-2021 12:00,3,0.0,8.215,70.92973333,928.833,27.3831,326.19,30.485,74.93
15-05-2021 12:00,4,38.0,15.34833333,122.98195,517.801,79.3263,216.5866667,27.29333333,90.53666667
15-05-2021 12:00,5,14.23333333,7.491666667,164.0740833,685.881,88.76766667,278.1566667,27.015,90.24333333
15-05-2021 12:00,6,20.41666667,9.695,118.5652,1341.011,126.6272333,379.4633333,28.73166667,84.13166667
15-05-2021 14:00,1,27.165,11.46,132.7642333,1053.747,182.8363,212.6566667,28.345,86.28166667
15-05-2021 14:00,2,37.77,12.62333333,156.94185,0.0,100.7497333,396.93,27.69,86.53166667
15-05-2021 14:00,3,0.0,9.668333333,123.8980167,1935.594,102.0357667,386.8866667,27.73166667,85.245
15-05-2021 14:00,4,32.53448276,13.95517241,121.5706207,1324.617931,112.2061379,306.2689655,25.8862069,85.43793103
15-05-2021 14:00,5,23.45833333,9.763333333,148.8281167,3059.438,108.9050667,656.31,28.17333333,86.07833333
15-05-2021 14:00,6,32.555,13.31833333,126.5807833,3838.145,166.5883667,407.8466667,27.77166667,87.81
15-05-2021 15:00,1,28.24333333,12.22166667,121.8368667,1081.06,175.2455667,213.53,28.90666667,85.06833333
15-05-2021 15:00,2,46.68,17.66166667,137.0501167,0.0,87.9835,414.8333333,28.725,84.35166667
15-05-2021 15:00,3,0.0,11.49166667,110.8440667,2061.272,89.9596,431.8633333,28.76,82.84666667
15-05-2021 15:00,4,45.18181818,18.08181818,112.4263636,1282.478182,99.40381818,269.1454545,20.4,12.5
15-05-2021 15:00,5,27.36166667,11.05166667,126.4172,2000.343,88.70493333,475.0933333,28.82,84.68666667
15-05-2021 15:00,6,40.53666667,12.74,112.7416333,3879.592,142.6242333,383.3933333,28.775,85.16166667
15-05-2021 16:00,1,37.85166667,14.635,108.9792167,1133.776,158.1821,222.7,29.11333333,83.82833333
15-05-2021 16:00,2,41.14333333,14.385,116.9948,0.0,74.339,408.2833333,29.25166667,80.85833333
15-05-2021 16:00,3,0.0,10.56333333,96.51416667,1978.569,76.84833333,435.3566667,29.44666667,80.10666667
15-05-2021 16:00,4,42.40666667,17.49833333,97.00491667,1325.922,84.81546667,286.89,20.4,12.5
15-05-2021 16:00,5,35.035,12.7,132.3062,2890.403,91.277,638.4066667,29.17166667,83.07833333
15-05-2021 16:00,6,35.92,12.58833333,97.69196667,3062.685,123.3651,699.9766667,29.125,83.92166667
15-05-2021 17:00,1,35.015,13.5,108.9792167,1190.503,165.5219,228.8133333,29.15833333,82.66333333
15-05-2021 17:00,2,40.17666667,13.99333333,119.0232333,0.0,67.53243333,401.2966667,29.22,81.43833333
15-05-2021 17:00,3,0.0,19.33166667,98.15,1973.603,74.87223333,436.6666667,28.77,81.475
15-05-2021 17:00,4,37.84166667,15.00666667,87.3535,1576.323,81.64743333,321.3866667,20.4,12.5
15-05-2021 17:00,5,28.32666667,11.46666667,109.4045333,2090.495,78.8558,524.0,29.275,80.99833333
15-05-2021 17:00,6,31.14666667,11.68166667,84.96518333,2353.311,107.3994667,560.2433333,29.33666667,80.44833333
15-05-2021 18:00,1,56.84333333,20.63,129.26355,1598.861,194.5674333,300.8633333,28.835,84.955
15-05-2021 18:00,2,42.41724138,15.47931034,125.632,0.0,74.79327586,421.0068966,28.89482759,84.30689655
15-05-2021 18:00,3,0.0,74.32833333,103.0575,3121.131,101.0006667,648.8866667,28.81166667,83.02333333
15-05-2021 18:00,4,45.55666667,17.14333333,87.77881667,2278.63,87.63846667,476.84,20.4,12.5
15-05-2021 18:00,5,22.07,10.11666667,95.43451667,1893.383,76.28373333,508.28,29.29,80.905
15-05-2021 18:00,6,31.19,11.67166667,81.23548333,2891.549,114.9274667,645.3933333,29.20166667,81.93166667
15-05-2021 19:00,1,196.1516667,52.61,159.0684333,2539.154,195.2261333,461.12,28.11666667,89.45666667
15-05-2021 19:00,2,43.77924528,16.17358491,116.520717,0.0,84.40592453,528.4490566,29.19056604,83.58490566
15-05-2021 19:00,3,0.0,52.15660377,88.96464151,2490.279623,98.14807547,591.7245283,28.90566038,83.43962264
15-05-2021 19:00,4,196.9783333,82.16333333,106.7217667,2677.438,101.8475667,546.7066667,20.4,12.5
15-05-2021 19:00,5,27.12666667,11.92833333,95.63081667,2359.041,80.23593333,585.57,29.52,80.77166667
15-05-2021 19:00,6,44.95849057,15.83962264,83.26083019,4147.871321,125.2417736,543.2133333,29.20754717,83.02264151
15-05-2021 20:00,1,84.40833333,28.495,115.32625,1733.134,159.4054,365.49,27.50833333,88.045
15-05-2021 20:00,2,46.595,18.28166667,111.7601333,0.0,83.59216667,540.1566667,29.19833333,83.51
15-05-2021 20:00,3,0.0,48.93396226,56.88996226,2210.482642,68.35566038,519.0566038,28.64528302,83.82264151
15-05-2021 20:00,4,244.9233333,87.27666667,116.4713333,3236.877,113.0768333,651.07,20.4,12.5
15-05-2021 20:00,5,63.995,25.29,129.3617,3331.422,104.6705667,585.57,29.015,84.59833333
15-05-2021 20:00,6,96.23666667,36.02333333,104.72605,4315.645,152.5047333,493.87,28.74666667,86.645
15-05-2021 21:00,1,73.91166667,26.71,107.8341333,1500.878,162.1343,317.02,27.37166667,88.925
15-05-2021 21:00,2,78.72833333,42.435,138.9804,0.0,104.4196333,540.1566667,28.48333333,86.655
15-05-2021 21:00,3,0.0,55.91833333,63.66663333,2094.315,80.8319,503.4766667,28.81833333,83.96333333
15-05-2021 21:00,4,204.6433333,65.97666667,98.50988333,2543.165,98.805,536.2266667,20.4,12.5
15-05-2021 21:00,5,110.3016667,34.75333333,152.7214,3102.413,119.1933333,683.82,28.49,87.45
15-05-2021 21:00,6,140.61,45.08666667,118.66335,3426.731,165.4591667,508.7166667,28.31666667,88.71666667
15-05-2021 22:00,1,75.07,27.03833333,104.4970333,1424.096,167.7489333,299.5533333,27.255,89.87166667
15-05-2021 22:00,2,79.97333333,42.97,141.3032833,0.0,105.6115667,577.2733333,28.10833333,89.07666667
15-05-2021 22:00,3,0.0,51.71666667,23.06525,1595.232,42.56456667,404.79,28.75833333,82.92166667
15-05-2021 22:00,4,220.366,73.794,102.74342,2701.3512,101.77856,571.16,20.536,14.152
15-05-2021 22:00,5,113.45,35.16166667,128.5437833,2361.333,104.5137333,566.7933333,28.16833333,86.43666667
15-05-2021 22:00,6,124.7683333,40.385,96.54688333,2485.483,145.8236333,578.1466667,28.04166667,87.20333333
15-05-2021 23:00,1,88.425,32.54,98.37901667,1359.156,161.3501333,301.7366667,26.98333333,91.00833333
15-05-2021 23:00,2,82.76333333,44.28333333,138.9149667,0.0,105.0469667,543.2133333,28.21666667,88.29
15-05-2021 23:00,3,0.0,55.09833333,20.6115,1634.578,41.404,401.7333333,28.4,83.46
15-05-2021 23:00,4,222.87,73.685,88.62945,2578.309,93.88043333,583.3866667,20.4,12.5
15-05-2021 23:00,5,106.0433333,34.06166667,108.9465,2199.556,94.7587,552.82,28.035,86.29333333
15-05-2021 23:00,6,110.6322034,35.54237288,85.90620339,2652.892881,137.9282712,607.4847458,27.98644068,86.9779661
16-05-2021 00:00,1,75.20333333,27.83666667,100.3747333,1280.655,164.1104,282.5233333,26.85833333,90.73166667
16-05-2021 00:00,2,79.98833333,40.70333333,129.558,0.0,99.99693333,491.6866667,28.295,86.45666667
16-05-2021 00:00,3,0.0,72.61333333,18.97566667,1480.632,37.10676667,370.2933333,28.87,80.92333333
16-05-2021 00:00,4,212.2283333,72.145,84.47443333,2484.146,90.96333333,554.5666667,20.4,12.5
16-05-2021 00:00,5,94.94666667,32.69833333,103.4173833,2196.118,91.87296667,562.4266667,28.005,86.20833333
16-05-2021 00:00,6,117.19,34.95833333,81.62808333,2434.677,132.5869,562.4266667,27.67,87.52666667
16-05-2021 01:00,1,69.82666667,26.53,99.62225,1251.814,164.8318333,283.3966667,26.695,92.10833333
16-05-2021 01:00,2,74.57666667,37.65166667,125.2721167,0.0,97.2994,485.1366667,28.23833333,86.43333333
16-05-2021 01:00,3,0.0,65.1637931,0.169224138,1438.032414,11.84362069,365.8965517,28.28103448,82.38103448
16-05-2021 01:00,4,198.925,68.775,84.47443333,2367.254,92.09253333,537.1,20.4,12.5
16-05-2021 01:00,5,93.06833333,33.35,103.74455,2090.113,92.218,539.72,28.02166667,86.36833333
16-05-2021 01:00,6,130.1316667,36.34166667,85.84853333,2830.238,139.3307333,640.1533333,27.46,88.82833333
16-05-2021 02:00,1,67.80833333,25.91666667,98.5426,1286.576,163.8594667,277.2833333,26.59666667,92.56333333
16-05-2021 02:00,2,69.305,33.39833333,116.7330667,0.0,92.18663333,472.4733333,28.14666667,85.80666667
16-05-2021 02:00,3,0.0,46.39333333,22.1819,1299.373,41.52946667,326.6266667,27.93333333,82.08666667
16-05-2021 02:00,4,197.38,69.855,88.07326667,2211.589,94.44503333,501.2933333,20.4,12.5
16-05-2021 02:00,5,96.90166667,34.64333333,96.12156667,2472.686,88.89313333,636.2233333,27.925,87.39666667
16-05-2021 02:00,6,149.94,41.97833333,86.24113333,2776.376,139.7385,623.9966667,27.33,89.96833333
16-05-2021 03:00,1,102.8866667,37.73833333,98.3463,1636.297,168.9722333,424.0033333,26.57833333,93.52
16-05-2021 03:00,2,75.49833333,35.925,101.1599333,0.0,85.85056667,573.78,27.80666667,88.21333333
16-05-2021 03:00,3,0.0,53.715,49.075,1642.982,69.50853333,390.38,27.85333333,83.34
16-05-2021 03:00,4,179.3683333,66.20833333,83.55836667,1652.15,90.83786667,397.3666667,20.4,12.5
16-05-2021 03:00,5,99.48333333,36.31,99.88398333,1855.183,90.55556667,500.8566667,27.75166667,88.52833333
16-05-2021 03:00,6,134.5966667,41.995,84.6053,2844.181,138.3583667,656.7466667,27.25666667,91.3
16-05-2021 04:00,1,123.085,44.37833333,95.33636667,1833.6,165.9296667,464.6133333,26.40833333,94.41166667
16-05-2021 04:00,2,78.74,38.77833333,119.44855,0.0,94.91553333,620.94,27.735,89.44333333
16-05-2021 04:00,3,0.0,62.08166667,52.08493333,1848.307,71.48463333,445.4,28.07833333,83.61166667
16-05-2021 04:00,4,175.2816667,64.83333333,78.65086667,1279.7,87.2307,347.15,20.4,12.5
16-05-2021 04:00,5,68.70333333,26.91833333,100.7019,1098.632,89.3009,351.9533333,27.67166667,87.87166667
16-05-2021 04:00,6,97.58666667,33.24333333,86.79731667,2108.067,139.2993667,498.2366667,27.45833333,90.68666667
16-05-2021 05:00,1,127.3016667,47.025,97.10306667,1601.726,167.6862,409.1566667,26.56833333,93.71
16-05-2021 05:00,2,64.58333333,31.23166667,119.4812667,0.0,93.47266667,519.6333333,27.74666667,88.93833333
16-05-2021 05:00,3,0.0,51.07166667,79.07618333,1812.208,91.0888,447.5833333,27.70333333,85.44666667
16-05-2021 05:00,4,178.5983333,67.97166667,77.80023333,1431.736,86.35243333,377.28,20.4,12.5
16-05-2021 05:00,5,55.45333333,23.09833333,91.01776667,839.254,82.6198,316.1466667,27.57333333,88.255
16-05-2021 05:00,6,93.70666667,27.63,83.85281667,2544.12,136.6332,613.9533333,27.39666667,90.90666667
16-05-2021 06:00,1,96.99833333,39.065,94.28943333,1437.657,156.4569333,353.7,27.55666667,90.46
16-05-2021 06:00,2,62.57,30.92166667,105.1840833,0.0,85.56826667,511.3366667,29.75666667,80.87833333
16-05-2021 06:00,3,0.0,46.375,87.9424,1686.912,96.0761,430.1166667,28.58166667,83.25333333
16-05-2021 06:00,4,165.78,64.66,78.06196667,1403.659,84.15676667,370.2933333,20.4,12.5
16-05-2021 06:00,5,63.00666667,27.05,91.96655,1124.99,79.54586667,381.21,28.195,86.43666667
16-05-2021 06:00,6,70.28333333,24.83,81.69351667,2560.928,127.5055,629.2366667,28.35666667,86.66833333
16-05-2021 07:00,1,45.33333333,19.33666667,62.06351667,904.958,97.89536667,259.8166667,29.86333333,80.96833333
16-05-2021 07:00,2,57.35333333,28.53166667,77.37491667,0.0,52.63326667,465.9233333,31.63166667,73.41
16-05-2021 07:00,3,0.0,27.235,55.48746667,925.586,54.6721,322.26,30.43833333,76.89666667
16-05-2021 07:00,4,109.4133333,45.24,69.42476667,913.935,55.76993333,283.3966667,20.4,12.5
16-05-2021 07:00,5,61.90833333,27.91166667,90.91961667,911.452,67.4697,334.05,29.52166667,81.79833333
16-05-2021 07:00,6,68.08333333,25.60833333,82.90403333,2851.057,120.4793667,695.1733333,29.58833333,82.06833333
16-05-2021 08:00,1,37.50333333,15.86666667,55.97821667,694.476,72.01786667,216.15,31.27,75.03
16-05-2021 08:00,2,41.7,16.39473684,90.298,0.0,41.10684211,380.5894737,31.93333333,70.39298246
16-05-2021 08:00,3,0.0,17.8,22.44363333,662.77,18.94546667,309.5966667,31.97,70.81
16-05-2021 08:00,4,44.23,19.26666667,41.223,640.805,34.6288,271.6066667,20.4,12.5
16-05-2021 08:00,5,30.63833333,14.77333333,33.27285,740.889,30.14336667,372.4766667,32.07333333,72.14333333
16-05-2021 08:00,6,38.02166667,15.07166667,63.53576667,1599.434,82.55706667,452.3866667,31.51666667,74.055
16-05-2021 09:00,1,26.17166667,11.41666667,28.56165,569.562,23.65046667,206.5433333,33.155,67.255
16-05-2021 09:00,2,39.035,14.44166667,103.4501,0.0,37.5459,332.74,32.58,67.27833333
16-05-2021 09:00,3,0.0,12.29333333,27.77645,498.892,14.6796,291.6933333,33.52833333,64.71
16-05-2021 09:00,4,36.73333333,15.56,33.14198333,608.144,12.01343333,283.3966667,20.4,12.5
16-05-2021 09:00,5,35.49666667,17.06333333,14.65706667,495.454,5.8342,387.76,33.38,66.015
16-05-2021 09:00,6,42.47735849,15.66981132,64.63084906,1651.969811,72.47475472,463.1962264,32.08301887,70.10754717
16-05-2021 10:00,1,25.68666667,11.43166667,18.48491667,453.052,5.489166667,211.3466667,34.14,61.76833333
16-05-2021 10:00,2,35.44528302,11.33396226,75.89032075,0.0,21.87381132,339.6113208,34.1754717,59.89433962
16-05-2021 10:00,3,0.0,17.985,29.15055,523.34,3.1994,307.85,34.25833333,60.85166667
16-05-2021 10:00,4,37.605,16.37833333,19.27011667,441.783,0.627333333,290.3833333,20.4,12.5
16-05-2021 10:00,5,32.55833333,15.845,37.59145,509.588,4.485433333,389.07,34.98,59.09166667
16-05-2021 10:00,6,46.50666667,17.34166667,82.21698333,1739.246,70.79456667,465.05,32.81333333,66.28833333
16-05-2021 11:00,1,26.19333333,11.68666667,35.56301667,440.064,7.214333333,214.4033333,34.97166667,56.22166667
16-05-2021 11:00,2,33.82833333,10.23,80.35213333,0.0,7.559366667,325.7533333,34.9,56.40666667
16-05-2021 11:00,3,0.0,14.305,38.83468333,419.818,1.160566667,283.3966667,35.20666667,55.64666667
16-05-2021 11:00,4,30.785,13.94833333,25.25726667,297.578,0.0,277.72,20.4,12.5
16-05-2021 11:00,5,26.41833333,13.07,75.44463333,500.229,0.1882,397.3666667,36.04,53.78833333
16-05-2021 11:00,6,36.07586207,13.62241379,87.69194828,1466.089655,52.43641379,393.4517241,33.59310345,61.57758621
16-05-2021 12:00,1,24.83333333,11.25833333,45.31258333,465.467,13.89543333,238.8566667,35.94833333,52.20833333
16-05-2021 12:00,2,34.305,10.655,65.98951667,0.0,3.764,354.5733333,35.975,51.325
16-05-2021 12:00,3,0.0,11.68333333,43.74218333,417.526,0.250933333,305.6666667,35.55333333,53.72166667
16-05-2021 12:00,4,30.87666667,13.98333333,53.32816667,295.095,0.4705,285.58,20.4,12.5
16-05-2021 12:00,5,23.48333333,11.815,110.8767833,581.595,5.112766667,409.5933333,35.87333333,52.35666667
16-05-2021 12:00,6,30.25166667,12.07666667,86.07755,1134.54,41.46673333,338.8533333,34.30166667,57.29
16-05-2021 13:00,1,30.36833333,12.73333333,81.6608,563.259,31.994,255.0133333,36.13666667,53.14166667
16-05-2021 13:00,2,34.39,10.66833333,95.66353333,0.0,16.3734,357.1933333,35.44333333,55.205
16-05-2021 13:00,3,0.0,10.28833333,26.72951667,402.628,0.0,361.56,36.36,51.84666667
16-05-2021 13:00,4,28.12333333,12.90833333,70.83158333,356.788,4.7991,289.9466667,20.4,12.5
16-05-2021 13:00,5,23.09166667,10.92333333,194.7623167,734.395,64.86626667,376.8433333,33.88666667,62.20166667
16-05-2021 13:00,6,24.67333333,10.72333333,74.23411667,628.008,25.28153333,296.06,35.065,57.50666667
16-05-2021 14:00,1,26.97166667,11.75166667,112.18545,683.207,73.36663333,268.1133333,34.59,60.35
16-05-2021 14:00,2,34.64,10.97333333,163.41975,0.0,62.5765,313.9633333,31.62833333,73.79333333
16-05-2021 14:00,3,0.0,8.688333333,41.19028333,377.416,0.0,381.6466667,35.50333333,56.935
16-05-2021 14:00,4,24.775,11.51666667,78.7163,461.456,20.48243333,294.3133333,20.4,12.5
16-05-2021 14:00,5,20.6,10.02,158.4141,563.45,69.5399,316.5833333,33.11333333,66.20833333
16-05-2021 14:00,6,24.055,10.67,56.07636667,846.894,21.20386667,405.2266667,34.77,60.76166667
16-05-2021 15:00,1,26.96833333,11.54333333,146.0472,820.918,143.1574667,243.66,32.50166667,65.27833333
16-05-2021 15:00,2,33.47,9.765,125.3048333,0.0,64.929,327.0633333,32.55666667,68.425
16-05-2021 15:00,3,0.0,8.396666667,74.03781667,453.816,30.73933333,320.5133333,33.60166667,62.38833333
16-05-2021 15:00,4,25.945,11.66,62.48883333,622.087,28.9828,295.6233333,20.4,12.5
16-05-2021 15:00,5,18.415,9.15,85.61951667,655.321,41.65493333,348.46,33.58166667,59.87166667
16-05-2021 15:00,6,21.55333333,9.853333333,73.15446667,662.388,52.94693333,357.1933333,33.36333333,64.965
16-05-2021 16:00,1,29.05166667,12.33,135.34885,840.591,143.7848,242.7866667,32.10166667,69.04666667
16-05-2021 16:00,2,33.45666667,9.708333333,112.18545,0.0,59.1889,341.4733333,32.00333333,69.0
16-05-2021 16:00,3,0.0,8.52,93.8314,656.658,61.19636667,302.1733333,32.70333333,66.56
16-05-2021 16:00,4,25.55,11.63166667,90.46158333,804.874,61.76096667,299.99,20.4,12.5
16-05-2021 16:00,5,19.65333333,9.716666667,107.5724,816.143,61.32183333,358.0666667,32.65666667,66.07
16-05-2021 16:00,6,23.64166667,9.945,105.6748333,1340.629,112.8259,416.58,32.37666667,68.99333333
16-05-2021 17:00,1,22.895,10.15666667,115.9805833,880.51,132.2105,232.7433333,31.57333333,69.51333333
16-05-2021 17:00,2,33.03,9.568333333,124.1270333,0.0,65.4936,326.19,31.35333333,72.52666667
16-05-2021 17:00,3,0.0,8.238461538,91.61925,859.9407692,59.53634615,307.85,32.06730769,69.45769231
16-05-2021 17:00,4,26.8,12.295,83.06761667,968.179,54.70346667,296.9333333,20.4,12.5
16-05-2021 17:00,5,19.61333333,9.76,111.59655,920.811,64.70943333,365.0533333,32.01833333,68.76666667
16-05-2021 17:00,6,21.985,9.808333333,104.52975,1457.33,112.5749667,420.51,31.835,72.44833333
16-05-2021 18:00,1,24.13666667,10.75,122.98195,946.405,161.0364667,235.8,30.88333333,72.96333333
16-05-2021 18:00,2,35.92068966,11.70689655,123.1613276,0.0,71.97027586,341.9551724,30.54655172,75.63103448
16-05-2021 18:00,3,0.0,8.061666667,88.23685,873.634,64.1762,290.3833333,31.07166667,71.50666667
16-05-2021 18:00,4,29.18833333,12.92166667,85.12876667,1167.965,62.32556667,309.16,20.4,12.5
16-05-2021 18:00,5,19.91833333,9.82,123.37455,997.402,75.53093333,344.53,30.89,74.92666667
16-05-2021 18:00,6,20.10333333,9.788333333,99.3278,1086.408,111.0693667,319.2033333,30.855,75.1
16-05-2021 19:00,1,24.02166667,10.16,127.1369667,939.147,160.5659667,221.39,30.18333333,78.43333333
16-05-2021 19:00,2,40.10833333,14.86333333,112.2181667,0.0,75.24863333,379.9,30.28166667,77.005
16-05-2021 19:00,3,0.0,11.71333333,79.76323333,1113.912,59.40846667,306.9766667,31.005,72.33833333
16-05-2021 19:00,4,29.155,12.99,89.7091,1226.029,73.0216,299.1166667,20.4,12.5
16-05-2021 19:00,5,19.10166667,9.495,116.5367667,1204.637,75.87596667,364.18,30.65833333,75.79
16-05-2021 19:00,6,24.14666667,10.49666667,95.17278333,1559.897,115.5861667,385.5766667,30.57,76.19166667
16-05-2021 20:00,1,23.55333333,10.335,113.5268333,885.858,148.5211667,206.98,29.69833333,81.00166667
16-05-2021 20:00,2,35.925,11.6,116.7330667,0.0,73.5862,327.9366667,30.07333333,79.85666667
16-05-2021 20:00,3,0.0,10.53333333,82.446,1245.118947,62.03996491,322.2140351,30.62982456,74.55789474
16-05-2021 20:00,4,26.62166667,11.89833333,94.87833333,923.485,72.61383333,238.42,20.4,12.5
16-05-2021 20:00,5,19.49166667,9.613333333,115.3589667,1370.043,76.8797,382.9566667,30.55166667,77.97833333
16-05-2021 20:00,6,35.185,11.63,100.3093,2315.684,126.5331333,532.2966667,30.59666667,78.245
16-05-2021 21:00,1,23.04833333,10.10666667,110.81135,808.121,146.8273667,183.4,29.44333333,82.53833333
16-05-2021 21:00,2,34.45964912,10.55789474,114.1295088,0.0,75.37905263,289.1192982,29.8,82.81754386
16-05-2021 21:00,3,0.0,8.72,84.11455,1026.243,62.45103333,270.2966667,30.63166667,76.955
16-05-2021 21:00,4,24.65166667,11.26833333,82.87131667,910.688,67.03056667,228.3766667,20.4,12.5
16-05-2021 21:00,5,17.86333333,8.848333333,102.3050167,1149.247,72.11196667,361.1233333,30.39166667,78.58833333
16-05-2021 21:00,6,21.69833333,9.48,87.90968333,1411.49,109.2814667,353.2633333,30.45166667,79.16833333
16-05-2021 22:00,1,45.59833333,17.845,97.9537,1044.579,153.4143667,209.1633333,29.295,83.505
16-05-2021 22:00,2,33.43833333,10.06166667,96.5796,0.0,67.06193333,264.62,29.76333333,82.17166667
16-05-2021 22:00,3,0.0,7.675,63.7975,831.232,52.57053333,234.9266667,30.45,76.485
16-05-2021 22:00,4,25.76166667,11.77666667,77.86566667,836.771,68.0343,218.77,20.4,12.5
16-05-2021 22:00,5,16.66833333,8.326666667,84.86703333,731.721,63.8939,291.6933333,30.17333333,78.42333333
16-05-2021 22:00,6,25.115,10.61333333,79.5015,1196.997,111.9476333,310.9066667,30.13333333,79.49
16-05-2021 23:00,1,62.62833333,25.44666667,80.94103333,1116.013,144.2239333,223.1366667,29.265,83.715
16-05-2021 23:00,2,35.78,12.115,84.8016,0.0,65.4936,241.04,29.83,82.49
16-05-2021 23:00,3,0.0,6.148333333,50.08921667,668.5,39.49063333,203.9233333,30.49,77.33166667
16-05-2021 23:00,4,25.00166667,11.59666667,73.0236,644.243,65.80726667,180.78,20.4,12.5
16-05-2021 23:00,5,15.82833333,8.055,87.9424,461.647,63.3293,242.7866667,30.05666667,79.95333333
16-05-2021 23:00,6,21.63833333,10.33666667,80.90831667,644.816,107.1799,200.43,29.94,81.52666667
17-05-2021 00:00,1,39.30833333,15.26166667,89.74181667,937.428,156.1119,204.36,29.20333333,84.71666667
17-05-2021 00:00,2,37.64166667,12.88666667,66.41483333,0.0,61.51003333,242.7866667,29.70833333,83.41833333
17-05-2021 00:00,3,0.0,8.721666667,68.01795,630.873,52.63326667,190.3866667,29.82666667,80.46333333
17-05-2021 00:00,4,25.4,11.58166667,75.01931667,592.673,65.90136667,164.1866667,20.4,12.5
17-05-2021 00:00,5,18.33166667,9.035,96.93948333,377.416,69.38306667,223.5733333,29.795,82.17666667
17-05-2021 00:00,6,16.68333333,8.701666667,82.93675,527.16,101.0634,167.68,29.82333333,82.87
17-05-2021 01:00,1,20.22666667,9.04,95.17278333,726.182,155.265,158.0733333,29.39,84.01
17-05-2021 01:00,2,35.235,11.37,66.21853333,0.0,60.6945,233.6166667,29.545,83.54333333
17-05-2021 01:00,3,0.0,14.04655172,64.10210345,652.232069,56.91427586,183.4,29.41551724,81.70344828
17-05-2021 01:00,4,24.575,11.36,72.0421,547.597,61.165,160.2566667,20.4,12.5
17-05-2021 01:00,5,18.22166667,8.856666667,89.3165,513.408,68.25386667,260.69,29.675,83.175
17-05-2021 01:00,6,17.72166667,9.188333333,68.60685,520.857,90.17916667,169.4266667,29.70666667,83.15333333
17-05-2021 02:00,1,23.09833333,9.261666667,97.43023333,696.577,161.0992,155.89,29.14166667,85.73666667
17-05-2021 02:00,2,35.3,11.22666667,80.18855,0.0,67.90883333,249.7733333,29.34833333,84.69666667
17-05-2021 02:00,3,0.0,7.0,60.91843333,595.92,53.22923333,179.9066667,29.475,80.76333333
17-05-2021 02:00,4,26.1,11.79,64.35368333,549.125,55.58173333,161.13,20.4,12.5
17-05-2021 02:00,5,16.51166667,8.246666667,82.70773333,500.038,60.85133333,275.9733333,29.46333333,83.12666667
17-05-2021 02:00,6,15.07666667,8.346666667,69.78465,492.207,91.43383333,156.7633333,29.58666667,82.71833333
17-05-2021 03:00,1,28.96,11.68333333,95.30365,725.609,151.5323667,169.8633333,28.86666667,88.02166667
17-05-2021 03:00,2,36.375,11.94,72.30383333,0.0,66.46596667,249.3366667,29.3,84.68666667
17-05-2021 03:00,3,0.0,8.638333333,60.62398333,634.311,56.1777,182.09,29.36166667,81.50166667
17-05-2021 03:00,4,21.315,9.978333333,62.06351667,563.068,54.82893333,157.2,20.4,12.5
17-05-2021 03:00,5,16.275,8.228333333,76.62243333,517.992,58.68703333,274.6633333,29.53166667,82.63333333
17-05-2021 03:00,6,15.07333333,7.92,69.2939,506.723,93.09626667,158.0733333,29.54833333,82.58833333
17-05-2021 04:00,1,46.935,19.44833333,109.7971333,888.341,177.2530333,195.19,28.19666667,92.78
17-05-2021 04:00,2,34.15333333,10.68333333,72.86001667,0.0,66.27776667,266.3666667,29.35333333,84.52666667
17-05-2021 04:00,3,0.0,5.291666667,64.28825,594.965,55.73856667,179.47,29.535,80.76166667
17-05-2021 04:00,4,43.04833333,15.47833333,70.04638333,613.492,67.9402,160.6933333,20.4,12.5
17-05-2021 04:00,5,14.84,7.673333333,73.74336667,509.015,57.33826667,258.5066667,29.60333333,82.34
17-05-2021 04:00,6,17.635,8.135,69.26118333,714.913,97.33076667,194.7533333,29.56833333,82.87166667
17-05-2021 05:00,1,61.83833333,26.46166667,112.7089167,1117.732,180.7974667,239.73,27.74333333,94.88333333
17-05-2021 05:00,2,36.05,12.07,65.59691667,0.0,61.79233333,302.1733333,29.29333333,84.87666667
17-05-2021 05:00,3,0.0,14.86833333,60.6567,1012.682,57.99696667,248.4633333,28.84666667,85.43666667
17-05-2021 05:00,4,60.43166667,23.34833333,78.58543333,906.677,81.7729,206.98,20.4,12.5
17-05-2021 05:00,5,14.01833333,7.331666667,88.82575,1205.21,74.1508,370.73,29.42333333,84.31
17-05-2021 05:00,6,18.275,8.905,73.93966667,1145.618,112.7945333,290.3833333,29.49166667,83.72833333
17-05-2021 06:00,1,49.15833333,21.86833333,111.5311167,1282.756,177.1275667,272.0433333,27.51166667,94.94666667
17-05-2021 06:00,2,35.18333333,11.62666667,79.04346667,0.0,54.92303333,275.9733333,27.35166667,90.85166667
17-05-2021 06:00,3,0.0,37.60833333,52.87013333,1377.874,46.9559,307.4133333,27.19666667,92.385
17-05-2021 06:00,4,70.41833333,31.22333333,81.88981667,1355.145,77.0679,283.3966667,20.4,12.5
17-05-2021 06:00,5,14.155,7.8,103.4501,1078.004,70.4809,324.0066667,27.295,91.70666667
17-05-2021 06:00,6,20.22,10.32,86.372,1148.101,109.0305333,263.7466667,27.53166667,91.225
17-05-2021 07:00,1,35.88,16.00333333,97.43023333,1669.34,157.5234,330.9933333,28.31833333,92.00833333
17-05-2021 07:00,2,60.385,23.77333333,149.28615,0.0,98.20903333,296.4966667,26.68166667,92.975
17-05-2021 07:00,3,0.0,5.666666667,125.0103833,1381.885,95.38603333,268.1133333,26.62,92.74666667
17-05-2021 07:00,4,28.85666667,13.98666667,87.51708333,1671.441,70.63773333,328.3733333,20.4,12.5
17-05-2021 07:00,5,15.09166667,8.516666667,139.5365833,1876.002,88.3599,422.6933333,27.59833333,88.48833333
17-05-2021 07:00,6,14.30333333,8.76,125.9591667,1644.892,143.7848,307.4133333,26.98833333,91.57833333
17-05-2021 09:00,1,41.155,17.89333333,44.23293333,825.12,52.7901,206.1066667,32.00166667,74.75166667
17-05-2021 09:00,2,29.88666667,8.256666667,75.90266667,0.0,38.1105,314.4,31.71833333,73.88833333
17-05-2021 09:00,3,0.0,6.295,62.52155,1330.888,33.3114,327.9366667,31.02666667,73.63333333
17-05-2021 09:00,4,28.37,12.94666667,43.41501667,899.992,18.88273333,238.8566667,20.4,12.5
17-05-2021 09:00,5,21.86,10.40333333,20.67693333,1415.119,3.9522,536.2266667,33.39833333,66.455
17-05-2021 09:00,6,18.96,9.83,99.16421667,2387.882,89.80276667,519.6333333,31.40666667,73.02833333
17-05-2021 10:00,1,38.12333333,16.795,57.58133333,730.384,40.71393333,197.81,33.63666667,67.72
17-05-2021 10:00,2,30.06166667,7.806666667,71.09331667,0.0,29.3592,332.74,33.51166667,64.88333333
17-05-2021 10:00,3,0.0,7.886666667,76.03353333,1111.429,27.60266667,304.3566667,32.82666667,67.75666667
17-05-2021 10:00,4,32.72,14.91,52.15036667,894.071,16.4675,251.52,20.4,12.5
17-05-2021 10:00,5,23.80333333,11.73833333,42.89155,948.506,3.136666667,465.4866667,35.00333333,60.09333333
17-05-2021 10:00,6,27.92,10.785,101.0617833,1582.244,76.0328,365.0533333,32.16333333,69.65833333
17-05-2021 11:00,1,26.65166667,11.865,36.74081667,623.615,3.764,215.2766667,35.485,59.76666667
17-05-2021 11:00,2,32.32833333,9.073333333,79.5015,0.0,24.6542,309.16,34.01,61.64666667
17-05-2021 11:00,3,0.0,10.68813559,76.29083051,1035.478983,20.47871186,311.2915254,33.39152542,65.43220339
17-05-2021 11:00,4,38.98,17.17166667,67.06916667,918.519,11.54293333,254.5766667,20.4,12.5
17-05-2021 11:00,5,24.01166667,11.86333333,123.0801,1145.809,27.32036667,453.26,34.66333333,60.33833333
17-05-2021 11:00,6,31.37758621,11.67586207,82.34446552,1637.792069,64.31248276,416.9413793,33.33965517,64.68103448
17-05-2021 12:00,1,30.42666667,13.54166667,80.25398333,664.107,24.9365,223.5733333,35.04166667,59.72666667
17-05-2021 12:00,2,31.76,8.81,71.48591667,0.0,19.3846,328.81,34.42333333,61.85333333
17-05-2021 12:00,3,0.0,9.635,77.44035,908.778,18.94546667,300.4266667,33.64666667,63.93833333
17-05-2021 12:00,4,29.39166667,13.37166667,59.54433333,747.001,2.509333333,255.45,20.4,12.5
17-05-2021 12:00,5,19.00166667,9.64,143.5607333,687.6,44.00743333,376.8433333,33.80666667,63.73833333
17-05-2021 12:00,6,22.53,9.783333333,77.50578333,865.039,55.17396667,280.7766667,33.605,64.24333333
17-05-2021 13:00,1,23.35333333,10.66333333,123.8325833,749.675,98.83636667,236.2366667,33.67166667,66.57
17-05-2021 13:00,2,33.2137931,9.715517241,98.55613793,0.0,30.79341379,325.2413793,33.06034483,67.41896552
17-05-2021 13:00,3,0.0,8.335,89.74181667,915.272,36.10303333,326.19,32.12666667,72.92166667
17-05-2021 13:00,4,35.75666667,15.635,117.2238167,774.123,55.36216667,238.8566667,20.4,12.5
17-05-2021 13:00,5,17.90333333,8.855,161.7184833,842.31,75.02906667,344.0933333,30.775,77.24333333
17-05-2021 13:00,6,21.01320755,9.622641509,88.8535283,986.6411321,72.29720755,335.1622642,31.79433962,73.75283019
17-05-2021 14:00,1,20.49666667,9.128333333,94.38758333,743.945,90.9006,247.1533333,33.825,65.98166667
17-05-2021 14:00,2,34.48,10.255,162.1765167,0.0,86.03876667,269.4233333,30.36833333,79.17666667
17-05-2021 14:00,3,0.0,16.41166667,158.4141,1131.866,103.8864,218.77,28.49333333,84.04333333
17-05-2021 14:00,4,37.46666667,16.45333333,154.5535333,1589.311,108.7168667,317.4566667,20.4,12.5
17-05-2021 14:00,5,23.025,9.805,183.6059333,2049.239,113.1395667,515.2666667,30.93833333,79.23833333
17-05-2021 14:00,6,19.81333333,9.666666667,125.9918833,1448.926,131.8654667,381.21,31.01333333,78.48333333
17-05-2021 15:00,1,19.74666667,8.833333333,122.9492333,738.979,128.3210333,217.8966667,31.85666667,70.35666667
17-05-2021 15:00,2,32.33166667,8.62,60.42768333,0.0,30.4884,327.0633333,32.865,66.475
17-05-2021 15:00,3,0.0,7.836666667,93.40608333,1011.727,60.94543333,282.96,32.06666667,71.75
17-05-2021 15:00,4,19.59333333,9.328333333,59.05358333,783.482,33.24866667,230.56,20.4,12.5
17-05-2021 15:00,5,17.94666667,8.273333333,83.55836667,1074.566,48.05373333,397.8033333,32.05833333,69.99
17-05-2021 15:00,6,18.73166667,8.463333333,49.20586667,1153.258,42.345,382.9566667,32.51666667,68.565
17-05-2021 16:00,1,21.03166667,9.248333333,146.2107833,858.163,176.4061333,217.46,30.695,74.98
17-05-2021 16:00,2,33.66415094,9.175471698,112.7799057,0.0,51.66622642,322.309434,31.08301887,74.24150943
17-05-2021 16:00,3,0.0,5.8,73.12175,1105.317,48.21056667,313.09,31.17666667,72.43
17-05-2021 16:00,4,28.69833333,11.85333333,71.28961667,918.901,54.9544,231.87,20.4,12.5
17-05-2021 16:00,5,17.17166667,8.225,96.44873333,1274.734,62.07463333,409.1566667,31.18,72.645
17-05-2021 16:00,6,18.99,8.421666667,81.03918333,1359.729,86.8543,396.4933333,31.23833333,72.27833333
17-05-2021 17:00,1,25.56833333,11.27,166.7241333,1074.566,204.8557,257.6333333,28.87333333,88.08666667
17-05-2021 17:00,2,34.425,10.01833333,133.2877,0.0,72.01786667,364.18,30.53666667,76.32666667
17-05-2021 17:00,3,0.0,6.613333333,89.21835,1322.675,63.3293,340.6,30.86333333,73.33666667
17-05-2021 17:00,4,23.29166667,10.62,77.24405,1143.899,66.59143333,267.6766667,20.4,12.5
17-05-2021 17:00,5,19.39833333,9.03,109.8952833,2088.012,77.38156667,545.3966667,30.825,75.08333333
17-05-2021 17:00,6,21.8,9.021666667,99.16421667,2276.147,115.4920667,559.8066667,30.73666667,75.60166667
17-05-2021 18:00,1,39.415,17.135,154.8807,1606.883,219.0648,330.12,28.46166667,93.62333333
17-05-2021 18:00,2,35.05344828,10.64137931,110.6387414,0.0,73.13841379,393.0,30.48448276,76.03103448
17-05-2021 18:00,3,0.0,21.945,105.0205,1547.1,76.84833333,352.39,29.34,78.54833333
17-05-2021 18:00,4,31.80857143,13.99714286,94.56051429,1232.768571,84.58245714,275.4742857,20.4,12.5
17-05-2021 18:00,5,17.55833333,8.738333333,107.965,2015.05,75.5623,531.4233333,30.61,76.84333333
17-05-2021 18:00,6,27.91923077,9.871153846,94.03525,3060.040385,120.3032308,559.8066667,30.6,77.475
17-05-2021 19:00,1,80.74,27.38333333,124.74865,1807.051,177.0334667,354.1366667,28.03333333,91.46333333
17-05-2021 19:00,2,39.46333333,14.55333333,126.9406667,0.0,83.9372,442.3433333,29.465,82.80666667
17-05-2021 19:00,3,0.0,14.98833333,119.64485,1479.486,89.23816667,334.05,28.445,83.09833333
17-05-2021 19:00,4,66.19833333,29.01666667,104.0062833,1397.547,88.2658,294.75,20.4,12.5
17-05-2021 19:00,5,25.765,12.31666667,116.8639333,1751.47,78.73033333,468.1066667,29.60166667,80.68666667
17-05-2021 19:00,6,39.66833333,17.42333333,99.88398333,2051.531,119.2560667,482.9533333,29.01666667,83.08
17-05-2021 20:00,1,97.84833333,32.04666667,141.0742667,1569.829,204.4479333,292.13,27.75833333,91.54666667
17-05-2021 20:00,2,41.38333333,15.735,142.02305,0.0,103.0081333,533.17,29.34666667,85.03666667
17-05-2021 20:00,3,0.0,21.36833333,114.0830167,1976.468,101.7848333,415.27,29.07,82.08666667
17-05-2021 20:00,4,78.34666667,31.36,99.7204,1849.262,97.70716667,376.8433333,20.4,12.5
17-05-2021 20:00,5,24.17166667,11.37333333,113.6904167,1776.109,90.02233333,465.05,29.835,80.16
17-05-2021 20:00,6,43.14666667,15.64666667,98.37901667,4014.056,139.9267,482.9533333,29.71166667,81.5
17-05-2021 21:00,1,148.2066667,41.61,124.35605,1967.873,194.8811,400.86,27.95666667,91.43833333
17-05-2021 21:00,2,34.81333333,9.93,107.6051167,0.0,83.8431,335.7966667,29.66,82.30333333
17-05-2021 21:00,3,0.0,26.85166667,95.53266667,2249.216,97.92673333,472.91,30.02,78.73666667
17-05-2021 21:00,4,102.6783333,39.03,89.83996667,1495.339,97.14256667,324.0066667,20.4,12.5
17-05-2021 21:00,5,21.47333333,10.175,90.298,1080.869,73.52346667,358.0666667,29.96833333,79.05333333
17-05-2021 21:00,6,31.315,11.00333333,70.37355,2085.338,100.0596667,510.0266667,30.21666667,77.625
17-05-2021 22:00,1,118.8816667,36.52333333,106.7544833,1706.585,177.3471333,374.2233333,27.875,90.96333333
17-05-2021 22:00,2,37.645,10.935,97.9537,0.0,79.95363333,310.0333333,29.65,81.44833333
17-05-2021 22:00,3,0.0,31.89166667,91.31221667,2330.009,93.50403333,507.8433333,29.735,80.25666667
17-05-2021 22:00,4,116.2283333,44.76333333,79.53421667,1373.672,88.8304,313.9633333,20.4,12.5
17-05-2021 22:00,5,44.75666667,17.66333333,98.90248333,1235.006,87.1366,377.7166667,29.76666667,81.545
17-05-2021 22:00,6,53.71,19.25166667,81.00646667,2430.475,124.4943,575.09,29.87,81.03333333
17-05-2021 23:00,1,100.195,32.305,106.2637333,1463.442,175.4651333,322.6966667,27.69666667,91.11
17-05-2021 23:00,2,87.47833333,52.20833333,102.2395833,0.0,85.75646667,461.9933333,28.32833333,88.23166667
17-05-2021 23:00,3,0.0,47.80847458,79.65122034,1793.004407,84.88138983,417.8677966,28.98474576,83.64745763
17-05-2021 23:00,4,82.31833333,31.92,74.75758333,969.707,83.15303333,241.4766667,20.4,12.5
17-05-2021 23:00,5,45.06,17.3,97.43023333,774.314,86.44653333,293.44,29.46666667,82.35833333
17-05-2021 23:00,6,53.455,19.33166667,76.62243333,1443.196,122.0790667,374.66,29.83833333,80.75666667
18-05-2021 00:00,1,90.84333333,31.75333333,101.6179667,1519.787,171.2306333,328.81,27.34333333,93.17333333
18-05-2021 00:00,2,77.65833333,45.60333333,111.6947,0.0,93.03353333,411.34,27.59166667,91.19333333
18-05-2021 00:00,3,0.0,52.105,82.77316667,1317.9,84.8782,316.5833333,28.045,86.635
18-05-2021 00:00,4,76.64,30.685,76.68786667,743.754,80.89463333,196.5,20.4,12.5
18-05-2021 00:00,5,39.78666667,16.08333333,104.1044333,499.847,86.60336667,245.4066667,29.13166667,83.81333333
18-05-2021 00:00,6,104.0616667,43.44333333,87.1572,1718.236,130.0148333,435.7933333,28.38833333,88.22166667
18-05-2021 01:00,1,78.45166667,28.985,94.32215,1274.543,160.3777667,285.58,27.035,93.17666667
18-05-2021 01:00,2,43.63,18.76166667,95.69625,0.0,67.72063333,244.97,26.995,90.725
18-05-2021 01:00,3,0.0,42.74655172,84.61206897,1091.861379,79.10889655,259.7413793,27.07586207,90.15172414
18-05-2021 01:00,4,101.5366667,39.57,77.57121667,732.485,83.5608,196.5,20.4,12.5
18-05-2021 01:00,5,59.73833333,26.24166667,85.71766667,1094.812,80.39276667,377.28,29.12666667,83.7
18-05-2021 01:00,6,68.89666667,31.195,84.50715,1074.184,120.3852667,296.9333333,27.91666667,89.11666667
18-05-2021 02:00,1,92.51,34.39166667,94.64931667,1325.731,163.7026333,303.92,26.82666667,94.48333333
18-05-2021 02:00,2,29.01333333,6.896666667,101.3562333,0.0,63.7998,166.37,26.65666667,89.79833333
18-05-2021 02:00,3,0.0,7.75,99.16421667,544.732,79.35766667,131.0,25.63166667,93.80666667
18-05-2021 02:00,4,95.155,37.475,64.64813333,878.218,67.53243333,229.6866667,20.4,12.5
18-05-2021 02:00,5,13.9,7.39,85.06333333,389.258,53.69973333,251.9566667,27.35166667,87.06
18-05-2021 02:00,6,13.09333333,7.818333333,83.59108333,403.201,103.3531667,135.8033333,26.875,90.76833333
18-05-2021 03:00,1,99.08,35.78333333,94.0277,1128.619,161.7265333,265.93,27.25666667,92.97833333
18-05-2021 03:00,2,30.25,7.996666667,106.68905,0.0,70.44953333,170.3,26.47333333,91.48333333
18-05-2021 03:00,3,0.0,4.583333333,100.21115,528.879,81.6788,133.62,25.86666667,93.865
18-05-2021 03:00,4,20.97,10.25833333,66.44755,380.281,53.98203333,133.1833333,20.4,12.5
18-05-2021 03:00,5,13.08833333,7.24,112.7089167,742.226,76.3151,308.2866667,26.57666667,92.295
18-05-2021 03:00,6,10.27333333,6.995,92.13013333,400.336,109.8460667,111.7866667,26.48166667,92.32333333
18-05-2021 04:00,1,24.685,10.40333333,101.9124167,617.694,161.9461,133.62,26.745,92.805
18-05-2021 04:00,2,30.77833333,8.211666667,110.0915833,0.0,69.8222,183.4,26.44166667,92.52666667
18-05-2021 04:00,3,0.0,4.631666667,89.87268333,586.752,76.75423333,144.1,26.22666667,92.51166667
18-05-2021 04:00,4,22.92833333,10.90833333,75.64093333,437.772,60.9768,128.8166667,20.4,12.5
18-05-2021 04:00,5,13.115,6.891666667,102.95935,514.363,71.8924,231.87,26.77,91.84333333
18-05-2021 04:00,6,11.98,7.331666667,83.95096667,492.971,105.2665333,132.7466667,26.73666667,91.99
18-05-2021 05:00,1,19.35666667,8.561666667,108.4230333,678.814,160.4091333,144.9733333,25.85333333,95.91166667
18-05-2021 05:00,2,29.885,7.713333333,115.71885,0.0,76.91106667,277.2833333,26.36333333,92.195
18-05-2021 05:00,3,0.0,4.343333333,86.83003333,793.796,76.37783333,184.2733333,26.36,91.08666667
18-05-2021 05:00,4,21.49666667,10.19666667,80.25398333,588.28,65.71316667,143.2266667,20.4,12.5
18-05-2021 05:00,5,14.27666667,7.24,99.88398333,546.26,72.89613333,213.9666667,26.71833333,91.53833333
18-05-2021 05:00,6,11.04833333,6.986666667,83.85281667,759.798,107.6817667,179.0333333,26.64166667,91.665
18-05-2021 06:00,1,18.065,8.086666667,97.72468333,892.734,146.2941333,179.47,26.46833333,92.67
18-05-2021 06:00,2,34.09833333,10.73833333,95.04191667,0.0,71.516,355.4466667,28.655,83.55833333
18-05-2021 06:00,3,0.0,8.086666667,96.28515,1590.457,86.3838,334.9233333,27.56333333,87.23833333
18-05-2021 06:00,4,21.28333333,9.683333333,80.41756667,861.028,67.5638,187.7666667,20.4,12.5
18-05-2021 06:00,5,15.53666667,7.975,101.8797,1369.47,74.27626667,353.2633333,27.11166667,88.95166667
18-05-2021 06:00,6,25.50333333,10.40333333,91.70481667,3461.111,126.7527,179.0333333,27.32833333,90.30333333
18-05-2021 07:00,1,19.77333333,8.66,77.80023333,1051.646,107.8072333,212.6566667,28.81833333,82.12
18-05-2021 07:00,2,36.79,11.42,38.73653333,0.0,22.83493333,461.9933333,31.63,69.05833333
18-05-2021 07:00,3,0.0,9.16,91.18135,1750.706,68.44206667,374.2233333,28.97666667,81.065
18-05-2021 07:00,4,23.61833333,10.15833333,68.67228333,1164.145,53.19786667,252.83,20.4,12.5
18-05-2021 07:00,5,22.79333333,10.99833333,92.81718333,2277.675,61.5414,533.6066667,28.48,80.0
18-05-2021 07:00,6,18.66333333,8.983333333,84.24541667,2151.042,80.42413333,447.5833333,28.51666667,79.00166667
18-05-2021 08:00,1,19.08166667,8.578333333,59.34803333,782.527,63.95663333,183.4,30.72833333,74.08666667
18-05-2021 08:00,2,33.15166667,8.846666667,27.84188333,0.0,6.6811,401.7333333,32.9,64.11
18-05-2021 08:00,3,0.0,5.49,77.17861667,1357.246,40.11796667,328.3733333,30.98166667,71.13833333
18-05-2021 08:00,4,21.015,9.17,50.2528,835.816,23.74456667,226.1933333,20.4,12.5
18-05-2021 08:00,5,22.32166667,10.65833333,66.9383,2182.748,34.40923333,584.6966667,31.80666667,67.76333333
18-05-2021 08:00,6,24.63833333,9.43,103.4828167,3126.288,97.70716667,651.5066667,30.02,73.77
18-05-2021 09:00,1,21.77,8.873333333,26.63136667,515.7,18.09856667,182.09,32.815,66.655
18-05-2021 09:00,2,33.27666667,8.738333333,49.53303333,0.0,6.743833333,344.0933333,32.68833333,64.255
18-05-2021 09:00,3,0.0,7.733333333,94.224,1286.767,23.6191,317.4566667,33.035,63.93666667
18-05-2021 09:00,4,25.87666667,10.63833333,67.06916667,779.471,15.36966667,225.7566667,20.4,12.5
18-05-2021 09:00,5,18.54166667,9.298333333,39.71803333,1107.991,2.0702,477.2766667,33.78666667,60.86666667
18-05-2021 09:00,6,31.96,11.32833333,132.6333667,2768.545,92.5944,575.09,31.01666667,69.88833333
18-05-2021 10:00,1,22.06,9.831666667,47.40645,510.543,16.938,186.8933333,33.71833333,62.37
18-05-2021 10:00,2,32.78,8.895,88.89118333,0.0,21.23523333,322.6966667,33.75166667,61.035
18-05-2021 10:00,3,0.0,7.343333333,90.16713333,1060.814,11.63703333,313.09,33.08,63.00666667
18-05-2021 10:00,4,24.10338983,10.31864407,76.22428814,601.7471186,16.90610169,208.2677966,20.4,12.5
18-05-2021 10:00,5,18.66166667,9.055,74.43041667,1090.992,6.994766667,495.6166667,34.56833333,58.17666667
18-05-2021 10:00,6,27.42,10.23333333,107.27795,1585.109,70.575,390.8166667,32.255,65.22666667
18-05-2021 11:00,1,33.66333333,14.77666667,100.9636333,628.199,34.84836667,179.0333333,34.76,58.345
18-05-2021 11:00,2,31.78166667,8.345,92.261,0.0,22.36443333,327.9366667,34.105,59.37666667
18-05-2021 11:00,3,0.0,5.471666667,93.79868333,859.118,24.05823333,296.4966667,33.80333333,60.58166667
18-05-2021 11:00,4,23.96666667,10.56166667,59.18445,635.266,4.861833333,256.76,20.4,12.5
18-05-2021 11:00,5,17.50166667,8.715,130.1469,1246.657,26.50483333,487.7566667,34.81666667,55.915
18-05-2021 11:00,6,21.95,8.827586207,92.46406897,1395.946552,57.33610345,382.1586207,32.82758621,61.95689655
18-05-2021 12:00,1,41.19166667,18.365,137.5408667,674.612,43.97606667,175.9766667,34.49166667,58.72666667
18-05-2021 12:00,2,29.83833333,7.138333333,77.9311,0.0,20.2315,351.5166667,34.73833333,57.53
18-05-2021 12:00,3,0.0,4.85,58.98815,588.662,3.0112,305.23,34.595,56.87
18-05-2021 12:00,4,18.355,9.0,46.19593333,458.782,0.0,265.4933333,20.4,12.5
18-05-2021 12:00,5,14.99,8.01,131.3574167,703.453,32.87226667,414.3966667,34.30666667,57.77333333
18-05-2021 12:00,6,18.63833333,8.193333333,83.46021667,791.695,49.08883333,277.2833333,33.43,60.89166667
18-05-2021 13:00,1,37.06,15.07166667,188.8078833,888.723,150.7482,201.74,31.63833333,70.73833333
18-05-2021 13:00,2,30.83584906,7.924528302,62.96415094,0.0,5.006830189,354.4415094,34.38490566,56.64528302
18-05-2021 13:00,3,0.0,4.97,62.16166667,637.176,7.967133333,329.6833333,34.19333333,59.11666667
18-05-2021 13:00,4,18.19152542,8.347457627,61.51842373,491.2261017,11.292,273.5457627,20.4,12.5
18-05-2021 13:00,5,15.02666667,7.638333333,148.30465,769.539,60.4122,386.45,33.54666667,60.31666667
18-05-2021 13:00,6,18.13166667,7.923333333,51.8232,819.199,30.04926667,336.2333333,34.13,58.475
18-05-2021 14:00,1,71.735,28.19,199.9642667,1051.073,207.9923667,224.8833333,29.53166667,81.97
18-05-2021 14:00,2,33.42166667,9.181666667,148.7954,0.0,58.68703333,299.99,31.835,67.07
18-05-2021 14:00,3,0.0,5.309433962,93.44620755,817.7683019,49.35811321,311.9283019,32.54150943,64.59245283
18-05-2021 14:00,4,44.28,16.975,126.3844833,893.307,81.89836667,255.45,20.4,12.5
18-05-2021 14:00,5,20.79833333,8.83,148.1737833,1063.297,80.23593333,396.93,31.915,68.53333333
18-05-2021 14:00,6,24.13166667,9.326666667,90.13441667,1088.127,81.2083,364.18,31.94666667,68.42333333
18-05-2021 15:00,1,58.5755102,23.90408163,145.8629184,884.9926531,159.8931837,207.9959184,30.0877551,78.50816327
18-05-2021 15:00,2,35.16166667,10.14,166.8877167,0.0,79.4204,279.9033333,31.10333333,71.49333333
18-05-2021 15:00,3,0.0,6.405660377,107.5205472,955.0720755,73.54003774,299.0754717,31.79433962,68.72641509
18-05-2021 15:00,4,37.595,14.9,97.5611,904.958,78.32256667,260.69,20.4,12.5
18-05-2021 15:00,5,18.135,8.496666667,119.8738667,1192.031,74.40173333,410.4666667,31.55833333,69.23166667
18-05-2021 15:00,6,26.57166667,9.568333333,97.43023333,1528.764,106.2075333,424.0033333,31.33166667,70.94666667
18-05-2021 16:00,1,34.8,12.7,109.928,1100.16,154.324,235.8,30.1,77.6
18-05-2021 16:00,2,35.4,10.26949153,150.6519322,0.0,72.60054237,296.6372881,30.79830508,73.07457627
18-05-2021 16:00,3,0.0,6.705660377,91.85358491,1151.189434,65.15981132,339.1169811,31.23018868,69.12830189
18-05-2021 16:00,4,33.865,14.80166667,81.03918333,933.99,70.1986,262.0,20.4,12.5
18-05-2021 16:00,5,20.53,8.87,113.95215,1502.597,74.8095,451.0766667,31.2,70.79
18-05-2021 16:00,6,27.26833333,10.26333333,89.7091,1550.538,96.79753333,420.51,30.95666667,71.715
18-05-2021 20:00,1,66.58823529,27.47254902,113.7385294,1101.732941,184.7681176,247.6156863,29.36862745,81.99803922
18-05-2021 20:00,2,38.32166667,13.725,127.88945,0.0,70.4809,280.34,29.65166667,79.39166667
18-05-2021 20:00,3,0.0,8.345,88.07326667,1197.952,76.75423333,298.68,30.12666667,75.825
18-05-2021 20:00,4,24.83,10.42333333,84.70345,1032.546,78.4794,253.2666667,20.4,12.5
18-05-2021 20:00,5,18.29166667,8.536666667,103.2210833,995.874,73.89986667,337.98,30.01333333,78.25333333
18-05-2021 20:00,6,22.26603774,9.503773585,81.5200566,1458.44717,109.4400755,364.3283019,30.01886792,78.57735849
18-05-2021 21:00,1,90.57454545,37.84727273,111.7839273,1126.830545,182.4855636,294.8690909,28.92,85.2
18-05-2021 21:00,2,46.00175439,18.04035088,120.8450351,0.0,80.52978947,290.9578947,29.3122807,81.59649123
18-05-2021 21:00,3,0.0,19.32666667,90.91961667,1162.426,82.36886667,287.3266667,29.49,78.97833333
18-05-2021 21:00,4,32.09666667,12.21833333,87.3535,1072.465,89.9596,249.3366667,20.4,12.5
18-05-2021 21:00,5,22.22333333,8.443333333,94.48573333,1159.179,70.63773333,364.6166667,30.01166667,78.44
18-05-2021 21:00,6,20.44333333,9.028333333,79.92681667,1045.534,108.0581667,292.13,29.90666667,79.4
18-05-2021 22:00,1,66.53166667,25.50666667,105.1513667,1373.29,181.5502667,334.9233333,28.485,88.12666667
18-05-2021 22:00,2,58.63,28.73333333,126.31905,0.0,88.01486667,294.75,28.55166667,85.38333333
18-05-2021 22:00,3,0.0,43.51166667,98.7389,880.892,90.74376667,205.67,28.44333333,82.695
18-05-2021 22:00,4,41.01166667,16.27333333,81.30091667,1076.094,88.0776,257.1966667,20.4,12.5
18-05-2021 22:00,5,29.515,13.00166667,87.84425,1264.611,75.81323333,386.8866667,30.00333333,79.03333333
18-05-2021 22:00,6,51.18166667,21.12833333,80.71201667,1202.536,121.2635333,326.19,29.15833333,82.81166667
18-05-2021 23:00,1,63.39666667,23.15833333,105.2495167,1427.916,181.0797667,338.8533333,28.355,89.46166667
18-05-2021 23:00,2,72.47833333,40.795,121.0516667,0.0,86.79156667,320.95,28.33166667,85.01666667
18-05-2021 23:00,3,0.0,45.39166667,87.05905,818.817,81.71016667,199.9933333,28.24,82.64333333
18-05-2021 23:00,4,86.31666667,35.27833333,76.09896667,1249.331,88.57946667,289.9466667,20.4,12.5
18-05-2021 23:00,5,46.61666667,20.80333333,80.483,1476.239,76.62876667,436.23,29.82833333,79.39666667
18-05-2021 23:00,6,45.92833333,19.25666667,82.67501667,1099.969,123.3337333,299.1166667,28.69333333,83.65
19-05-2021 00:00,1,86.98333333,32.18166667,97.59381667,1445.679,173.3635667,345.84,28.06333333,90.54666667
19-05-2021 00:00,2,72.65,41.02,117.2565333,0.0,82.18066667,322.6966667,27.93,86.15833333
19-05-2021 00:00,3,0.0,41.15,89.08748333,844.411,87.66983333,189.5133333,27.98833333,83.38166667
19-05-2021 00:00,4,89.32666667,37.44,74.85573333,1031.782,87.38753333,246.7166667,20.4,12.5
19-05-2021 00:00,5,51.54166667,23.62,84.31085,1073.42,76.06416667,377.7166667,29.45333333,80.02166667
19-05-2021 00:00,6,47.15333333,20.87,81.23548333,827.03,115.0215667,231.87,28.28333333,84.165
19-05-2021 01:00,1,81.13666667,32.17166667,95.69625,1396.401,171.6697667,328.3733333,27.78166667,90.87833333
19-05-2021 01:00,2,72.79,41.35,112.18545,0.0,80.4555,353.7,28.135,84.48833333
19-05-2021 01:00,3,0.0,36.45689655,72.59715517,861.4758621,78.33013793,186.562069,28.39310345,81.01896552
19-05-2021 01:00,4,75.84833333,33.185,63.76478333,750.439,70.44953333,209.1633333,20.4,12.5
19-05-2021 01:00,5,38.045,17.945,89.54551667,1199.862,73.1157,420.0733333,28.86666667,80.60333333
19-05-2021 01:00,6,25.9,12.36833333,77.80023333,555.81,102.6631,163.3133333,28.075,83.02166667
19-05-2021 02:00,1,91.85833333,35.415,94.12585,1199.671,169.7564,309.5966667,27.78333333,89.95666667
19-05-2021 02:00,2,69.33928571,39.45535714,104.9503929,0.0,74.60785714,311.125,28.24285714,83.56071429
19-05-2021 02:00,3,0.0,55.16964286,19.20935714,939.3107143,35.45553571,211.0035714,28.34642857,81.36071429
19-05-2021 02:00,4,95.11,40.73666667,65.3679,701.734,74.84086667,187.33,20.4,12.5
19-05-2021 02:00,5,35.19833333,16.555,85.45593333,1699.709,74.0567,561.99,28.725,80.62333333
19-05-2021 02:00,6,51.26333333,17.91666667,79.66508333,834.097,120.2598,202.6133333,28.00666667,83.79833333
19-05-2021 03:00,1,86.555,34.83833333,90.19985,1050.691,164.3299667,280.7766667,27.57833333,89.9
19-05-2021 03:00,2,53.52166667,26.37166667,105.2822333,0.0,71.45326667,268.55,28.03166667,84.12666667
19-05-2021 03:00,3,0.0,55.90754717,9.629811321,900.5830189,30.2185283,233.3283019,28.96792453,79.01320755
19-05-2021 03:00,4,115.13,49.46,68.08338333,851.287,79.20083333,214.4033333,20.4,12.5
19-05-2021 03:00,5,38.41666667,18.24833333,83.2312,1121.743,73.27253333,406.1,28.62333333,81.615
19-05-2021 03:00,6,71.435,21.28,73.8088,1098.25,117.7818333,268.9866667,28.05166667,84.16166667
19-05-2021 04:00,1,79.59666667,31.51833333,97.07035,1122.698,168.8467667,279.03,27.27333333,89.265
19-05-2021 04:00,2,58.42166667,31.19,100.9309167,0.0,70.35543333,369.42,28.135,82.985
19-05-2021 04:00,3,0.0,51.39166667,49.00956667,936.091,68.94393333,252.83,28.64333333,80.17833333
19-05-2021 04:00,4,118.925,51.06833333,69.6865,1021.85,82.5257,247.59,20.4,12.5
19-05-2021 04:00,5,51.735,23.58666667,78.35641667,765.719,77.5384,294.3133333,28.42666667,82.385
19-05-2021 04:00,6,92.84833333,27.19166667,77.27676667,1668.767,128.0701,383.3933333,28.07166667,84.32833333
19-05-2021 05:00,1,117.15,43.16833333,104.1698667,1592.176,177.1589333,378.59,27.02166667,92.32833333
19-05-2021 05:00,2,51.10333333,24.16,104.5951833,0.0,76.06416667,348.46,28.33333333,82.625
19-05-2021 05:00,3,0.0,50.76166667,23.03253333,1485.407,49.46523333,354.5733333,28.17666667,82.24166667
19-05-2021 05:00,4,127.4333333,49.83833333,76.78601667,1408.816,87.45026667,315.71,20.4,12.5
19-05-2021 05:00,5,68.62166667,29.98666667,87.05905,1451.791,83.78036667,417.89,28.36666667,83.60333333
19-05-2021 05:00,6,151.4083333,38.285,74.56128333,3578.576,126.4390333,135.8033333,27.94666667,85.85666667
19-05-2021 06:00,1,134.04,48.89333333,104.52975,1815.073,171.8893333,419.6366667,27.79166667,89.84833333
19-05-2021 06:00,2,70.96666667,37.15166667,100.9636333,0.0,77.41293333,508.7166667,29.51666667,79.99333333
19-05-2021 06:00,3,0.0,57.18666667,23.62143333,1714.034,49.24566667,416.58,29.59666667,77.93166667
19-05-2021 06:00,4,143.165,57.07166667,87.77881667,1771.907,90.39873333,385.5766667,20.4,12.5
19-05-2021 06:00,5,76.15,31.96833333,100.1457167,1831.308,87.7953,480.77,28.83166667,81.87666667
19-05-2021 06:00,6,99.73,34.63,82.54415,3946.824,130.8617333,111.7866667,28.56333333,83.52666667
19-05-2021 07:00,1,128.6339623,50.3754717,103.8908491,1637.915094,137.8831321,424.6377358,29.59811321,82.76415094
19-05-2021 07:00,2,85.675,51.13666667,115.1953833,0.0,64.0821,550.6366667,31.38833333,72.80833333
19-05-2021 07:00,3,0.0,54.89666667,78.22555,1823.286,72.30016667,448.02,30.585,75.98
19-05-2021 07:00,4,140.2933333,58.36333333,89.05476667,1485.407,67.8461,346.2766667,20.4,12.5
19-05-2021 07:00,5,81.94666667,35.78,105.6094,1850.79,72.70793333,488.63,30.03333333,77.74666667
19-05-2021 07:00,6,107.1216667,38.74666667,113.95215,5388.11,151.3441667,132.7466667,29.77666667,79.61666667
19-05-2021 08:00,1,82.28043478,32.65217391,97.85128261,989.2969565,93.93634783,281.3652174,30.95652174,77.05
19-05-2021 08:00,2,85.46666667,51.18166667,153.7683333,0.0,60.81996667,516.14,31.145,73.405
19-05-2021 08:00,3,0.0,39.72166667,70.37355,1096.722,39.77293333,338.4166667,31.79,71.2
19-05-2021 08:00,4,120.3383333,49.88333333,78.68358333,1178.852,47.92826667,306.9766667,20.4,12.5
19-05-2021 08:00,5,62.78166667,28.39166667,64.84443333,1767.132,37.64,555.8766667,32.53833333,68.50333333
19-05-2021 08:00,6,76.64833333,28.94333333,105.7402667,4223.965,115.1470333,179.0333333,31.05333333,73.83166667
19-05-2021 09:00,1,48.05576923,18.87115385,32.163,465.2319231,23.66976923,227.7384615,32.87692308,67.12307692
19-05-2021 09:00,2,63.69,34.25833333,137.70445,0.0,33.5937,394.31,33.05166667,65.195
19-05-2021 09:00,3,0.0,46.93333333,95.27093333,1163.19,24.7483,347.15,33.43,65.14666667
19-05-2021 09:00,4,56.41666667,23.95666667,48.38795,598.403,5.520533333,246.7166667,20.4,12.5
19-05-2021 09:00,5,62.83,28.15666667,74.2014,1191.649,9.9746,482.08,33.99,62.31666667
19-05-2021 09:00,6,65.96724138,23.86206897,111.7217759,2757.117931,91.24455172,648.2241379,31.84310345,68.75517241
19-05-2021 10:00,1,54.62631579,20.58245614,65.7432807,436.8873684,5.249789474,199.4877193,34.43684211,59.84385965
19-05-2021 10:00,2,47.55666667,21.29666667,111.20395,0.0,9.064966667,356.7566667,34.675,57.79166667
19-05-2021 10:00,3,0.0,38.91166667,108.0958667,1097.486,17.15756667,352.8266667,34.135,61.675
19-05-2021 10:00,4,52.02666667,22.165,53.42631667,551.417,0.062733333,265.0566667,20.4,12.5
19-05-2021 10:00,5,45.23333333,20.22333333,93.79868333,768.584,5.771466667,430.5533333,34.965,57.40333333
19-05-2021 10:00,6,72.58867925,27.73018868,149.3731887,1955.551698,88.52501887,441.9396226,32.36981132,66.59622642
19-05-2021 11:00,1,31.95283019,14.41320755,69.77909434,425.7498113,16.97350943,231.3509434,35.5754717,54.91886792
19-05-2021 11:00,2,45.17833333,19.72,125.4029833,0.0,6.6811,313.09,34.88833333,55.615
19-05-2021 11:00,3,0.0,51.17358491,147.3731509,1113.133585,35.04781132,315.8830189,33.74339623,63.26037736
19-05-2021 11:00,4,34.94333333,15.45166667,45.60703333,388.112,0.0,262.4366667,20.4,12.5
19-05-2021 11:00,5,40.55833333,19.19333333,94.74746667,1086.599,11.88796667,533.6066667,35.49166667,54.595
19-05-2021 11:00,6,50.21964286,19.84107143,131.2055179,1410.398571,73.90210714,371.0107143,32.93214286,62.75714286
19-05-2021 12:00,1,29.45,13.25166667,87.51708333,366.529,4.642266667,224.01,36.515,51.22166667
19-05-2021 12:00,2,48.26166667,21.96333333,146.4070833,0.0,15.65196667,294.75,34.99166667,54.73833333
19-05-2021 12:00,3,0.0,49.72833333,146.3089333,849.377,22.9604,282.96,33.81666667,61.945
19-05-2021 12:00,4,40.59333333,18.535,80.41756667,450.378,0.062733333,259.8166667,20.4,12.5
19-05-2021 12:00,5,43.005,20.56333333,175.39405,910.115,45.29346667,398.24,34.32166667,56.665
19-05-2021 12:00,6,44.07017544,18.07192982,123.0491053,1037.230526,53.2242807,301.9894737,33.86140351,58.16842105
19-05-2021 13:00,1,29.27457627,12.89661017,69.57005085,368.079661,5.901186441,267.3288136,36.86949153,47.66440678
19-05-2021 13:00,2,44.91454545,19.24545455,143.5488364,0.0,22.61821818,286.2945455,34.94,53.72363636
19-05-2021 13:00,3,0.0,39.50166667,144.4113667,856.826,52.57053333,226.1933333,30.28666667,75.55166667
19-05-2021 13:00,4,53.47166667,23.155,99.78583333,537.856,10.41373333,299.99,20.4,12.5
19-05-2021 13:00,5,52.12,23.92666667,169.2433167,870.387,42.5332,384.2666667,34.125,57.25333333
19-05-2021 13:00,6,54.01,22.17333333,118.4343333,1148.674,49.5907,350.6433333,33.49,59.505
19-05-2021 14:00,1,73.805,29.57,210.1064333,978.684,105.5488333,308.2866667,34.44166667,59.86666667
19-05-2021 14:00,2,53.66666667,26.42,203.1705,0.0,53.637,260.2533333,30.66833333,70.29166667
19-05-2021 14:00,3,0.0,18.42307692,160.55075,1024.127308,108.6131154,200.5307692,27.10961538,85.42884615
19-05-2021 14:00,4,53.98166667,23.395,124.35605,808.694,42.59593333,310.47,20.4,12.5
19-05-2021 14:00,5,39.14833333,18.39166667,199.8334,1981.625,82.808,534.0433333,31.67833333,68.24666667
19-05-2021 14:00,6,36.89166667,16.92,155.2405833,1140.079,106.2389,289.0733333,30.28166667,69.92333333
19-05-2021 15:00,1,48.26333333,18.31166667,200.1932833,808.312,167.0902333,258.07,30.32166667,72.43333333
19-05-2021 15:00,2,40.59833333,15.805,210.92435,0.0,85.56826667,180.78,27.75333333,81.77666667
19-05-2021 15:00,3,0.0,22.445,137.2791333,1006.379,88.70493333,212.6566667,28.06166667,81.08
19-05-2021 15:00,4,69.82,28.51166667,144.9021167,1078.004,62.3883,326.6266667,20.4,12.5
19-05-2021 15:00,5,43.01166667,18.57166667,183.24605,2317.976,85.66236667,566.7933333,30.56333333,72.155
19-05-2021 15:00,6,37.53166667,16.66833333,157.72705,1336.236,117.7191,312.6533333,29.80166667,74.27666667
19-05-2021 16:00,1,30.20188679,13.46981132,249.9676792,994.6415094,271.6116604,226.9018868,26.45471698,94.28113208
19-05-2021 16:00,2,34.26818182,9.513636364,173.9039545,0.0,82.20918182,208.4090909,27.74545455,74.70909091
19-05-2021 16:00,3,0.0,13.17619048,111.3301429,1016.12,83.25609524,232.0571429,27.14761905,80.16666667
19-05-2021 16:00,4,72.90943396,32.87358491,182.3738113,1071.401887,114.6244528,260.0226415,20.4,12.5
19-05-2021 16:00,5,25.64528302,11.22075472,152.6325094,2023.446792,90.97516981,501.2603774,29.2754717,74.90188679
19-05-2021 16:00,6,29.05454545,10.00454545,121.1706364,1361.656364,115.743,307.2545455,28.88181818,72.05
20-05-2021 02:00,1,65.41333333,26.50666667,101.19265,1447.398,172.9244333,308.7233333,26.56166667,94.06833333
20-05-2021 02:00,2,63.08214286,33.73392857,114.8705536,0.0,82.03503571,255.9178571,27.49464286,88.67142857
20-05-2021 02:00,3,0.0,28.51,18.8448,1060.623,35.0993,284.27,28.17,85.21833333
20-05-2021 02:00,4,107.6983333,48.22,75.11746667,782.718,79.73406667,205.2333333,20.4,12.5
20-05-2021 02:00,5,37.545,17.30333333,87.25535,1635.151,84.94093333,486.4466667,27.50833333,89.72166667
20-05-2021 02:00,6,51.57166667,21.71666667,77.9311,1337.573,133.0887667,319.2033333,26.985,93.64
20-05-2021 03:00,1,67.745,27.50833333,93.34065,1423.332,168.9722333,305.6666667,26.69833333,93.35833333
20-05-2021 03:00,2,53.515,26.53833333,113.2978167,0.0,80.67506667,241.04,27.44166667,88.295
20-05-2021 03:00,3,0.0,28.29833333,48.22436667,976.201,60.56903333,255.8866667,27.55,87.10166667
20-05-2021 03:00,4,103.075,45.80833333,74.23411667,862.556,80.89463333,214.4033333,20.4,12.5
20-05-2021 03:00,5,38.70166667,17.86166667,77.04775,1763.885,80.95736667,527.4933333,27.43333333,90.15833333
20-05-2021 03:00,6,65.155,24.47333333,74.29955,1401.558,129.1052,345.4033333,26.69166667,94.19333333
20-05-2021 04:00,1,90.00666667,34.03166667,90.72331667,1479.486,167.0275,347.15,26.56166667,93.61333333
20-05-2021 04:00,2,52.62833333,25.665,113.1996667,0.0,80.01636667,265.4933333,27.18666667,88.945
20-05-2021 04:00,3,0.0,38.82,24.50478333,1148.865,45.79533333,287.3266667,27.4,87.69333333
20-05-2021 04:00,4,136.2816667,59.96833333,69.52291667,1026.052,78.44803333,249.7733333,20.4,12.5
20-05-2021 04:00,5,44.90333333,20.40166667,73.25261667,2389.028,79.16946667,675.0866667,27.59166667,88.89
20-05-2021 04:00,6,57.84166667,24.19666667,73.67793333,1164.718,124.3688333,275.5366667,27.02833333,91.43
20-05-2021 05:00,1,94.19166667,34.925,87.22263333,1553.594,162.6048,363.3066667,26.4,94.605
20-05-2021 05:00,2,53.49833333,26.28166667,113.5268333,0.0,83.34123333,340.6,27.45166667,87.41
20-05-2021 05:00,3,0.0,55.895,20.48063333,1706.585,45.23073333,416.1433333,28.27833333,84.22666667
20-05-2021 05:00,4,171.39,74.88333333,65.72778333,1191.076,75.97006667,281.2133333,20.4,12.5
20-05-2021 05:00,5,42.38666667,19.08666667,85.1942,1941.133,81.3024,530.55,27.47666667,88.24666667
20-05-2021 05:00,6,73.14833333,24.94666667,81.56265,3111.199,135.9745,687.75,26.8,92.485
20-05-2021 06:00,1,88.38333333,34.90333333,88.46586667,1476.43,149.8072,345.4033333,27.415,90.01
20-05-2021 06:00,2,60.42833333,32.86,96.41601667,0.0,68.15976667,413.0866667,29.91666667,77.235
20-05-2021 06:00,3,0.0,65.40333333,41.84461667,2013.14,60.5063,463.74,28.23666667,84.88
20-05-2021 06:00,4,111.305,48.69666667,76.00081667,1380.548,79.07536667,306.1033333,20.4,12.5
20-05-2021 06:00,5,43.21833333,19.78166667,92.261,3404.766,84.5959,364.6166667,28.32166667,84.205
20-05-2021 06:00,6,66.63,24.26166667,89.87268333,4479.905,137.4487333,687.75,27.51,88.845
20-05-2021 07:00,1,83.41,34.14166667,99.85126667,1528.764,131.74,313.9633333,29.32,81.46833333
20-05-2021 07:00,2,65.65666667,37.15166667,69.58835,0.0,33.90736667,403.48,31.43166667,69.50833333
20-05-2021 07:00,3,0.0,45.72333333,76.88416667,1595.041,67.21876667,373.35,29.00666667,80.53333333
20-05-2021 07:00,4,102.8916667,45.275,92.62088333,1965.39,66.7169,397.3666667,20.4,12.5
20-05-2021 07:00,5,62.965,29.11666667,94.94376667,3246.236,58.0597,386.8866667,29.56666667,76.625
20-05-2021 07:00,6,48.37,22.00333333,102.3050167,2271.945,97.70716667,463.3033333,28.575,80.49666667
20-05-2021 08:00,1,79.19482759,33.81551724,105.1220345,1367.494138,98.22093103,274.6482759,31.40172414,71.47068966
20-05-2021 08:00,2,47.90166667,21.93,46.49038333,0.0,4.673633333,383.3933333,32.94166667,61.91166667
20-05-2021 08:00,3,0.0,26.33833333,62.2271,1139.506,38.61236667,314.4,30.395,73.01666667
20-05-2021 08:00,4,67.96779661,29.32033898,87.70284746,1632.564407,30.7499661,357.0305085,20.4,12.5
20-05-2021 08:00,5,39.575,17.20333333,41.94276667,1761.02,17.1262,581.64,31.25666667,67.17333333
20-05-2021 08:00,6,46.15666667,20.28833333,103.7772667,2194.017,80.23593333,461.12,29.78166667,73.46666667
20-05-2021 09:00,1,57.56607143,23.27857143,76.10130357,765.9782143,52.2255,212.4071429,33.06964286,64.48035714
20-05-2021 09:00,2,37.8,13.27833333,52.31395,0.0,6.241966667,378.1533333,33.30833333,59.46333333
20-05-2021 09:00,3,0.0,17.67333333,53.65533333,895.217,21.29796667,287.7633333,32.015,65.73833333
20-05-2021 09:00,4,39.91355932,16.88135593,45.11572881,832.1125424,1.658711864,283.759322,20.4,12.5
20-05-2021 09:00,5,30.55166667,14.21833333,20.4152,1317.709,6.837933333,579.4566667,33.58666667,59.18166667
20-05-2021 09:00,6,29.71,12.58166667,77.70208333,1489.8,72.39426667,369.42,31.28333333,66.24166667
20-05-2021 10:00,1,49.42592593,20.83888889,127.1587778,580.8522222,25.82522222,161.0814815,34.35,59.83333333
20-05-2021 10:00,2,33.29333333,9.651666667,85.29235,0.0,14.24046667,311.3433333,33.46833333,58.345
20-05-2021 10:00,3,0.0,10.02666667,45.57431667,657.231,8.0926,284.27,33.595,59.26666667
20-05-2021 10:00,4,39.93166667,16.70833333,62.65241667,585.415,0.313666667,244.5333333,20.4,12.5
20-05-2021 10:00,5,25.74166667,12.075,28.20176667,946.596,2.038833333,568.54,34.92166667,55.08333333
20-05-2021 10:00,6,22.78235294,9.945098039,67.7427451,927.8105882,55.94337255,281.0078431,31.9,62.97843137
20-05-2021 11:00,1,34.87166667,14.99666667,95.04191667,445.03,17.37713333,203.05,35.30833333,54.99
20-05-2021 11:00,2,35.43666667,11.13,112.6762,0.0,26.12843333,316.1466667,34.58666667,55.73
20-05-2021 11:00,3,0.0,7.56,38.73653333,549.698,3.3876,289.51,34.56333333,55.365
20-05-2021 11:00,4,40.775,17.305,84.04911667,622.469,0.407766667,255.45,20.4,12.5
20-05-2021 11:00,5,28.34,13.24666667,68.3124,784.819,6.0224,537.9733333,35.38,53.61166667
20-05-2021 11:00,6,23.64310345,10.31724138,84.91667241,812.8696552,67.45996552,252.9655172,32.76206897,60.20862069
20-05-2021 12:00,1,26.08833333,11.60166667,97.85555,474.253,15.056,221.39,36.14666667,51.68166667
20-05-2021 12:00,2,34.40333333,10.35833333,102.56675,0.0,20.95293333,310.47,35.17,53.355
20-05-2021 12:00,3,0.0,7.131666667,16.58735,456.681,0.0,330.5566667,35.61333333,51.30666667
20-05-2021 12:00,4,23.425,10.97333333,46.3268,455.917,0.062733333,279.9033333,20.4,12.5
20-05-2021 12:00,5,17.86166667,9.358333333,58.1048,586.37,4.2345,510.0266667,35.94333333,50.84166667
20-05-2021 12:00,6,21.765,9.43,49.2713,850.714,33.75053333,298.2433333,34.07,53.86
20-05-2021 13:00,1,24.21666667,10.73333333,91.77025,518.374,6.273333333,263.7466667,36.83833333,49.51166667
20-05-2021 13:00,2,33.59666667,9.275,71.71493333,0.0,6.1165,365.9266667,35.58833333,51.28333333
20-05-2021 13:00,3,0.0,6.363333333,13.18481667,452.288,0.0,399.9866667,36.24666667,49.27333333
20-05-2021 13:00,4,20.47333333,9.435,34.90868333,445.03,0.0,304.7933333,20.4,12.5
20-05-2021 13:00,5,17.67666667,8.216666667,92.68631667,535.755,34.94246667,416.58,34.75666667,52.69166667
20-05-2021 13:00,6,22.18,8.765,36.02105,685.881,15.46376667,300.8633333,35.54166667,49.465
20-05-2021 14:00,1,22.44909091,9.641818182,112.8903455,524.4512727,49.03465455,272.0036364,36.47818182,50.09636364
20-05-2021 14:00,2,32.77966102,8.86779661,65.77713559,0.0,2.488067797,406.3220339,36.20677966,50.05932203
20-05-2021 14:00,3,0.0,6.113333333,29.51043333,554.664,0.345033333,429.68,36.06333333,48.925
20-05-2021 14:00,4,19.79833333,8.625,38.40936667,491.443,0.3764,324.88,20.4,12.5
20-05-2021 14:00,5,15.715,7.518333333,86.24113333,594.201,39.2397,393.8733333,34.78,51.19833333
20-05-2021 14:00,6,25.48867925,9.518867925,0.518528302,986.8573585,0.0,528.4490566,37.40566038,45.03962264
20-05-2021 15:00,1,25.94255319,10.76170213,80.98419149,580.3148936,30.07195745,341.1574468,37.73191489,47.25319149
20-05-2021 15:00,2,33.4,9.153333333,82.90403333,0.0,6.273333333,418.3266667,35.945,51.45833333
20-05-2021 15:00,3,0.0,7.898333333,99.98213333,640.423,29.04553333,333.1766667,34.82833333,54.135
20-05-2021 15:00,4,25.77,10.07166667,75.51006667,648.063,9.8805,304.7933333,20.4,12.5
20-05-2021 15:00,5,19.86333333,9.488333333,88.66216667,987.47,38.2987,454.57,35.20833333,49.3
20-05-2021 15:00,6,27.54716981,10.47924528,8.074226415,1114.430943,0.0,656.4830189,37.25283019,45.10943396
20-05-2021 16:00,1,26.97118644,10.74745763,101.7432881,593.200678,93.55772881,307.7389831,35.60338983,52.26779661
20-05-2021 16:00,2,34.255,9.751666667,93.73325,0.0,12.26436667,431.4266667,35.66,52.37
20-05-2021 16:00,3,0.0,8.523333333,100.6691833,884.139,42.21953333,354.5733333,34.685,55.93166667
20-05-2021 16:00,4,32.96166667,11.175,79.33791667,865.23,32.05673333,320.5133333,20.4,12.5
20-05-2021 16:00,5,20.08666667,8.971666667,84.08183333,930.552,39.2397,443.6533333,34.84166667,50.805
20-05-2021 16:00,6,25.55,10.23166667,76.65515,906.868,40.7453,503.9133333,35.30333333,50.85
20-05-2021 17:00,1,24.56785714,10.16428571,126.6135,888.9685714,159.1298214,327.9678571,33.40714286,57.34464286
20-05-2021 17:00,2,36.45833333,11.16666667,111.5311167,0.0,33.4996,450.64,34.23333333,55.37833333
20-05-2021 17:00,3,0.0,9.108333333,84.93246667,1082.97,39.49063333,379.4633333,34.02666667,57.36333333
20-05-2021 17:00,4,22.535,9.406666667,66.61113333,1137.978,40.71393333,370.73,20.4,12.5
20-05-2021 17:00,5,17.53,8.326666667,82.74045,1514.63,50.814,548.0166667,33.91333333,52.93833333
20-05-2021 17:00,6,22.79166667,9.153333333,91.8684,1675.834,88.454,580.7666667,34.09333333,53.95333333
20-05-2021 18:00,1,28.32666667,12.055,132.4697833,856.444,168.4703667,310.0333333,31.755,66.09
20-05-2021 18:00,2,37.56833333,12.11666667,158.0869333,0.0,76.75423333,390.8166667,32.21,64.58333333
20-05-2021 18:00,3,0.0,9.383333333,64.02651667,1263.847,45.168,410.03,32.995,59.195
20-05-2021 18:00,4,24.46666667,10.86666667,80.0904,1089.273,65.99546667,335.7966667,20.4,12.5
20-05-2021 18:00,5,20.335,9.785,99.16421667,1569.638,69.22623333,524.0,32.69666667,59.70833333
20-05-2021 18:00,6,26.39,10.25666667,97.10306667,1740.201,115.0215667,537.5366667,32.68,60.54833333
20-05-2021 19:00,1,23.58833333,10.31,140.5508,808.121,181.2993333,271.6066667,30.80166667,71.94
20-05-2021 19:00,2,35.28666667,11.06333333,169.6032,0.0,84.34496667,320.0766667,31.26666667,71.29833333
20-05-2021 19:00,3,0.0,6.086666667,91.90111667,959.775,64.67806667,318.7666667,31.7,67.97166667
20-05-2021 19:00,4,21.28833333,9.695,98.44445,986.515,74.27626667,283.3966667,20.4,12.5
20-05-2021 19:00,5,16.53666667,8.256666667,125.2066833,1091.565,81.42786667,400.4233333,31.55166667,69.12833333
20-05-2021 19:00,6,20.90166667,9.141666667,113.2978167,1225.647,128.2896667,388.1966667,31.47166667,69.91
20-05-2021 20:00,1,22.74166667,9.205,132.2734833,751.203,178.2881333,239.2933333,30.40333333,75.22666667
20-05-2021 20:00,2,36.25833333,12.01666667,157.13815,0.0,78.13436667,273.79,30.83166667,73.53833333
20-05-2021 20:00,3,0.0,7.596666667,96.31786667,827.412,67.81473333,271.17,31.09833333,71.425
20-05-2021 20:00,4,20.54833333,9.263333333,96.21971667,934.563,75.6564,259.8166667,20.4,12.5
20-05-2021 20:00,5,16.49333333,8.365,120.8553667,725.036,76.37783333,313.5266667,31.07,72.68
20-05-2021 20:00,6,19.38833333,9.13,104.8896333,977.92,119.0365,315.71,31.16166667,72.90333333
20-05-2021 21:00,1,22.23166667,8.413333333,120.8880833,712.048,179.9505667,225.7566667,30.19166667,77.915
20-05-2021 21:00,2,39.12833333,13.77166667,140.1582,0.0,77.28746667,260.2533333,30.375,74.42
20-05-2021 21:00,3,0.0,15.86491228,92.08880702,868.1452632,72.8697193,265.2175439,30.37719298,74.20175439
20-05-2021 21:00,4,21.62,9.928333333,84.9979,938.383,65.9641,245.8433333,20.4,12.5
20-05-2021 21:00,5,23.45666667,11.35,109.1100833,867.522,71.54736667,330.9933333,30.92,73.605
20-05-2021 21:00,6,23.83833333,11.38,93.96226667,650.355,105.1724333,237.9833333,30.74666667,74.075
20-05-2021 22:00,1,20.14333333,7.976666667,110.6477667,650.546,167.3725333,203.9233333,30.02333333,79.61333333
20-05-2021 22:00,2,38.06166667,13.05666667,132.0771833,0.0,75.0918,230.9966667,30.145,74.82833333
20-05-2021 22:00,3,0.0,10.45166667,88.36771667,754.832,71.10823333,238.42,30.40666667,73.31833333
20-05-2021 22:00,4,33.53,15.18,79.86138333,962.067,63.92526667,245.4066667,20.4,12.5
20-05-2021 22:00,5,28.075,13.47166667,102.1414333,679.005,65.7759,286.89,30.455,74.30166667
20-05-2021 22:00,6,27.64333333,12.49833333,94.51845,654.557,108.4345667,218.3333333,30.40666667,74.54166667
20-05-2021 23:00,1,24.425,9.65,108.3903167,636.794,169.7250333,184.2733333,29.925,80.47166667
20-05-2021 23:00,2,36.895,11.8,129.0018167,0.0,72.9275,214.4033333,29.89,75.795
20-05-2021 23:00,3,0.0,8.646666667,79.43606667,614.256,65.90136667,208.29,30.15833333,74.45
20-05-2021 23:00,4,29.525,13.49,74.88845,781.954,58.93796667,215.2766667,20.4,12.5
20-05-2021 23:00,5,34.43833333,16.42,94.35486667,434.907,63.17246667,247.1533333,30.26666667,74.96
20-05-2021 23:00,6,24.43833333,10.64333333,85.06333333,521.239,100.3106,185.5833333,30.34666667,74.47166667
21-05-2021 00:00,1,31.25,12.725,104.6933333,641.569,162.6361667,182.09,29.85166667,79.03166667
21-05-2021 00:00,2,36.84666667,12.30333333,120.2991833,0.0,74.84086667,191.26,29.61666667,75.04666667
21-05-2021 00:00,3,0.0,15.65333333,70.24268333,623.615,63.4234,190.3866667,29.54333333,74.30333333
21-05-2021 00:00,4,28.05,12.89333333,67.49448333,705.745,50.9081,191.6966667,20.4,12.5
21-05-2021 00:00,5,23.86833333,11.505,85.61951667,406.83,56.05223333,242.7866667,30.06333333,73.51833333
21-05-2021 00:00,6,23.03,10.535,77.86566667,461.838,94.13136667,159.82,30.05166667,73.94666667
21-05-2021 01:00,1,33.42666667,12.84666667,109.1428,649.4,168.5017333,183.4,29.7,80.15333333
21-05-2021 01:00,2,37.89411765,13.55882353,125.9784118,0.0,78.37976471,184.9411765,29.28235294,76.61176471
21-05-2021 01:00,3,0.0,20.5125,75.330125,686.88375,70.457375,194.8625,29.3875,74.7625
21-05-2021 01:00,4,28.03846154,12.77692308,68.403,740.4923077,52.98553846,183.4,20.4,12.5
21-05-2021 01:00,5,21.56666667,10.44666667,91.0832,351.44,58.09106667,225.32,29.84666667,74.62666667
21-05-2021 01:00,6,22.67222222,10.36111111,79.39244444,494.0533333,96.81844444,157.2,29.81111111,75.06111111
21-05-2021 06:00,1,105.895,33.36166667,116.30775,1746.695,177.4726,356.32,28.82166667,84.77833333
21-05-2021 06:00,2,41.4,15.46333333,109.4045333,0.0,69.00666667,333.6133333,30.04666667,76.90166667
21-05-2021 06:00,3,0.0,16.05471698,52.92692453,1222.111698,52.94456604,287.2113208,30.19433962,76.40377358
21-05-2021 06:00,4,43.12833333,18.21,79.37063333,1259.072,68.693,291.6933333,20.4,12.5
21-05-2021 06:00,5,23.69,11.45166667,105.70755,2186.568,81.17693333,533.17,30.04666667,77.71
21-05-2021 06:00,6,37.005,13.01,89.93811667,1752.234,114.2060333,398.24,29.43,80.46833333
21-05-2021 07:00,1,111.4763636,40.67636364,110.3562909,1726.084364,143.2715273,393.0,29.98727273,80.72727273
21-05-2021 07:00,2,50.58333333,22.82833333,95.63081667,0.0,48.932,334.05,31.44166667,73.16
21-05-2021 07:00,3,0.0,26.49166667,49.17315,1595.996,42.21953333,361.56,30.84333333,75.91333333
21-05-2021 07:00,4,99.26666667,38.83,92.09741667,1646.038,75.8446,370.2933333,20.4,12.5
21-05-2021 07:00,5,27.61166667,13.25,103.2538,2376.422,69.47716667,587.7533333,30.67833333,75.95
21-05-2021 07:00,6,37.66666667,15.56333333,101.5198167,1973.412,109.4696667,458.9366667,29.77,80.49
21-05-2021 08:00,1,91.01351351,35.73783784,107.010027,1479.888649,74.77135135,359.7189189,31.90810811,73.47567568
21-05-2021 08:00,2,49.79,21.95666667,99.03335,0.0,39.67883333,275.1,31.64166667,73.45333333
21-05-2021 08:00,3,0.0,30.84,72.17296667,1059.668,47.39503333,265.0566667,30.14,78.03833333
21-05-2021 08:00,4,91.86833333,36.46,93.92955,1555.313,55.0485,358.5033333,20.4,12.5
21-05-2021 08:00,5,51.195,22.735,122.7529333,2867.101,75.31136667,695.1733333,30.915,75.55
21-05-2021 08:00,6,61.52,25.115,98.83705,2011.039,100.3733333,470.7266667,30.14,78.96833333
21-05-2021 09:00,1,66.275,27.735,106.68905,1399.648,35.6639,340.6,33.66,65.445
21-05-2021 09:00,2,57.46,28.89833333,97.07035,0.0,23.9014,305.23,33.61333333,66.33
21-05-2021 09:00,3,0.0,44.61166667,78.29098333,1143.326,40.0866,285.58,32.66,70.71833333
21-05-2021 09:00,4,72.90666667,31.37,84.47443333,1404.232,19.8551,359.8133333,20.4,12.5
21-05-2021 09:00,5,68.19056604,26.68679245,78.03850943,2068.638113,28.26550943,631.2716981,33.92075472,64.17358491
21-05-2021 09:00,6,55.835,22.78,113.1342333,1477.958,81.1142,347.15,31.15,73.945
21-05-2021 10:00,1,44.48163265,19.21836735,70.26738776,1104.369796,0.576122449,312.2612245,35.60816327,56.48367347
21-05-2021 10:00,2,43.63207547,17.73962264,59.44556604,0.0,4.367660377,323.7924528,34.8754717,60.10188679
21-05-2021 10:00,3,0.0,27.45833333,53.09915,821.491,13.04853333,258.5066667,34.11666667,64.33666667
21-05-2021 10:00,4,78.845,33.805,85.81581667,952.135,0.439133333,302.1733333,20.4,12.5
21-05-2021 10:00,5,43.83,18.77166667,41.48473333,1404.996,0.439133333,613.9533333,35.545,56.56833333
21-05-2021 10:00,6,48.44833333,19.505,114.8027833,1101.879,69.7281,275.9733333,32.18,69.39
21-05-2021 11:00,1,69.55641026,28.54358974,143.6513333,1127.781538,38.55687179,311.0410256,34.65641026,60.71282051
21-05-2021 11:00,2,42.00166667,15.83166667,75.1829,0.0,6.900666667,325.3166667,35.06,59.575
21-05-2021 11:00,3,0.0,17.69166667,44.20021667,814.233,5.865566667,308.7233333,35.34666667,59.02333333
21-05-2021 11:00,4,52.64666667,21.63833333,77.21133333,782.909,5.206866667,305.23,20.4,12.5
21-05-2021 11:00,5,33.93833333,15.94666667,37.26428333,1557.605,0.062733333,613.9533333,36.53,53.01666667
21-05-2021 11:00,6,35.99827586,15.00517241,93.27634483,810.4986207,48.15324138,233.5413793,33.05862069,63.64482759
21-05-2021 12:00,1,58.7,21.3,249.301,985.56,201.374,314.4,29.3,89.9
21-05-2021 12:00,2,36.42166667,12.02166667,97.26665,0.0,26.97533333,290.82,33.35666667,63.70333333
21-05-2021 12:00,3,0.0,17.58333333,71.58406667,742.799,26.50483333,273.3533333,33.54,63.62
21-05-2021 12:00,4,44.155,18.67666667,91.77025,844.602,30.3943,310.47,20.4,12.5
21-05-2021 12:00,5,30.815,14.51,169.0470167,1504.125,71.07686667,558.9333333,32.395,70.415
21-05-2021 12:00,6,29.62833333,12.66333333,92.39186667,800.863,67.06193333,251.52,32.77,65.50166667
21-05-2021 13:00,1,4.6,4.7,210.9275161,876.8748387,206.837871,142.8322581,24.8,95.33548387
21-05-2021 13:00,2,40.66,12.39666667,147.9774833,0.0,68.34796667,306.9766667,30.93166667,72.77
21-05-2021 13:00,3,0.0,14.47833333,110.7786333,933.799,61.41593333,239.2933333,29.79333333,77.75
21-05-2021 13:00,4,34.29666667,13.195,140.0927667,510.161,69.1635,155.0166667,20.4,12.5
21-05-2021 13:00,5,18.92777778,8.861111111,202.0799444,1018.878889,101.6628519,324.5888889,27.99074074,86.02777778
21-05-2021 13:00,6,23.33666667,10.59333333,118.1398833,954.045,107.6504,252.3933333,29.84,77.49
21-05-2021 14:00,1,4.6,4.7,183.6713667,988.998,202.1268,153.7066667,24.90166667,95.4
21-05-2021 14:00,2,32.285,9.065,194.9259,0.0,111.5398667,203.05,26.145,92.41166667
21-05-2021 14:00,3,0.0,5.556666667,161.6203333,985.56,118.1896,179.9066667,25.37,92.58333333
21-05-2021 14:00,4,63.35142857,23.91714286,159.5638571,815.6245714,124.3195429,159.4457143,20.28571429,12.48
21-05-2021 14:00,5,12.7,6.9,200.226,653.22,112.92,183.4,21.0,24.3
21-05-2021 14:00,6,17.93,9.766666667,133.6803,1252.196,150.1836,268.1133333,26.60833333,89.75833333
12-06-2021 04:00,1,24.215,10.48666667,154.7171167,664.298,145.4472333,350.2066667,25.61333333,90.83166667
12-06-2021 04:00,2,34.15666667,10.30666667,88.98933333,0.0,58.93796667,142.79,25.745,89.11833333
12-06-2021 04:00,3,0.0,14.18833333,76.98231667,577.966,81.92973333,113.97,25.19,89.18166667
12-06-2021 04:00,4,31.0,13.49,68.37783333,533.654,59.50256667,118.7733333,20.4,12.5
12-06-2021 04:00,5,25.61666667,12.33333333,83.10033333,634.12,63.047,283.8333333,28.83333333,68.71666667
12-06-2021 04:00,6,20.81833333,10.22833333,64.779,537.474,94.91553333,106.5466667,26.035,88.46666667
12-06-2021 05:00,1,27.21833333,11.81833333,151.5108833,764.191,149.2739667,342.7833333,25.83666667,90.66333333
12-06-2021 05:00,2,35.11,10.75166667,98.50988333,0.0,64.67806667,169.8633333,25.86333333,89.04166667
12-06-2021 05:00,3,0.0,13.43666667,79.82866667,631.446,84.53316667,124.0133333,25.42333333,88.865
12-06-2021 05:00,4,35.09333333,14.67666667,69.22846667,700.588,62.45103333,150.2133333,20.4,12.5
12-06-2021 05:00,5,28.54,13.68333333,94.0277,792.841,65.5877,281.65,28.66333333,69.79166667
12-06-2021 05:00,6,21.925,10.65333333,64.15738333,662.006,93.88043333,131.0,26.39,87.23833333
12-06-2021 06:00,1,32.53166667,12.985,153.3757333,1044.006,154.3867333,413.96,26.26833333,90.00333333
12-06-2021 06:00,2,37.82333333,12.32166667,100.8654833,0.0,68.81846667,235.8,26.04333333,88.78
12-06-2021 06:00,3,0.0,13.67,80.97375,784.055,85.69373333,156.7633333,25.635,88.72666667
12-06-2021 06:00,4,40.0,15.74333333,70.0791,998.548,60.4122,207.8533333,20.4,12.5
12-06-2021 06:00,5,27.55333333,13.225,85.88125,513.981,67.40696667,235.8,28.64166667,69.77
12-06-2021 06:00,6,25.095,11.71833333,68.80315,911.834,99.68326667,177.2866667,26.42,87.93333333
12-06-2021 07:00,1,28.11833333,12.16,151.3800167,1149.438,135.5981,408.2833333,27.06,86.9
12-06-2021 07:00,2,38.67166667,13.20666667,94.58388333,0.0,60.8827,220.5166667,26.87166667,86.42
12-06-2021 07:00,3,0.0,20.04166667,78.22555,1115.058,83.1844,209.6,26.435,86.655
12-06-2021 07:00,4,44.27166667,17.26666667,70.30811667,1178.47,57.4951,244.5333333,20.4,12.5
12-06-2021 07:00,5,24.345,11.60666667,80.18855,331.958,64.86626667,207.4166667,28.59166667,70.07
12-06-2021 07:00,6,29.15666667,13.30833333,71.0606,1201.772,98.2404,237.5466667,26.97166667,86.03833333
12-06-2021 08:00,1,35.42,14.99833333,156.35295,1099.969,119.0051333,435.3566667,28.45833333,81.88666667
12-06-2021 08:00,2,40.38679245,14.1490566,76.44588679,0.0,48.64792453,215.5320755,28.31132075,80.9
12-06-2021 08:00,3,0.0,16.31186441,68.37228814,821.6237288,72.24966102,164.3050847,27.90677966,82.34745763
12-06-2021 08:00,4,46.56666667,18.82333333,65.40061667,1044.77,46.61086667,227.0666667,20.4,12.5
12-06-2021 08:00,5,27.84166667,13.15333333,79.14161667,449.041,70.41816667,227.94,28.31166667,72.09
12-06-2021 08:00,6,31.635,14.27,68.705,1089.464,87.4189,226.1933333,27.88666667,82.465
12-06-2021 09:00,1,34.56833333,14.41333333,116.2423167,853.579,71.9865,386.8866667,30.25666667,73.08
12-06-2021 09:00,2,37.46333333,12.775,62.84871667,0.0,31.8058,198.6833333,29.46166667,75.505
12-06-2021 09:00,3,0.0,14.785,47.63546667,687.027,48.5556,164.1866667,29.55333333,75.49
12-06-2021 09:00,4,33.86666667,14.4,48.2898,773.55,28.1359,200.43,20.4,12.5
12-06-2021 09:00,5,26.94166667,12.50666667,82.34785,551.799,71.57873333,262.4366667,27.85166667,75.73833333
12-06-2021 09:00,6,29.42,13.30666667,63.30675,912.789,74.74676667,195.19,28.64833333,78.17666667
12-06-2021 10:00,1,30.21,12.515,112.2836,714.34,67.8461,367.6733333,31.21666667,67.245
12-06-2021 10:00,2,35.94230769,11.63076923,53.64275,0.0,24.17646154,199.5230769,30.41730769,69.46153846
12-06-2021 10:00,3,0.0,15.135,42.49895,692.375,40.9335,172.4833333,30.74166667,69.50666667
12-06-2021 10:00,4,33.545,14.435,44.1675,661.051,19.9492,187.33,20.4,12.5
12-06-2021 10:00,5,25.35,12.04333333,82.77316667,867.14,71.8924,352.8266667,27.28666667,77.98333333
12-06-2021 10:00,6,23.76666667,11.23333333,57.3196,807.739,61.03953333,175.54,29.5,72.98166667
12-06-2021 11:00,1,26.62666667,11.48166667,116.1441667,633.356,53.38606667,406.9733333,31.95166667,64.37
12-06-2021 11:00,2,36.295,12.13,47.83176667,0.0,15.87153333,199.9933333,31.29833333,64.0
12-06-2021 11:00,3,0.0,10.9,26.07518333,580.449,23.36816667,191.6966667,32.23666667,62.11333333
12-06-2021 11:00,4,27.12333333,12.00166667,30.39378333,562.877,8.2808,182.5266667,20.4,12.5
12-06-2021 11:00,5,24.93333333,11.405,77.60393333,826.266,68.28523333,313.9633333,27.095,78.14166667
12-06-2021 11:00,6,21.57166667,10.58833333,48.2898,720.261,47.17546667,168.5533333,30.565,67.29166667
12-06-2021 12:00,1,22.445,9.891666667,110.2551667,588.662,45.70123333,386.0133333,32.74333333,59.59666667
12-06-2021 12:00,2,33.49833333,10.055,41.68103333,0.0,10.85286667,224.8833333,32.305,59.06833333
12-06-2021 12:00,3,0.0,10.035,22.14918333,674.23,12.64076667,215.2766667,33.13666667,58.89833333
12-06-2021 12:00,4,22.17,10.14666667,29.08511667,539.957,6.1165,200.43,20.4,12.5
12-06-2021 12:00,5,20.165,9.705,66.61113333,756.933,60.34946667,302.61,27.25,75.50833333
12-06-2021 12:00,6,18.34666667,9.418333333,35.7266,600.886,29.04553333,158.9466667,31.54666667,61.30833333
12-06-2021 13:00,1,23.35333333,9.668333333,99.81855,596.302,27.97906667,413.0866667,33.83333333,55.8
12-06-2021 13:00,2,33.31666667,9.376666667,46.1305,0.0,10.50783333,233.18,32.71333333,56.665
12-06-2021 13:00,3,0.0,8.735,18.22318333,595.538,5.8342,234.9266667,33.245,56.185
12-06-2021 13:00,4,20.705,9.083333333,12.98851667,446.367,0.627333333,203.9233333,20.4,12.5
12-06-2021 13:00,5,20.66666667,9.941666667,65.43333333,556.574,57.36963333,238.42,27.36,73.47833333
12-06-2021 13:00,6,17.98166667,8.95,34.31978333,499.274,24.6542,143.2266667,31.91,57.68833333
12-06-2021 14:00,1,23.20166667,9.091666667,126.7443667,589.999,49.74753333,441.0333333,33.45166667,54.265
12-06-2021 14:00,2,36.485,10.99,59.24988333,0.0,20.29423333,239.73,32.76166667,56.37
12-06-2021 14:00,3,0.0,9.491666667,44.59281667,649.591,23.83866667,235.8,32.83833333,56.56833333
12-06-2021 14:00,4,21.8,9.22,38.8674,487.05,12.3271,207.8533333,20.4,12.5
12-06-2021 14:00,5,22.99,10.80666667,78.22555,574.528,59.59666667,237.11,27.51166667,74.50333333
12-06-2021 14:00,6,20.31666667,9.361666667,40.0452,598.785,29.23373333,168.1166667,32.39666667,55.38166667
12-06-2021 15:00,1,26.835,10.45,151.6090333,670.792,86.03876667,451.5133333,32.52,58.73333333
12-06-2021 15:00,2,36.71833333,11.46833333,78.3237,0.0,31.30393333,236.6733333,32.17666667,59.42666667
12-06-2021 15:00,3,0.0,10.39333333,68.41055,680.915,41.4981,218.77,32.195,58.71666667
12-06-2021 15:00,4,22.965,9.548333333,53.85163333,534.8,25.25016667,200.43,20.4,12.5
12-06-2021 15:00,5,24.42833333,11.67833333,60.29681667,576.247,37.9223,257.1966667,29.07,69.79
12-06-2021 15:00,6,21.64833333,10.19,52.54296667,633.356,39.8043,190.8233333,31.89,58.84666667
12-06-2021 16:00,1,27.21166667,11.09166667,185.4380667,745.091,121.9536,423.5666667,31.18833333,61.27666667
12-06-2021 16:00,2,38.87058824,13.51568627,92.2994902,0.0,45.3525098,244.0196078,31.15294118,62.21176471
12-06-2021 16:00,3,0.0,11.38333333,85.22691667,783.482,59.78486667,214.4033333,31.21833333,62.32333333
12-06-2021 16:00,4,25.63833333,11.17833333,67.62535,698.678,37.48316667,217.0233333,20.4,12.5
12-06-2021 16:00,5,26.67166667,12.36666667,41.0267,619.986,12.73486667,294.3133333,31.02833333,63.605
12-06-2021 16:00,6,21.98245614,10.02982456,70.59912281,727.2073684,66.95957895,196.2701754,31.0,61.41052632
12-06-2021 17:00,1,32.49333333,12.65833333,160.7369833,892.734,119.4442667,427.9333333,30.11666667,60.875
12-06-2021 17:00,2,40.765,14.185,93.92955,0.0,58.7184,258.9433333,30.205,65.04666667
12-06-2021 17:00,3,0.0,13.57166667,84.31085,803.537,69.13213333,225.32,30.31166667,63.55166667
12-06-2021 17:00,4,28.15333333,12.32666667,62.52155,853.961,39.8043,232.3066667,20.4,12.5
12-06-2021 17:00,5,26.10666667,12.18166667,50.15465,485.904,15.68333333,303.92,32.475,61.35
12-06-2021 17:00,6,32.03166667,14.04333333,79.40335,962.067,82.4316,238.42,30.35833333,63.59333333
12-06-2021 18:00,1,39.97,15.96666667,157.13815,992.054,138.5779333,441.0333333,29.33,64.82
12-06-2021 18:00,2,40.94166667,14.82666667,82.67501667,0.0,50.6258,238.8566667,29.29666667,65.65666667
12-06-2021 18:00,3,0.0,16.93,87.09176667,861.41,78.91853333,219.2066667,29.42,66.515
12-06-2021 18:00,4,34.94,15.005,68.34511667,1057.758,54.7662,260.2533333,20.4,12.5
12-06-2021 18:00,5,26.02833333,12.31666667,58.1048,473.298,19.69826667,309.16,33.14,59.27833333
12-06-2021 18:00,6,31.75833333,14.015,69.4902,1048.208,85.31733333,250.6466667,29.64666667,64.42
12-06-2021 19:00,1,54.27666667,20.545,196.8234667,1168.347,159.4054,496.0533333,28.83833333,69.105
12-06-2021 19:00,2,53.755,24.92,85.71766667,0.0,57.27553333,273.3533333,28.76166667,69.84833333
12-06-2021 19:00,3,0.0,27.20166667,87.41893333,1094.048,84.72136667,250.6466667,28.905,69.25
12-06-2021 19:00,4,45.54666667,19.525,66.84015,1032.928,57.90286667,253.2666667,20.4,12.5
12-06-2021 19:00,5,24.34833333,11.90333333,88.5313,453.625,41.05896667,289.51,32.22833333,62.91166667
12-06-2021 19:00,6,46.48666667,19.71833333,71.12603333,1199.862,94.69596667,279.03,29.31833333,66.84833333
12-06-2021 20:00,1,56.28666667,21.77,159.88635,1229.276,154.4181,454.57,28.73333333,70.035
12-06-2021 20:00,2,39.97833333,14.89833333,90.59245,0.0,55.55036667,216.15,28.085,74.17166667
12-06-2021 20:00,3,0.0,28.26,85.81581667,896.554,82.18066667,202.1766667,28.17166667,73.18
12-06-2021 20:00,4,40.745,17.94666667,66.31668333,903.239,55.8013,230.1233333,20.4,12.5
12-06-2021 20:00,5,37.32166667,18.09833333,80.35213333,403.583,30.17473333,278.5933333,32.72666667,58.91833333
12-06-2021 20:00,6,33.025,15.41666667,70.73343333,941.63,97.04846667,229.6866667,28.725,71.28333333
12-06-2021 21:00,1,36.83333333,15.27166667,155.6331833,920.811,154.9513333,389.9433333,28.135,73.53833333
12-06-2021 21:00,2,42.56166667,16.955,93.11163333,0.0,61.8237,217.8966667,27.74833333,77.12833333
12-06-2021 21:00,3,0.0,23.79666667,91.18135,765.528,89.2068,182.5266667,27.64166667,76.56833333
12-06-2021 21:00,4,34.12,15.365,72.30383333,756.551,59.69076667,193.0066667,20.4,12.5
12-06-2021 21:00,5,38.995,18.64333333,103.94085,425.739,37.64,262.8733333,32.645,59.92666667
12-06-2021 21:00,6,35.46,16.86666667,75.5755,844.984,100.5615333,210.91,28.09,75.50166667
12-06-2021 22:00,1,34.085,14.70166667,162.6999833,889.678,156.5510333,392.5633333,27.81166667,76.90166667
12-06-2021 22:00,2,50.33166667,22.67,89.7091,0.0,63.86253333,224.8833333,27.72666667,78.45166667
12-06-2021 22:00,3,0.0,25.76333333,82.02068333,738.406,83.2785,173.7933333,27.50333333,78.14
12-06-2021 22:00,4,42.76666667,19.05,73.0236,852.051,65.7759,203.05,20.4,12.5
12-06-2021 22:00,5,55.945,26.27,123.2764,528.306,43.78786667,258.9433333,32.52,60.92666667
12-06-2021 22:00,6,39.20166667,17.975,75.5755,850.332,105.7684,200.43,28.05833333,77.15
12-06-2021 23:00,1,43.12,18.07166667,169.4723333,949.843,166.6197333,429.2433333,27.635,79.77166667
12-06-2021 23:00,2,41.34,16.27166667,77.24405,0.0,51.72363333,185.1466667,27.60833333,78.905
12-06-2021 23:00,3,0.0,29.08166667,76.39341667,726.182,78.79306667,172.0466667,27.405,78.575
12-06-2021 23:00,4,39.29,17.43333333,63.92836667,721.789,57.27553333,179.9066667,20.4,12.5
12-06-2021 23:00,5,41.65166667,19.71666667,106.4273167,491.061,45.7326,261.5633333,32.04833333,61.79833333
12-06-2021 23:00,6,34.65333333,16.195,68.47598333,720.07,97.36213333,171.61,28.08,76.59666667
13-06-2021 00:00,1,47.42666667,19.51166667,154.6189667,984.987,158.8408,385.5766667,27.15333333,81.7
13-06-2021 00:00,2,39.11833333,14.19833333,82.90403333,0.0,59.50256667,179.9066667,27.40666667,81.03166667
13-06-2021 00:00,3,0.0,17.83166667,75.21561667,754.259,79.2322,158.0733333,27.17,80.15
13-06-2021 00:00,4,34.16833333,15.48833333,64.25553333,599.549,57.6833,160.2566667,20.4,12.5
13-06-2021 00:00,5,34.26666667,15.09166667,98.15,638.322,48.90063333,291.6933333,31.64,62.87333333
13-06-2021 00:00,6,30.25333333,14.18333333,65.89136667,630.873,97.73853333,157.6366667,27.91666667,78.70166667
13-06-2021 01:00,1,41.44666667,17.71333333,153.8664833,897.509,155.4532,398.6766667,26.975,82.265
13-06-2021 01:00,2,40.71833333,15.13666667,89.64366667,0.0,67.15603333,177.7233333,27.22166667,83.72333333
13-06-2021 01:00,3,0.0,28.2,73.9847931,792.1231034,82.90534483,168.9448276,26.95862069,81.82413793
13-06-2021 01:00,4,33.82333333,15.11833333,71.94395,556.574,65.14856667,155.0166667,20.4,12.5
13-06-2021 01:00,5,37.07666667,17.72833333,92.8499,856.253,54.79756667,317.4566667,30.985,64.23666667
13-06-2021 01:00,6,30.475,14.23666667,69.55563333,629.154,107.4935667,156.7633333,27.65833333,81.98833333
13-06-2021 02:00,1,32.43,13.82833333,169.2433167,827.985,160.4718667,386.0133333,26.67333333,85.43833333
13-06-2021 02:00,2,38.165,13.39166667,92.75175,0.0,64.20756667,184.71,26.85,86.40666667
13-06-2021 02:00,3,0.0,22.45666667,78.45456667,695.622,85.9133,159.3833333,26.695,84.375
13-06-2021 02:00,4,35.96,15.61666667,71.22418333,606.043,66.7169,156.7633333,20.4,12.5
13-06-2021 02:00,5,42.46666667,20.13333333,101.5198167,1423.905,70.1986,393.4366667,30.51333333,66.495
13-06-2021 02:00,6,28.14655172,13.34827586,65.52358621,639.3889655,103.1855172,156.7482759,27.33103448,84.7862069
13-06-2021 03:00,1,33.24333333,13.94666667,157.7924833,815.57,164.8945667,348.8966667,26.76333333,87.36833333
13-06-2021 03:00,2,36.225,11.96,87.87696667,0.0,63.48613333,202.1766667,26.58,87.22666667
13-06-2021 03:00,3,0.0,13.66833333,74.0051,598.021,81.89836667,142.79,26.67333333,84.075
13-06-2021 03:00,4,37.725,16.23666667,67.39633333,623.806,66.4346,157.2,20.4,12.5
13-06-2021 03:00,5,44.315,21.06333333,94.68203333,905.149,63.39203333,318.33,30.18,69.13333333
13-06-2021 03:00,6,26.395,12.64333333,60.55855,628.008,96.32703333,153.27,27.08833333,85.46833333
13-06-2021 04:00,1,32.69833333,13.41,169.9630833,830.468,161.7265333,389.9433333,26.66666667,87.97666667
13-06-2021 04:00,2,33.75833333,10.21333333,75.47735,0.0,54.0134,173.7933333,26.51166667,85.00666667
13-06-2021 04:00,3,0.0,12.22333333,70.20996667,517.037,74.58993333,130.1266667,26.42833333,83.45333333
13-06-2021 04:00,4,32.24333333,14.03666667,61.34375,651.501,59.31436667,157.6366667,20.4,12.5
13-06-2021 04:00,5,39.71833333,18.79666667,94.48573333,708.419,65.08583333,279.9033333,29.61666667,70.47166667
13-06-2021 04:00,6,21.52,10.93666667,57.5159,632.401,88.89313333,142.3533333,27.01,83.79833333
13-06-2021 05:00,1,27.84333333,11.98833333,141.2051333,848.231,132.9005667,380.3366667,26.87,84.88833333
13-06-2021 05:00,2,34.55666667,10.695,69.16303333,0.0,49.1202,168.1166667,26.50333333,83.30666667
13-06-2021 05:00,3,0.0,14.81333333,69.03216667,611.582,75.21726667,130.5633333,26.13,83.18333333
13-06-2021 05:00,4,26.89666667,12.2,54.3751,671.747,48.77516667,161.13,20.4,12.5
13-06-2021 05:00,5,39.565,18.73166667,91.73753333,730.193,68.8812,280.34,29.405,71.59666667
13-06-2021 05:00,6,24.03333333,12.04666667,56.46896667,675.758,86.91703333,141.48,27.04166667,81.32666667
13-06-2021 06:00,1,28.27333333,12.16166667,134.5963667,926.35,120.5421,372.9133333,27.625,80.05333333
13-06-2021 06:00,2,36.915,12.25,77.47306667,0.0,53.13513333,231.87,27.00666667,81.30833333
13-06-2021 06:00,3,0.0,15.83,68.41055,685.308,74.6213,148.9033333,26.575,81.75333333
13-06-2021 06:00,4,27.52166667,12.52,57.61405,821.873,47.17546667,186.4566667,20.4,12.5
13-06-2021 06:00,5,34.24166667,16.33,93.30793333,450.378,68.94393333,230.1233333,29.15,73.64
13-06-2021 06:00,6,25.80166667,12.47833333,60.49311667,857.208,86.79156667,176.85,27.26,79.94333333
13-06-2021 07:00,1,32.36833333,13.95,133.2549833,834.288,99.0873,405.2266667,29.51,74.67333333
13-06-2021 07:00,2,36.22,11.96166667,59.2826,0.0,33.71916667,244.0966667,29.515,72.68833333
13-06-2021 07:00,3,0.0,10.7,65.53148333,664.298,66.46596667,158.0733333,27.96666667,78.38
13-06-2021 07:00,4,27.18333333,12.19666667,56.27266667,828.749,41.15306667,198.6833333,20.4,12.5
13-06-2021 07:00,5,29.13333333,14.005,93.6351,354.878,66.9051,208.29,28.89166667,74.885
13-06-2021 07:00,6,23.23833333,11.24333333,66.1531,844.602,82.21203333,172.0466667,27.81833333,79.085
13-06-2021 08:00,1,30.79166667,13.13333333,113.1996667,844.029,60.34946667,394.7466667,31.28,67.54833333
13-06-2021 08:00,2,37.88833333,12.58666667,36.38093333,0.0,7.935766667,234.9266667,31.20166667,65.03166667
13-06-2021 08:00,3,0.0,10.91166667,54.93128333,607.189,47.8969,151.5233333,29.26166667,72.73833333
13-06-2021 08:00,4,26.73833333,11.97666667,45.27986667,828.176,18.1613,204.7966667,20.4,12.5
13-06-2021 08:00,5,27.84666667,13.34,91.96655,468.523,65.87,233.18,28.51666667,76.53166667
13-06-2021 08:00,6,23.29166667,11.31666667,69.32661667,807.357,67.5638,152.3966667,28.70833333,72.97
13-06-2021 09:00,1,41.21166667,17.72833333,93.89683333,840.018,25.5952,386.8866667,32.7,62.27666667
13-06-2021 09:00,2,38.38833333,13.03,54.63683333,0.0,7.778933333,226.63,31.96666667,64.49166667
13-06-2021 09:00,3,0.0,8.563333333,55.06215,522.767,42.37636667,152.3966667,30.935,68.76166667
13-06-2021 09:00,4,26.95,12.05833333,48.94413333,733.249,14.9619,205.67,20.4,12.5
13-06-2021 09:00,5,26.52,12.73333333,90.26528333,505.577,64.01936667,235.8,28.22166667,77.06333333
13-06-2021 09:00,6,23.34333333,11.12833333,80.51571667,771.067,73.05296667,151.5233333,30.08833333,70.29166667
13-06-2021 10:00,1,33.79,14.56,126.0246,774.123,50.814,431.8633333,33.235,61.88333333
13-06-2021 10:00,2,37.65666667,11.76166667,59.90421667,0.0,10.38236667,227.0666667,32.64833333,62.515
13-06-2021 10:00,3,0.0,10.78833333,56.5344,529.452,40.21206667,162.8766667,31.68666667,67.34833333
13-06-2021 10:00,4,27.08666667,12.24833333,42.89155,692.184,10.5392,222.7,20.4,12.5
13-06-2021 10:00,5,23.8,11.41,92.6536,557.72,63.6116,275.1,27.97666667,77.59333333
13-06-2021 10:00,6,24.13833333,11.39166667,65.23703333,687.027,55.95813333,151.0866667,31.21833333,67.53833333
13-06-2021 21:00,1,40.52833333,17.87166667,163.22345,1029.108,145.4786,413.0866667,27.92833333,83.23166667
13-06-2021 21:00,2,47.32,20.855,92.19556667,0.0,61.7296,221.39,28.65666667,77.35
13-06-2021 21:00,3,0.0,20.04666667,73.44891667,730.002,69.9163,182.9633333,28.01333333,78.13833333
13-06-2021 21:00,4,45.18833333,19.99333333,71.55135,955.764,57.401,239.2933333,20.4,12.5
13-06-2021 21:00,5,27.5125,13.1275,85.3905,747.4785,40.88645,415.925,34.415,52.6575
13-06-2021 21:00,6,38.65,18.41666667,74.16868333,857.017,93.84906667,207.8533333,29.20166667,75.40666667
13-06-2021 22:00,1,44.36833333,18.72333333,169.2106,965.505,159.2172,424.8766667,27.92,84.10833333
13-06-2021 22:00,2,48.46166667,20.85833333,89.02205,0.0,61.00816667,222.2633333,28.76166667,78.46166667
13-06-2021 22:00,3,0.0,18.92166667,79.37063333,742.226,79.985,177.2866667,28.285,78.455
13-06-2021 22:00,4,41.88666667,18.765,71.97666667,836.771,59.0007,213.53,20.4,12.5
13-06-2021 22:00,5,28.65166667,13.38666667,80.6793,772.022,39.08286667,409.5933333,34.49833333,53.28
13-06-2021 22:00,6,37.45333333,17.80833333,72.66371667,756.742,92.65713333,186.02,29.31,76.43166667
13-06-2021 23:00,1,43.95,19.085,151.7071833,870.769,152.5674667,344.0933333,28.18166667,83.39166667
13-06-2021 23:00,2,43.53962264,17.86037736,89.29798113,0.0,61.92845283,204.6566038,28.48301887,81.38490566
13-06-2021 23:00,3,0.0,20.07833333,73.15446667,683.971,74.02533333,165.4966667,28.375,79.445
13-06-2021 23:00,4,37.84666667,17.295,73.18718333,637.367,57.0246,176.4133333,20.4,12.5
13-06-2021 23:00,5,28.75666667,11.84833333,81.95525,679.578,41.2158,376.4066667,33.52333333,56.01
13-06-2021 23:00,6,32.7,16.135,73.44891667,662.388,92.5003,165.9333333,29.05833333,79.01333333
14-06-2021 00:00,1,37.00166667,16.45833333,174.6742833,733.058,139.268,386.8866667,28.28333333,82.86833333
14-06-2021 00:00,2,41.75166667,15.965,104.4316,0.0,71.2337,187.33,28.13,83.58
14-06-2021 00:00,3,0.0,17.61166667,71.35505,597.83,70.35543333,154.58,28.16,80.925
14-06-2021 00:00,4,37.40833333,17.10333333,73.51435,578.539,57.55783333,157.2,20.4,12.5
14-06-2021 00:00,5,34.685,13.69,119.5467,926.35,61.19636667,354.1366667,29.84166667,64.74166667
14-06-2021 00:00,6,30.36,15.15333333,70.11181667,630.3,91.99843333,157.6366667,28.71166667,81.09666667
14-06-2021 01:00,1,34.24333333,15.32,176.9317333,729.62,147.1096667,364.6166667,27.84333333,85.02666667
14-06-2021 01:00,2,38.92333333,14.46,89.80725,0.0,59.69076667,181.6533333,27.83666667,84.465
14-06-2021 01:00,3,0.0,14.94655172,77.33543103,565.4917241,72.19741379,132.8068966,27.69827586,82.62758621
14-06-2021 01:00,4,38.17333333,17.495,72.8273,550.08,56.3659,146.72,20.4,12.5
14-06-2021 01:00,5,27.88333333,13.375,117.0275167,1443.578,78.32256667,427.9333333,29.39166667,65.94833333
14-06-2021 01:00,6,28.59655172,14.55517241,69.51727586,601.4524138,89.71948276,143.6482759,28.39137931,82.30344828
14-06-2021 02:00,1,38.11052632,17.01929825,171.7452807,694.0336842,148.2487719,345.6561404,27.63157895,84.46140351
14-06-2021 02:00,2,38.225,13.78214286,100.4284821,0.0,62.20682143,177.3178571,27.48392857,86.01785714
14-06-2021 02:00,3,0.0,14.18461538,77.80275,531.5676923,71.44361538,129.4884615,27.49615385,82.60192308
14-06-2021 02:00,4,37.75,17.018,76.51774,543.204,57.17516,132.048,20.4,12.5
14-06-2021 02:00,5,24.3509434,11.86603774,100.7426415,1649.591321,70.55724528,459.2415094,29.36226415,66.62264151
14-06-2021 02:00,6,27.11355932,13.96949153,69.57005085,571.640339,88.35830508,132.3322034,28.09661017,83.15932203
14-06-2021 13:00,1,28.38461538,12.56923077,137.863,362.3123077,35.61323077,582.4461538,36.16153846,51.13076923
14-06-2021 13:00,2,37.33333333,13.03333333,53.21911111,0.0,3.345777778,267.8222222,35.27777778,51.31111111
14-06-2021 13:00,3,0.0,15.93333333,3.053555556,625.2066667,0.0,349.3333333,36.06666667,50.98888889
14-06-2021 13:00,4,29.435,13.165,27.38385,540.912,0.0,280.34,20.4,12.5
14-06-2021 13:00,5,26.09166667,12.49333333,106.10015,794.369,65.3995,238.8566667,27.43666667,79.285
14-06-2021 13:00,6,30.8875,13.6875,60.607625,753.495,42.58025,209.6,33.1,58.3
14-06-2021 14:00,1,30.79333333,13.37333333,99.49138333,402.055,25.34426667,527.4933333,36.04666667,51.245
14-06-2021 14:00,2,42.14150943,16.90566038,77.33479245,0.0,12.03769811,279.7962264,34.61886792,55.1245283
14-06-2021 14:00,3,0.0,12.99166667,13.18481667,576.438,0.0,349.77,35.61,52.03666667
14-06-2021 14:00,4,29.83166667,13.20666667,25.9116,581.404,0.595966667,291.2566667,20.4,12.5
14-06-2021 14:00,5,29.98,14.41833333,112.77435,1431.927,64.929,350.6433333,28.44,77.87166667
14-06-2021 14:00,6,28.29333333,12.98666667,45.3453,647.108,27.1949,211.7833333,34.07,54.815
14-06-2021 15:00,1,37.78,15.405,166.4296833,472.725,98.27176667,499.9833333,34.16833333,55.65666667
14-06-2021 15:00,2,38.67333333,13.37,52.51025,0.0,7.653466667,312.2166667,34.685,54.18833333
14-06-2021 15:00,3,0.0,13.205,61.11473333,602.223,21.2666,297.37,34.45,55.19
14-06-2021 15:00,4,33.96666667,14.18166667,59.15173333,695.622,18.19266667,283.8333333,20.4,12.5
14-06-2021 15:00,5,36.32333333,16.98833333,117.5509833,1933.302,58.68703333,447.1466667,29.13333333,76.18166667
14-06-2021 15:00,6,27.21,12.745,53.91706667,706.318,33.876,236.6733333,33.63333333,56.97833333
14-06-2021 16:00,1,48.34833333,15.18,171.4026167,594.01,104.0746,499.11,33.12166667,59.79
14-06-2021 16:00,2,41.86333333,13.49833333,125.8610167,0.0,47.01863333,236.6733333,29.70166667,69.425
14-06-2021 16:00,3,0.0,14.70833333,112.2836,670.983,62.35693333,224.4466667,30.145,67.79833333
14-06-2021 16:00,4,41.87833333,13.995,90.55973333,796.852,38.8633,255.45,20.4,12.5
14-06-2021 16:00,5,44.36086957,20.80434783,98.70476087,1338.079565,47.82734783,385.026087,30.37391304,72.26521739
14-06-2021 16:00,6,33.74333333,12.82833333,84.57258333,785.392,66.12093333,227.94,30.46166667,67.32333333
14-06-2021 17:00,1,40.93333333,16.03333333,213.4108167,836.58,169.5368333,471.1633333,29.42333333,69.11166667
14-06-2021 17:00,2,40.84,15.09333333,151.2818667,0.0,82.08656667,204.7966667,27.83166667,74.435
14-06-2021 17:00,3,0.0,19.89666667,135.4797167,864.275,97.1112,196.9366667,27.85166667,74.18333333
14-06-2021 17:00,4,34.135,14.70166667,99.16421667,1175.223,59.62803333,280.34,20.4,12.5
14-06-2021 17:00,5,41.06,19.41,46.81755,813.278,21.01566667,369.42,32.48333333,65.11
14-06-2021 17:00,6,30.84833333,14.00666667,111.5638333,1094.048,114.6451667,236.2366667,28.325,71.85833333
14-06-2021 18:00,1,47.28833333,19.33166667,208.56875,982.886,182.3658,455.0066667,28.435,71.74333333
14-06-2021 18:00,2,43.40166667,17.60833333,125.4357,0.0,75.6564,230.56,27.76166667,75.47666667
14-06-2021 18:00,3,0.0,23.935,116.9620833,859.882,97.1112,196.0633333,28.05333333,73.885
14-06-2021 18:00,4,38.72166667,16.695,94.68203333,1109.328,66.40323333,255.8866667,20.4,12.5
14-06-2021 18:00,5,32.23,15.61333333,12.66135,666.59,3.5758,407.41,34.22833333,58.27333333
14-06-2021 18:00,6,26.80666667,12.87166667,98.80433333,1157.269,112.5436,250.6466667,28.11833333,74.03333333
14-06-2021 19:00,1,45.64,18.71333333,197.5105167,955.0,180.4838,471.6,28.07666667,74.41333333
14-06-2021 19:00,2,43.86166667,17.895,110.61505,0.0,68.66163333,220.5166667,27.58666667,76.75
14-06-2021 19:00,3,0.0,18.7,100.40745,772.786,85.8192,177.2866667,27.67666667,75.175
14-06-2021 19:00,4,30.48,13.49166667,81.6608,1013.828,55.76993333,234.9266667,20.4,12.5
14-06-2021 19:00,5,26.66166667,12.96,28.72523333,741.653,10.5392,439.7233333,34.36666667,55.64166667
14-06-2021 19:00,6,29.06833333,13.99333333,83.32935,1035.22,99.30686667,217.8966667,28.13166667,73.55833333
14-06-2021 20:00,1,34.77333333,14.955,176.76815,757.315,163.2321333,421.3833333,27.98166667,74.245
14-06-2021 20:00,2,38.55714286,14.03571429,105.6865179,0.0,67.58396429,199.775,27.64464286,77.73571429
14-06-2021 20:00,3,0.0,18.54,88.98933333,703.071,80.04773333,160.6933333,27.45666667,77.35166667
14-06-2021 20:00,4,35.065,15.33,81.00646667,1003.132,59.25163333,231.87,20.4,12.5
14-06-2021 20:00,5,24.43833333,11.925,38.34393333,293.567,12.38983333,376.8433333,34.08833333,56.83166667
14-06-2021 20:00,6,31.165,15.22,82.21698333,942.585,100.6556333,201.3033333,28.09,76.15333333
14-06-2021 21:00,1,34.0,14.25833333,177.6515,767.056,170.5719333,424.8766667,27.71,77.43666667
14-06-2021 21:00,2,49.71833333,22.81833333,94.28943333,0.0,66.93646667,219.6433333,27.61166667,78.485
14-06-2021 21:00,3,0.0,22.65833333,84.31085,881.465,83.87446667,189.95,27.75833333,77.04333333
14-06-2021 21:00,4,37.365,16.17666667,81.33363333,845.939,59.7535,196.0633333,20.4,12.5
14-06-2021 21:00,5,18.88333333,9.331666667,176.3428333,798.38,107.7758667,323.1333333,28.62166667,80.01
14-06-2021 21:00,6,33.28644068,15.54745763,79.2519661,894.6569492,97.19413559,186.0644068,27.9559322,77.25423729
14-06-2021 23:00,1,47.495,19.4,178.5021333,869.05,174.0222667,437.1033333,27.23666667,81.33333333
14-06-2021 23:00,2,40.62166667,14.63,89.80725,0.0,68.63026667,185.5833333,27.39666667,80.55
14-06-2021 23:00,3,0.0,22.65,80.74473333,614.447,81.08283333,161.13,26.76833333,80.53
14-06-2021 23:00,4,37.9,17.24166667,72.50013333,733.822,55.3308,173.7933333,20.4,12.5
14-06-2021 23:00,5,18.125,8.638333333,128.4456333,1205.401,90.30463333,333.6133333,26.45333333,82.92833333
14-06-2021 23:00,6,33.11833333,15.44833333,81.79166667,624.188,112.9827333,138.86,27.73833333,78.38666667
15-06-2021 00:00,1,69.54333333,26.15166667,186.4522833,910.879,180.3269667,468.5433333,27.07666667,84.44333333
15-06-2021 00:00,2,41.55333333,15.81666667,103.2210833,0.0,70.70046667,180.78,26.60666667,83.62166667
15-06-2021 00:00,3,0.0,16.89666667,77.21133333,587.134,79.01263333,141.0433333,26.67,81.54333333
15-06-2021 00:00,4,35.34,15.93666667,73.8088,671.365,58.09106667,156.7633333,20.4,12.5
15-06-2021 00:00,5,17.39166667,8.458333333,125.0103833,1780.502,93.2531,459.81,26.625,82.01166667
15-06-2021 00:00,6,27.92,13.02166667,78.42185,550.08,117.7504667,131.4366667,27.38,80.73166667
15-06-2021 01:00,1,88.115,34.125,188.34985,924.249,181.8639333,462.8666667,26.50833333,88.225
15-06-2021 01:00,2,41.41333333,16.60333333,98.41173333,0.0,69.03803333,184.2733333,26.67,84.31833333
15-06-2021 01:00,3,0.0,11.57,75.60821667,493.544,75.59366667,131.0,26.755,81.20833333
15-06-2021 01:00,4,36.77833333,16.43166667,79.04346667,677.859,66.6228,156.7633333,20.4,12.5
15-06-2021 01:00,5,21.19245283,10.2490566,108.4835283,3032.143019,87.67279245,670.8188679,27.14716981,81.11886792
15-06-2021 01:00,6,30.71206897,14.82931034,81.05836207,530.5189655,120.2857586,128.7413793,26.99310345,82.67068966
15-06-2021 02:00,1,39.65833333,14.84333333,155.4041667,584.46,169.6309333,361.56,26.54833333,85.41833333
15-06-2021 02:00,2,42.43103448,17.46551724,89.07958621,0.0,67.03813793,187.0137931,26.78448276,84.65517241
15-06-2021 02:00,3,0.0,14.64827586,73.0032931,491.1993103,73.2682069,135.0655172,26.82241379,81.58275862
15-06-2021 02:00,4,41.81333333,18.47833333,78.38913333,713.385,67.31286667,156.3266667,20.4,12.5
15-06-2021 02:00,5,21.79666667,10.55,99.42595,3904.804,84.4077,670.8188679,26.88666667,82.305
15-06-2021 02:00,6,33.97333333,16.28,79.66508333,549.316,121.9536,130.1266667,26.97166667,83.52833333
15-06-2021 03:00,1,44.905,16.90833333,162.9944333,595.156,172.0461667,378.59,26.24333333,87.57166667
15-06-2021 03:00,2,38.78,14.75833333,86.92818333,0.0,62.0119,186.4566667,27.04833333,83.44
15-06-2021 03:00,3,0.0,14.79333333,77.80023333,493.162,76.47193333,131.0,26.835,82.23666667
15-06-2021 03:00,4,39.62666667,17.80333333,78.68358333,723.126,69.94766667,155.4533333,20.4,12.5
15-06-2021 03:00,5,21.55333333,10.185,92.16285,3125.524,82.08656667,672.4666667,26.82166667,81.775
15-06-2021 03:00,6,29.15333333,13.86166667,80.15583333,505.004,115.9939333,116.1533333,27.465,82.51
15-06-2021 04:00,1,57.95932203,21.93559322,164.0269492,693.8155932,171.0706102,391.6677966,26.22033898,88.64237288
15-06-2021 04:00,2,39.92666667,15.32,93.79868333,0.0,67.4697,210.4733333,27.01833333,84.22333333
15-06-2021 04:00,3,0.0,16.765,75.41191667,594.583,78.3853,145.41,26.66166667,83.73166667
15-06-2021 04:00,4,40.72833333,18.04333333,81.30091667,773.741,69.28896667,157.6366667,20.4,12.5
15-06-2021 04:00,5,24.425,11.17666667,92.13013333,3321.681,81.9611,672.4666667,27.02833333,80.49
15-06-2021 04:00,6,28.595,14.13,79.8941,563.068,116.3703333,130.1266667,27.505,83.82
15-06-2021 05:00,1,53.075,20.495,155.9930667,817.289,163.3576,413.0866667,26.18333333,89.53166667
15-06-2021 05:00,2,44.99166667,18.78666667,96.90676667,0.0,73.2098,260.2533333,26.88833333,85.56666667
15-06-2021 05:00,3,0.0,18.61333333,83.26391667,724.081,85.47416667,165.06,26.45166667,85.14833333
15-06-2021 05:00,4,42.34833333,18.27,82.0534,913.744,67.78336667,181.2166667,20.4,12.5
15-06-2021 05:00,5,32.86333333,13.305,112.1200167,1294.789,93.2531,354.1366667,26.86166667,83.89666667
15-06-2021 05:00,6,29.91666667,14.695,81.39906667,685.117,119.2247,151.0866667,27.455,84.78333333
15-06-2021 06:00,1,87.69333333,31.57666667,162.5691167,1132.63,165.2709667,508.28,27.62833333,85.88166667
15-06-2021 06:00,2,48.49333333,21.31166667,92.8499,0.0,69.50853333,319.2033333,27.66666667,83.99666667
15-06-2021 06:00,3,0.0,24.09666667,84.50715,934.372,84.9723,212.6566667,27.28833333,84.15
15-06-2021 06:00,4,49.44666667,21.68833333,83.0349,1185.537,63.73706667,239.73,20.4,12.5
15-06-2021 06:00,5,30.84833333,12.79833333,100.113,1075.903,87.29343333,308.2866667,26.82833333,83.77166667
15-06-2021 06:00,6,33.17,15.94666667,89.3165,946.787,120.5421,198.6833333,27.85333333,85.16666667
15-06-2021 07:00,1,80.51166667,29.72833333,153.3430167,1313.698,154.1044333,494.7433333,29.0,82.22333333
15-06-2021 07:00,2,50.82542373,23.28474576,92.66025424,0.0,62.20169492,291.3084746,28.33050847,83.79830508
15-06-2021 07:00,3,0.0,35.775,79.33791667,1189.357,77.88343333,275.9733333,28.04166667,83.50166667
15-06-2021 07:00,4,50.955,22.74,77.96381667,1338.337,47.30093333,275.9733333,20.4,12.5
15-06-2021 07:00,5,24.29333333,11.36,82.80588333,605.279,72.33153333,234.0533333,26.97833333,81.08333333
15-06-2021 07:00,6,40.19,18.18166667,95.14006667,1315.99,118.8796667,268.9866667,28.40833333,84.49833333
15-06-2021 08:00,1,47.02,19.56,167.1821667,1008.289,103.9491333,498.2366667,30.45166667,76.91
15-06-2021 08:00,2,50.605,23.625,103.1883667,0.0,54.9544,233.18,29.42666667,81.34333333
15-06-2021 08:00,3,0.0,32.815,79.63236667,999.694,70.13586667,250.6466667,29.20666667,81.26
15-06-2021 08:00,4,55.48,24.21333333,74.56128333,1251.05,35.8521,272.9166667,20.4,12.5
15-06-2021 08:00,5,26.645,12.735,74.7903,570.899,65.93273333,252.83,27.11333333,81.095
15-06-2021 08:00,6,47.80166667,20.93666667,100.8982,1235.388,112.6690667,253.7033333,29.12666667,82.65
15-06-2021 09:00,1,49.85833333,20.45166667,147.6830333,762.09,73.27253333,500.42,31.53,70.84666667
15-06-2021 09:00,2,44.31333333,18.61333333,81.82438333,0.0,36.44806667,220.5166667,31.005,74.60833333
15-06-2021 09:00,3,0.0,19.82833333,66.67656667,593.819,51.44133333,179.0333333,30.31833333,76.60666667
15-06-2021 09:00,4,47.84333333,21.02166667,57.9085,935.9,18.4436,236.2366667,20.4,12.5
15-06-2021 09:00,5,31.18,14.88833333,71.68221667,791.695,64.3644,318.7666667,27.38166667,79.42833333
15-06-2021 09:00,6,43.02166667,19.16,93.07891667,924.631,96.29566667,199.5566667,29.97,77.63833333
15-06-2021 10:00,1,50.37,20.635,148.9917,570.708,62.7647,430.99,33.15166667,65.45166667
15-06-2021 10:00,2,41.36333333,16.64333333,37.72231667,0.0,6.9634,241.4766667,32.86333333,65.91333333
15-06-2021 10:00,3,0.0,17.72833333,51.85591667,575.101,35.13066667,196.5,32.30666667,69.01
15-06-2021 10:00,4,45.74,19.29,43.21871667,742.608,3.1994,232.7433333,20.4,12.5
15-06-2021 10:00,5,32.74333333,15.315,78.45456667,1387.615,69.19486667,500.42,27.55,79.10166667
15-06-2021 10:00,6,38.28333333,17.81166667,85.06333333,730.575,78.4794,171.61,30.80166667,72.71833333
15-06-2021 11:00,1,37.36166667,15.315,104.5624667,376.079,29.42193333,417.0166667,34.06,60.65333333
15-06-2021 11:00,2,37.14333333,12.7,27.0894,0.0,1.913366667,242.7866667,33.67833333,59.00666667
15-06-2021 11:00,3,0.0,16.35,24.30848333,601.077,11.32336667,228.3766667,33.89833333,61.495
15-06-2021 11:00,4,34.55,14.70333333,18.94295,571.663,0.125466667,244.5333333,20.4,12.5
15-06-2021 11:00,5,32.38333333,14.91,81.6608,1618.343,70.8573,554.5666667,27.35166667,80.405
15-06-2021 11:00,6,30.54666667,13.85833333,66.48026667,617.503,63.48613333,171.1733333,31.73833333,66.21666667
15-06-2021 12:00,1,29.61166667,12.90666667,118.2053167,321.644,39.4279,455.88,34.47333333,58.56333333
15-06-2021 12:00,2,36.57,12.24,38.54023333,0.0,4.705,254.5766667,34.31333333,56.85166667
15-06-2021 12:00,3,0.0,14.52,15.3114,565.742,2.948466667,263.7466667,34.565,58.55833333
15-06-2021 12:00,4,30.11666667,13.39166667,20.15346667,521.239,0.5646,252.83,20.4,12.5
15-06-2021 12:00,5,27.95,13.1,84.50715,1645.274,70.73183333,592.9933333,27.165,81.55833333
15-06-2021 12:00,6,23.92,11.805,59.21716667,457.636,55.58173333,150.2133333,32.805,61.285
15-06-2021 13:00,1,33.24333333,13.17166667,117.2238167,380.854,55.11123333,489.0666667,35.04833333,58.035
15-06-2021 13:00,2,34.21166667,10.16166667,77.5385,0.0,25.8775,248.4633333,32.025,66.96166667
15-06-2021 13:00,3,0.0,12.49491525,122.4046949,652.2488136,77.95945763,209.1559322,28.32881356,85.33389831
15-06-2021 13:00,4,25.29,11.55333333,58.36653333,626.862,19.88646667,250.21,20.4,12.5
15-06-2021 13:00,5,27.02833333,12.72833333,86.92818333,1125.945,72.2688,366.3633333,27.14666667,81.985
15-06-2021 13:00,6,26.52881356,12.54237288,93.39222034,640.400339,98.94854237,190.5050847,30.25932203,75.58983051
15-06-2021 14:00,1,33.7,12.77166667,172.1223833,660.669,141.1813667,452.8233333,31.58833333,69.59666667
15-06-2021 14:00,2,34.08,10.56666667,124.35605,0.0,59.40846667,187.33,28.99333333,78.03
15-06-2021 14:00,3,0.0,8.673333333,139.7983167,616.166,104.3255333,135.3666667,25.70833333,91.74
15-06-2021 14:00,4,22.97,10.47833333,87.09176667,907.823,44.9798,258.5066667,20.4,12.5
15-06-2021 14:00,5,31.48,14.42333333,97.29936667,2085.911,75.90733333,502.6033333,27.98333333,79.27833333
15-06-2021 14:00,6,9.201666667,6.58,128.7400833,577.393,145.6040667,126.6333333,26.40333333,89.21333333
15-06-2021 15:00,1,30.98166667,12.30666667,218.0238667,755.405,203.2246333,433.1733333,28.72666667,77.62333333
15-06-2021 15:00,2,30.90833333,8.255,158.31595,0.0,88.3599,144.9733333,26.26833333,86.45
15-06-2021 15:00,3,0.0,19.21333333,132.4370667,854.343,111.1948333,160.6933333,25.64166667,92.12666667
15-06-2021 15:00,4,26.4,11.76166667,112.8070667,1047.062,73.17843333,239.2933333,20.4,12.5
15-06-2021 15:00,5,35.08166667,15.42666667,81.43178333,1968.064,51.44133333,527.4933333,29.45166667,74.045
15-06-2021 15:00,6,9.475,6.611666667,127.7585833,1027.007,156.0805333,194.7533333,26.66833333,88.47666667
15-06-2021 16:00,1,33.55833333,13.91666667,230.0636,858.736,189.9565333,492.56,27.805,81.69666667
15-06-2021 16:00,2,31.39333333,8.708333333,154.19365,0.0,95.38603333,172.92,25.52166667,91.09666667
15-06-2021 16:00,3,0.0,16.35166667,117.9108667,979.448,104.6078333,173.3566667,24.53,93.79166667
15-06-2021 16:00,4,29.42833333,13.21666667,122.5239167,1281.228,91.0888,251.9566667,20.4,12.5
15-06-2021 16:00,5,29.63166667,13.8,73.6125,1492.856,44.85433333,469.8533333,30.53333333,70.305
15-06-2021 16:00,6,9.218333333,6.62,109.1428,1065.78,136.8214,195.19,25.78833333,90.16
15-06-2021 17:00,1,35.72666667,14.82833333,220.0523,947.742,201.6249333,430.99,26.21166667,90.91
15-06-2021 17:00,2,33.78833333,10.20833333,132.0444667,0.0,91.4652,222.7,26.08333333,91.65833333
15-06-2021 17:00,3,0.0,9.191666667,107.86685,898.655,102.9767667,170.3,25.44,91.73166667
15-06-2021 17:00,4,33.48166667,15.18,100.8982,1473.565,82.74526667,287.3266667,20.4,12.5
15-06-2021 17:00,5,30.11,14.09333333,38.80196667,946.787,17.6908,417.4533333,31.86666667,65.83166667
15-06-2021 17:00,6,19.93833333,10.56,97.5611,1488.081,134.4689,301.7366667,26.68,88.365
15-06-2021 18:00,1,35.085,15.42833333,211.3496667,918.901,192.7168,433.1733333,25.46666667,93.19166667
15-06-2021 18:00,2,34.135,10.60166667,107.1470833,0.0,76.84833333,218.77,26.28666667,89.55666667
15-06-2021 18:00,3,0.0,14.31333333,92.88261667,1424.86,98.86773333,293.0033333,26.41333333,88.50666667
15-06-2021 18:00,4,37.02333333,16.45166667,88.07326667,1580.907,79.57723333,309.5966667,20.4,12.5
15-06-2021 18:00,5,31.50166667,14.53666667,72.00938333,881.656,29.3592,421.82,32.48666667,64.46
15-06-2021 18:00,6,24.16603774,12.08867925,81.37190566,2141.290189,126.4846038,436.5018868,26.53962264,88.65283019
15-06-2021 20:00,1,57.18833333,23.32166667,200.4550167,1306.058,212.5405333,449.7666667,25.55166667,95.63833333
15-06-2021 20:00,2,40.38166667,15.57,87.48436667,0.0,68.09703333,364.18,26.81166667,86.08333333
15-06-2021 20:00,3,0.0,18.99333333,75.70636667,1415.31,87.73256667,315.2733333,27.16333333,83.95833333
15-06-2021 20:00,4,62.385,25.87333333,91.6721,1761.02,91.81023333,334.05,20.4,12.5
15-06-2021 20:00,5,24.15166667,11.87,57.02515,412.751,13.3622,353.7,33.42666667,60.905
15-06-2021 20:00,6,28.30833333,12.51833333,69.45748333,2800.824,119.2874333,570.7233333,26.78833333,87.655
15-06-2021 21:00,1,75.59166667,28.53,174.4452667,1317.9,194.9438333,477.2766667,25.44166667,96.10833333
15-06-2021 21:00,2,40.59833333,15.07666667,83.85281667,0.0,68.06566667,396.93,27.005,85.29
15-06-2021 21:00,3,0.0,18.62666667,76.13168333,1850.599,87.8894,399.1133333,27.865,81.15333333
15-06-2021 21:00,4,62.16833333,25.0,86.92818333,1497.822,88.0776,288.2,20.4,12.5
15-06-2021 21:00,5,29.05,13.40666667,88.43315,709.756,40.71393333,351.08,33.12666667,60.32333333
15-06-2021 21:00,6,38.84333333,15.005,72.36926667,4422.605,127.1291,570.7233333,26.73166667,88.55
15-06-2021 22:00,1,95.36,29.57666667,169.7340667,1104.171,185.8788667,428.8066667,25.22833333,96.64833333
15-06-2021 22:00,2,41.18333333,13.805,88.40043333,0.0,74.02533333,316.1466667,26.87,86.63
15-06-2021 22:00,3,0.0,12.85666667,76.19711667,1645.656,87.26206667,365.49,27.22833333,82.35166667
15-06-2021 22:00,4,71.74333333,27.19666667,89.08748333,1150.966,88.1717,227.0666667,20.4,12.5
15-06-2021 22:00,5,27.63,12.76833333,86.7646,795.133,39.522,371.1666667,33.36333333,59.48333333
15-06-2021 22:00,6,36.89833333,15.85833333,75.80451667,2708.953,129.1679333,574.6533333,27.18666667,86.12333333
15-06-2021 23:00,1,94.88333333,32.735,178.2404,1147.337,182.5226333,464.6133333,25.54833333,96.45166667
15-06-2021 23:00,2,44.00166667,16.14166667,98.01913333,0.0,79.5145,243.66,26.65,88.81666667
15-06-2021 23:00,3,0.0,14.44528302,89.74243396,1308.818491,95.12977358,284.245283,26.33018868,86.08490566
15-06-2021 23:00,4,73.53,29.04333333,87.18991667,1188.02,87.66983333,238.42,20.4,12.5
15-06-2021 23:00,5,29.38166667,13.75833333,88.10598333,854.343,43.72513333,372.9133333,33.40833333,59.85666667
15-06-2021 23:00,6,30.36,13.84333333,74.36498333,1044.579,125.153,255.8866667,26.99666667,87.50166667
16-06-2021 00:00,1,92.74166667,32.98666667,191.9486833,1010.008,177.8176333,502.6033333,25.725,96.32166667
16-06-2021 00:00,2,40.41833333,14.715,94.09313333,0.0,75.28,213.9666667,26.6,90.24166667
16-06-2021 00:00,3,0.0,16.13333333,88.49858333,767.438,91.59066667,184.2733333,26.37833333,86.955
16-06-2021 00:00,4,43.04,18.64833333,67.42905,778.707,63.01563333,179.9066667,20.4,12.5
16-06-2021 00:00,5,30.97,14.47833333,90.1017,1294.025,47.17546667,457.6266667,33.16333333,59.75666667
16-06-2021 00:00,6,30.13666667,14.465,70.30811667,560.585,115.5548,158.9466667,27.01166667,88.00166667
16-06-2021 01:00,1,82.49666667,29.945,164.0413667,1076.858,173.8340667,465.05,25.75,97.60333333
16-06-2021 01:00,2,43.53833333,17.84833333,74.29955,0.0,66.08956667,206.5433333,26.73833333,89.65166667
16-06-2021 01:00,3,0.0,21.73,82.18426667,695.049,89.83413333,182.5266667,26.505,87.23666667
16-06-2021 01:00,4,43.89,19.58,61.18016667,677.286,55.6131,168.1166667,20.4,12.5
16-06-2021 01:00,5,32.75333333,15.49,102.7303333,1252.196,60.38083333,428.37,32.00333333,64.45833333
16-06-2021 01:00,6,36.37647059,17.30392157,68.97443137,614.5705882,112.1819608,169.0156863,27.02352941,88.51960784
16-06-2021 02:00,1,45.84833333,19.16,148.4028,709.565,156.6451333,394.7466667,26.03166667,95.245
16-06-2021 02:00,2,46.43965517,19.37068966,84.34131034,0.0,72.10006897,201.4689655,26.60172414,90.64827586
16-06-2021 02:00,3,0.0,44.78666667,82.90403333,776.033,92.0298,183.4,26.48333333,87.61666667
16-06-2021 02:00,4,51.38333333,22.51166667,63.92836667,654.366,56.1777,162.8766667,20.4,12.5
16-06-2021 02:00,5,42.63833333,19.465,103.4828167,1849.453,75.49956667,507.8433333,31.195,67.36666667
16-06-2021 02:00,6,43.32166667,19.82333333,73.54706667,545.114,118.5346333,162.44,27.005,88.345
16-06-2021 03:00,1,41.29166667,17.685,141.3032833,590.572,161.3187667,324.88,26.1,94.39166667
16-06-2021 03:00,2,46.28333333,19.00333333,90.23256667,0.0,74.87223333,203.05,26.55166667,91.26333333
16-06-2021 03:00,3,0.0,29.09,83.29663333,648.636,89.55183333,160.2566667,26.275,88.64333333
16-06-2021 03:00,4,64.05833333,27.35833333,69.26118333,687.027,60.75723333,165.9333333,20.4,12.5
16-06-2021 03:00,5,52.37166667,23.48833333,89.57823333,1384.368,67.21876667,457.6266667,30.51833333,67.32666667
16-06-2021 03:00,6,74.13333333,33.75166667,75.83723333,805.829,118.6287333,205.2333333,26.865,89.63
16-06-2021 04:00,1,55.09333333,22.51666667,151.8053333,623.806,160.8796333,390.38,26.04166667,95.08333333
16-06-2021 04:00,2,42.66166667,16.63333333,88.56401667,0.0,69.8222,204.36,26.44166667,91.75333333
16-06-2021 04:00,3,0.0,40.39833333,82.11883333,673.084,86.4779,168.99,26.135,89.46
16-06-2021 04:00,4,76.07333333,32.75833333,72.56556667,751.394,62.98426667,177.2866667,20.4,12.5
16-06-2021 04:00,5,60.93333333,27.20833333,87.81153333,1075.903,68.693,380.7733333,30.07666667,67.18166667
16-06-2021 04:00,6,55.85833333,25.515,76.52428333,826.839,120.6048333,202.1766667,26.86,90.42
16-06-2021 05:00,1,43.38166667,18.635,149.9077667,715.868,159.4995,409.1566667,26.14833333,94.93166667
16-06-2021 05:00,2,40.79166667,14.68166667,91.6721,0.0,74.49583333,253.7033333,26.405,92.02166667
16-06-2021 05:00,3,0.0,35.05666667,82.67501667,918.901,89.55183333,228.3766667,26.205,89.54833333
16-06-2021 05:00,4,61.11666667,25.73166667,72.79458333,884.139,64.6467,200.43,20.4,12.5
16-06-2021 05:00,5,43.02166667,19.57166667,94.12585,707.082,68.37933333,283.3966667,29.46166667,68.81666667
16-06-2021 05:00,6,34.2,15.88833333,75.93538333,808.694,116.3703333,192.1333333,26.84833333,90.75333333
16-06-2021 06:00,1,53.795,22.44333333,155.6659,1116.968,157.7429667,483.39,26.775,93.63833333
16-06-2021 06:00,2,45.59666667,18.70333333,83.26391667,0.0,70.9514,293.44,28.07166667,85.70333333
16-06-2021 06:00,3,0.0,41.91166667,82.41328333,1059.286,88.5481,249.7733333,27.01,87.62166667
16-06-2021 06:00,4,73.62,31.73833333,75.28105,1155.359,61.6355,253.2666667,20.4,12.5
16-06-2021 06:00,5,33.14833333,15.53666667,98.3463,637.749,74.02533333,250.21,29.43666667,69.17333333
16-06-2021 06:00,6,31.59333333,14.83666667,80.74473333,1117.35,120.6675667,241.9133333,27.005,90.31
16-06-2021 07:00,1,73.21833333,28.995,165.5136167,1398.502,152.5988333,545.8333333,28.16166667,88.495
16-06-2021 07:00,2,42.53666667,16.77,56.5344,0.0,36.9813,307.85,29.82,78.96666667
16-06-2021 07:00,3,0.0,21.21333333,71.2569,926.35,70.07313333,247.1533333,28.615,82.86333333
16-06-2021 07:00,4,44.40666667,19.00666667,74.56128333,1426.77,49.90436667,302.1733333,20.4,12.5
16-06-2021 07:00,5,32.86666667,14.96833333,87.05905,656.849,70.9514,253.7033333,29.73666667,67.28
16-06-2021 07:00,6,30.51016949,14.26949153,87.03742373,1429.586441,108.2947458,293.5288136,28.25762712,85.18135593
16-06-2021 08:00,1,55.10833333,21.72,157.92335,1220.108,131.6459,469.4166667,29.30833333,83.81166667
16-06-2021 08:00,2,40.80833333,15.14666667,64.94258333,0.0,32.30766667,260.69,30.00666667,78.575
16-06-2021 08:00,3,0.0,12.17166667,62.52155,614.447,57.0246,188.2033333,29.08,81.16666667
16-06-2021 08:00,4,48.36666667,20.58833333,64.02651667,1181.335,34.75426667,276.41,20.4,12.5
16-06-2021 08:00,5,70.97666667,31.99333333,79.01075,1073.038,70.04176667,378.59,29.44666667,69.10833333
16-06-2021 08:00,6,28.50166667,13.41333333,79.66508333,1076.285,88.10896667,245.4066667,29.05166667,81.31333333
16-06-2021 09:00,1,35.78,15.11333333,128.4129167,725.8,76.221,503.9133333,30.93666667,75.73333333
16-06-2021 09:00,2,33.47,9.931666667,60.13323333,0.0,26.6303,210.4733333,30.76666667,73.93
16-06-2021 09:00,3,0.0,12.23,63.47033333,562.686,53.95066667,178.5966667,29.98333333,78.165
16-06-2021 09:00,4,44.98333333,19.37666667,52.64111667,934.754,23.49363333,276.8466667,20.4,12.5
16-06-2021 09:00,5,79.79166667,35.89333333,87.64795,2052.677,75.4682,378.59,29.12333333,70.05333333
16-06-2021 09:00,6,28.615,13.37,73.64521667,977.538,81.89836667,233.18,29.88666667,77.325
16-06-2021 10:00,1,50.82833333,20.84333333,139.4057167,536.328,57.36963333,418.3266667,31.90833333,70.82833333
16-06-2021 10:00,2,36.02666667,12.12333333,60.88571667,0.0,22.3017,213.53,31.58,70.50833333
16-06-2021 10:00,3,0.0,12.74666667,53.9825,504.431,38.36143333,185.5833333,31.085,74.21333333
16-06-2021 10:00,4,31.87333333,13.87333333,46.3268,631.637,9.5041,221.39,20.4,12.5
16-06-2021 10:00,5,55.35666667,25.57833333,89.15291667,1665.329,71.45326667,561.1166667,29.08833333,71.86333333
16-06-2021 10:00,6,28.70833333,13.415,74.92116667,815.952,71.57873333,205.67,30.385,74.44
16-06-2021 11:00,1,39.46333333,16.63,127.88945,417.717,54.1075,382.9566667,32.825,66.66666667
16-06-2021 11:00,2,38.53076923,14.10576923,70.02625,0.0,21.93253846,217.1576923,32.28846154,68.10769231
16-06-2021 11:00,3,0.0,15.16,67.23275,625.716,44.91706667,198.2466667,31.94166667,71.51333333
16-06-2021 11:00,4,40.19166667,16.675,65.49876667,677.286,14.5855,220.08,20.4,12.5
16-06-2021 11:00,5,44.19833333,20.80333333,90.46158333,1716.708,71.26506667,588.6266667,28.62666667,74.385
16-06-2021 11:00,6,26.55166667,12.57666667,80.15583333,713.194,66.84236667,179.47,30.965,72.23333333
16-06-2021 12:00,1,30.95,13.45,128.4456333,323.554,42.56456667,395.62,33.5,64.20666667
16-06-2021 12:00,2,35.77,12.00833333,71.4532,0.0,12.9858,233.6166667,33.15166667,64.915
16-06-2021 12:00,3,0.0,12.17166667,14.98423333,539.957,7.528,265.4933333,33.96,63.99166667
16-06-2021 12:00,4,27.03166667,12.22833333,30.00118333,523.531,3.136666667,236.6733333,20.4,12.5
16-06-2021 12:00,5,42.95,19.77,90.8869,1629.23,72.99023333,538.41,28.57833333,75.17666667
16-06-2021 12:00,6,25.91,12.53833333,82.77316667,605.852,65.55633333,159.3833333,31.66166667,69.335
16-06-2021 13:00,1,25.12833333,11.00666667,134.4327833,291.848,62.4824,436.23,33.95166667,61.98333333
16-06-2021 13:00,2,35.91666667,12.02333333,68.67228333,0.0,18.66316667,247.1533333,34.02666667,61.24833333
16-06-2021 13:00,3,0.0,11.32,41.19028333,563.832,16.6557,252.3933333,33.84166667,62.41
16-06-2021 13:00,4,27.27333333,12.44666667,31.73516667,488.196,1.662433333,239.2933333,20.4,12.5
16-06-2021 13:00,5,53.55333333,24.13166667,93.34065,1774.39,79.45176667,490.8133333,28.56666667,76.45333333
16-06-2021 13:00,6,25.24,12.01833333,73.08903333,661.815,61.29046667,179.0333333,32.08666667,66.70833333
16-06-2021 14:00,1,25.29,11.11,113.2651,289.174,18.38086667,471.6,35.16,55.55666667
16-06-2021 14:00,2,36.54333333,12.54666667,54.53868333,0.0,6.3988,283.3966667,34.31,59.56
16-06-2021 14:00,3,0.0,12.83833333,9.651416667,683.016,0.125466667,316.1466667,35.13,57.79666667
16-06-2021 14:00,4,26.74166667,12.04333333,30.85181667,466.995,1.380133333,242.35,20.4,12.5
16-06-2021 14:00,5,63.13833333,29.05166667,91.54123333,1751.088,70.88866667,463.3033333,29.155,74.655
16-06-2021 14:00,6,26.15666667,12.33666667,61.31103333,688.364,51.12766667,199.9933333,32.82666667,62.48333333
16-06-2021 15:00,1,27.22666667,11.76166667,116.9293667,330.43,33.7819,496.0533333,35.66833333,53.90166667
16-06-2021 15:00,2,37.46666667,13.27666667,54.24423333,0.0,7.9044,298.2433333,34.48333333,58.08666667
16-06-2021 15:00,3,0.0,13.14333333,41.05941667,670.028,12.64076667,297.8066667,34.77166667,57.60166667
16-06-2021 15:00,4,26.25,11.765,40.4378,533.081,6.994766667,252.83,20.4,12.5
16-06-2021 15:00,5,75.495,33.985,79.3052,1859.767,45.57576667,517.0133333,30.57333333,69.985
16-06-2021 15:00,6,27.70166667,12.84166667,57.81035,686.836,40.463,217.0233333,33.16333333,62.01333333
16-06-2021 16:00,1,34.32666667,14.73333333,162.4709667,406.448,79.48313333,503.9133333,34.00333333,58.73833333
16-06-2021 16:00,2,37.86666667,13.08333333,63.86293333,0.0,16.71843333,320.0766667,34.39833333,57.89833333
16-06-2021 16:00,3,0.0,14.69666667,83.0349,773.932,46.51676667,262.0,33.65333333,60.645
16-06-2021 16:00,4,29.10666667,13.04166667,58.82456667,656.276,21.2666,253.7033333,20.4,12.5
16-06-2021 16:00,5,67.425,30.22666667,50.74355,1837.42,11.69976667,607.4033333,32.91333333,62.63833333
16-06-2021 16:00,6,33.26,14.64,68.5087,909.542,54.64073333,265.0566667,32.85833333,62.265
16-06-2021 17:00,1,42.80166667,17.49666667,203.66125,594.01,152.4106333,469.8533333,31.825,67.86666667
16-06-2021 17:00,2,43.445,16.85833333,117.09295,0.0,54.42116667,307.4133333,32.47166667,65.29666667
16-06-2021 17:00,3,0.0,16.61833333,96.80861667,995.874,63.36066667,279.03,32.095,67.14166667
16-06-2021 17:00,4,39.275,16.30833333,76.19711667,985.942,42.7214,292.13,20.4,12.5
16-06-2021 17:00,5,70.75666667,28.80333333,73.71065,1251.432,8.249433333,526.62,34.21333333,57.99833333
16-06-2021 17:00,6,30.6,14.11666667,87.77881667,1089.846,86.82293333,291.2566667,32.105,65.75333333
16-06-2021 18:00,1,51.00166667,20.40166667,184.8818833,901.52,166.0551333,472.0366667,30.015,73.21833333
16-06-2021 18:00,2,50.79830508,22.19491525,133.5838136,0.0,76.81111864,329.9423729,30.39152542,72.35423729
16-06-2021 18:00,3,0.0,24.47833333,98.3463,1213.614,80.61233333,293.0033333,30.5,71.27
16-06-2021 18:00,4,79.08166667,30.28833333,92.09741667,1351.325,71.20233333,327.0633333,20.4,12.5
16-06-2021 18:00,5,45.45833333,19.775,56.1418,1390.862,6.0224,623.56,35.38833333,53.00333333
16-06-2021 18:00,6,42.475,19.15333333,98.01913333,1434.601,115.8371,345.4033333,30.56166667,72.81666667
16-06-2021 19:00,1,66.38833333,25.14,187.6300833,1037.894,158.9976333,530.9866667,29.5,72.185
16-06-2021 19:00,2,58.8,28.56833333,121.3788333,0.0,82.0552,312.6533333,29.875,72.27666667
16-06-2021 19:00,3,0.0,44.16333333,96.35058333,1339.674,92.9708,313.09,29.89166667,72.49333333
16-06-2021 19:00,4,98.785,37.30666667,79.43606667,1627.32,73.7744,371.6033333,20.4,12.5
16-06-2021 19:00,5,31.86833333,15.145,28.62708333,762.663,1.286033333,560.68,36.78333333,47.36333333
16-06-2021 19:00,6,62.02,26.06833333,88.62945,1441.286,115.2411333,343.22,29.94166667,73.20333333
16-06-2021 20:00,1,58.96333333,22.89666667,174.9033,967.606,148.3957,487.7566667,28.70166667,73.30333333
16-06-2021 20:00,2,61.41166667,31.435,106.88535,0.0,67.21876667,295.6233333,29.42166667,71.71666667
16-06-2021 20:00,3,0.0,54.96333333,94.45301667,1552.448,94.44503333,317.02,28.78833333,76.295
16-06-2021 20:00,4,70.24666667,27.90333333,60.13323333,1167.01,52.06866667,285.1433333,20.4,12.5
16-06-2021 20:00,5,29.39666667,13.77166667,59.15173333,471.579,7.1516,480.3333333,35.63666667,50.73
16-06-2021 20:00,6,74.96166667,32.66666667,80.97375,1383.986,110.1597333,331.43,29.55333333,72.125
16-06-2021 21:00,1,57.04666667,22.99,217.9257167,1230.613,217.2141667,497.3633333,26.605,89.83833333
16-06-2021 21:00,2,66.03833333,35.04333333,117.48555,0.0,78.60486667,299.99,29.12666667,73.73333333
16-06-2021 21:00,3,0.0,42.37666667,78.94531667,1587.401,89.55183333,337.5433333,29.25166667,74.94333333
16-06-2021 21:00,4,66.91666667,27.09833333,78.06196667,973.145,63.73706667,240.1666667,20.4,12.5
16-06-2021 21:00,5,36.10666667,14.515,140.84525,864.657,53.98203333,413.5233333,34.11833333,55.31
16-06-2021 21:00,6,69.59166667,29.99666667,84.08183333,1399.839,123.7101333,332.74,29.325,73.07
16-06-2021 22:00,1,58.85,23.75833333,211.8731333,1340.247,209.3097667,516.14,26.89,90.46166667
16-06-2021 22:00,2,49.98,22.79333333,114.7700667,0.0,76.81696667,256.76,28.81,75.25333333
16-06-2021 22:00,3,0.0,18.7,52.34666667,893.498,60.6004,201.74,28.75,75.545
16-06-2021 22:00,4,64.16333333,25.75166667,79.6978,895.026,70.92003333,212.6566667,20.4,12.5
16-06-2021 22:00,5,26.65666667,11.83,95.14006667,649.4,35.5698,383.83,34.86166667,50.72166667
16-06-2021 22:00,6,47.43666667,20.13333333,82.93675,1043.051,116.8094667,247.1533333,29.07,74.91166667
16-06-2021 23:00,1,84.03166667,33.43666667,147.71575,1367.178,177.2844,475.53,27.27166667,84.55833333
16-06-2021 23:00,2,67.285,36.39333333,97.26665,0.0,74.6213,280.34,28.51833333,77.30666667
16-06-2021 23:00,3,0.0,23.02586207,60.92068966,1092.651724,72.61924138,206.437931,28.69655172,75.66551724
16-06-2021 23:00,4,81.66666667,33.38666667,75.01931667,900.183,68.693,212.22,20.4,12.5
16-06-2021 23:00,5,26.945,12.715,80.71201667,806.593,36.0403,409.5933333,34.375,51.16333333
16-06-2021 23:00,6,42.82333333,16.89,80.61386667,1096.149,118.566,203.9233333,29.02833333,73.12833333
17-06-2021 00:00,1,79.38833333,28.745,182.6898667,1341.584,185.2829,566.3566667,26.735,89.38333333
17-06-2021 00:00,2,72.76333333,40.91666667,104.0717167,0.0,82.18066667,293.8766667,27.98166667,81.14
17-06-2021 00:00,3,0.0,54.40333333,84.63801667,990.144,86.35243333,241.4766667,27.64,79.81166667
17-06-2021 00:00,4,72.77333333,29.99,67.20003333,852.242,64.86626667,202.1766667,20.4,12.5
17-06-2021 00:00,5,28.45666667,13.0,82.8386,1261.173,42.18816667,476.84,33.86166667,50.78333333
17-06-2021 00:00,6,77.09833333,34.12666667,78.02925,1103.216,115.9625667,247.1533333,28.69166667,75.305
17-06-2021 01:00,1,77.345,29.14833333,159.3301667,1216.479,172.8617,497.8,26.96166667,87.65333333
17-06-2021 01:00,2,68.22333333,37.18833333,105.0205,0.0,84.56453333,258.07,28.03,81.25
17-06-2021 01:00,3,0.0,57.195,80.84288333,848.995,86.91703333,228.3766667,28.18666667,78.33666667
17-06-2021 01:00,4,112.96,46.62666667,65.59691667,1073.038,68.5048,246.28,20.4,12.5
17-06-2021 01:00,5,34.20166667,14.75333333,129.6888667,2181.22,78.79306667,602.6,32.78333333,58.66
17-06-2021 01:00,6,107.8224138,47.25689655,80.65222414,1101.543103,120.3506552,280.0689655,28.24137931,77.95344828
17-06-2021 02:00,1,82.86833333,32.56166667,147.2904333,1162.426,161.9774667,486.01,27.04833333,86.60333333
17-06-2021 02:00,2,87.37586207,52.49137931,93.95324138,0.0,81.80210345,350.537931,28.21551724,80.84482759
17-06-2021 02:00,3,0.0,49.77666667,38.6711,803.728,54.17023333,217.0233333,29.135,75.905
17-06-2021 02:00,4,94.50166667,39.38333333,70.4717,926.159,72.04923333,220.5166667,20.4,12.5
17-06-2021 02:00,5,38.00333333,17.22333333,156.9745667,1124.608,83.21576667,375.97,31.05833333,68.03166667
17-06-2021 02:00,6,72.1,31.855,78.74901667,842.31,112.9513667,210.91,28.16333333,79.675
17-06-2021 03:00,1,89.96333333,35.275,149.6133167,1231.186,167.8430333,508.28,26.92,88.35333333
17-06-2021 03:00,2,80.79833333,47.89833333,91.99926667,0.0,77.38156667,349.3333333,28.335,80.72666667
17-06-2021 03:00,3,0.0,52.1,21.49485,821.682,40.68256667,227.5033333,29.785,74.665
17-06-2021 03:00,4,106.0716667,43.9,67.46176667,1066.162,70.51226667,246.28,20.4,12.5
17-06-2021 03:00,5,58.93333333,22.835,155.3060167,800.863,80.0791,289.9466667,29.43333333,72.60833333
17-06-2021 03:00,6,63.29333333,28.365,79.04346667,731.148,112.2299333,190.3866667,28.17,81.78333333
17-06-2021 04:00,1,96.95666667,36.97666667,154.5535333,1199.671,170.3523667,495.6166667,26.615,89.45666667
17-06-2021 04:00,2,64.91,35.31666667,101.1272167,0.0,75.5623,286.0166667,28.00833333,82.89666667
17-06-2021 04:00,3,0.0,58.84333333,43.67675,898.464,63.1411,239.2933333,28.955,77.36666667
17-06-2021 04:00,4,122.4583333,49.715,73.93966667,1265.757,74.9977,277.2833333,20.4,12.5
17-06-2021 04:00,5,36.33666667,17.63666667,137.9661833,662.197,78.8558,260.2533333,28.48833333,76.10666667
17-06-2021 04:00,6,45.60833333,21.37833333,83.19848333,707.082,110.5047667,178.16,28.05166667,83.42833333
17-06-2021 05:00,1,111.88,40.235,162.1438,1522.461,170.9169667,564.1733333,26.42666667,90.025
17-06-2021 05:00,2,63.45833333,34.31833333,109.6662667,0.0,82.21203333,269.86,27.675,85.25666667
17-06-2021 05:00,3,0.0,57.15166667,59.54433333,1338.91,75.97006667,316.1466667,28.69833333,78.55166667
17-06-2021 05:00,4,141.3816667,57.72833333,69.13031667,1524.753,73.1157,335.36,20.4,12.5
17-06-2021 05:00,5,21.76666667,10.695,113.6577,789.212,74.9036,273.79,28.32333333,75.66666667
17-06-2021 05:00,6,52.52075472,24.40566038,85.89050943,903.6101887,119.7378113,204.1622642,27.86415094,85.28867925
17-06-2021 06:00,1,131.0066667,45.88166667,166.8877167,1780.693,178.4763333,591.6833333,27.37833333,87.26
17-06-2021 06:00,2,56.09833333,28.72833333,102.76305,0.0,78.4794,266.8033333,29.24833333,80.51
17-06-2021 06:00,3,0.0,46.92,58.03936667,1392.772,67.53243333,323.1333333,28.59333333,80.77
17-06-2021 06:00,4,144.08,59.98166667,79.8941,1698.754,77.8207,358.0666667,20.4,12.5
17-06-2021 06:00,5,23.705,11.62833333,100.2765833,987.661,76.9738,307.4133333,28.95166667,73.89833333
17-06-2021 06:00,6,64.75666667,29.43333333,82.87131667,1087.363,114.3628667,243.2233333,27.88666667,86.33666667
17-06-2021 07:00,1,108.5216667,43.115,196.8234667,1444.151,155.6100333,548.0166667,29.57333333,79.49166667
17-06-2021 07:00,2,54.80666667,27.30833333,66.51298333,0.0,39.27106667,299.99,31.44333333,72.48666667
17-06-2021 07:00,3,0.0,32.27,84.50715,997.593,71.82966667,252.3933333,29.43,79.34833333
17-06-2021 07:00,4,89.565,38.01833333,85.48865,1361.83,54.7662,298.2433333,20.4,12.5
17-06-2021 07:00,5,44.65833333,20.705,86.43743333,730.384,67.752,276.41,29.23166667,72.97166667
17-06-2021 07:00,6,66.705,30.04833333,90.298,1280.082,104.7646667,275.5366667,28.525,82.425
17-06-2021 08:00,1,85.16166667,35.27333333,198.2302833,1148.865,88.0776,536.2266667,31.52833333,71.18833333
17-06-2021 08:00,2,62.915,33.88833333,60.59126667,0.0,18.66316667,314.4,32.50833333,67.21333333
17-06-2021 08:00,3,0.0,43.87333333,81.2682,926.732,58.74976667,240.6033333,30.83,74.33166667
17-06-2021 08:00,4,70.83833333,30.16,83.4275,1116.204,25.28153333,265.0566667,20.4,12.5
17-06-2021 08:00,5,41.36,18.87,82.96946667,698.105,67.06193333,278.5933333,28.81166667,73.6
17-06-2021 08:00,6,62.77833333,27.695,105.6421167,1341.393,94.2882,272.48,29.41,78.25166667
17-06-2021 09:00,1,93.70833333,38.94166667,206.7693333,926.732,29.3592,541.03,33.14,64.80833333
17-06-2021 09:00,2,46.75333333,20.55666667,73.25261667,0.0,17.4085,259.8166667,32.81833333,64.17166667
17-06-2021 09:00,3,0.0,22.47833333,60.88571667,670.601,38.89466667,223.5733333,32.785,66.575
17-06-2021 09:00,4,75.28833333,31.76166667,66.5457,828.749,2.7289,243.66,20.4,12.5
17-06-2021 09:00,5,31.495,13.82666667,105.2822333,1137.023,91.49656667,340.6,28.305,76.88833333
17-06-2021 09:00,6,68.31833333,28.685,117.1256667,1041.332,80.70643333,196.9366667,30.43666667,73.09166667
17-06-2021 10:00,1,65.37333333,28.04166667,139.86375,430.705,4.5168,429.68,34.42833333,57.8
17-06-2021 10:00,2,43.72833333,17.31666667,70.50441667,0.0,9.660933333,272.0433333,33.97833333,59.25166667
17-06-2021 10:00,3,0.0,16.52666667,56.76341667,466.231,25.34426667,202.6133333,32.92,64.25
17-06-2021 10:00,4,47.91833333,20.56,38.14763333,604.133,0.0,245.8433333,20.4,12.5
17-06-2021 10:00,5,31.22833333,14.78166667,78.3237,774.696,58.78113333,327.9366667,28.75666667,72.45333333
17-06-2021 10:00,6,47.80833333,20.16333333,97.10306667,906.104,61.98053333,193.0066667,31.45833333,67.505
17-06-2021 11:00,1,43.51333333,19.02,120.5609167,283.444,9.064966667,458.0633333,35.835,51.535
17-06-2021 11:00,2,40.44166667,14.92666667,84.24541667,0.0,10.38236667,254.14,34.61833333,55.92666667
17-06-2021 11:00,3,0.0,14.26166667,51.2343,468.905,19.07093333,220.9533333,34.28833333,59.32333333
17-06-2021 11:00,4,36.925,15.27333333,27.44928333,501.566,0.0,272.9166667,20.4,12.5
17-06-2021 11:00,5,30.04333333,14.38833333,79.27248333,790.549,57.27553333,347.15,28.76,72.58166667
17-06-2021 11:00,6,41.83833333,17.92166667,76.65515,730.384,47.48913333,190.8233333,32.45,61.20666667
17-06-2021 12:00,1,34.46333333,15.115,139.47115,234.357,13.42493333,494.7433333,36.38833333,49.97333333
17-06-2021 12:00,2,38.77833333,13.37666667,99.26236667,0.0,20.5138,263.31,34.41166667,57.85166667
17-06-2021 12:00,3,0.0,11.845,28.23448333,447.513,4.642266667,263.31,34.935,54.67833333
17-06-2021 12:00,4,32.08333333,13.895,35.43215,475.781,0.0,288.2,20.4,12.5
17-06-2021 12:00,5,33.42,15.96666667,81.00646667,1065.78,61.00816667,455.0066667,28.60166667,73.48166667
17-06-2021 12:00,6,29.52833333,13.30833333,70.20996667,507.678,43.69376667,161.13,33.24833333,58.40166667
17-06-2021 13:00,1,28.0,12.23833333,129.558,229.964,11.13516667,550.6366667,36.39,49.62333333
17-06-2021 13:00,2,36.98333333,12.29166667,59.83878333,0.0,11.32336667,296.06,35.48166667,52.97166667
17-06-2021 13:00,3,0.0,11.64166667,12.9558,462.411,0.0,305.23,35.70333333,51.335
17-06-2021 13:00,4,28.46333333,12.37,21.9856,393.842,0.0,294.3133333,20.4,12.5
17-06-2021 13:00,5,34.80833333,16.1,86.20841667,1193.75,68.75573333,401.7333333,28.36,74.75833333
17-06-2021 13:00,6,31.255,13.26,69.75193333,596.302,42.56456667,190.8233333,33.55833333,57.13666667
17-06-2021 14:00,1,30.17166667,12.41666667,146.0799167,302.544,27.41446667,528.3666667,36.935,47.88666667
17-06-2021 14:00,2,34.42333333,10.3,34.41793333,0.0,0.2823,314.8366667,35.36833333,48.25
17-06-2021 14:00,3,0.0,15.81666667,36.74081667,644.052,0.125466667,322.26,35.72333333,51.61833333
17-06-2021 14:00,4,32.385,13.75333333,33.20741667,480.938,0.941,318.7666667,20.4,12.5
17-06-2021 14:00,5,35.18,16.75,84.34356667,1418.557,64.23893333,405.6633333,28.785,72.74833333
17-06-2021 14:00,6,30.16666667,12.80166667,64.71356667,653.793,38.14186667,212.22,34.225,54.08166667
17-06-2021 15:00,1,34.90434783,14.0173913,148.9319565,332.8382609,21.27478261,572.9826087,36.66521739,47.6826087
17-06-2021 15:00,2,35.17666667,10.68166667,66.77471667,0.0,12.8917,311.78,35.15833333,49.725
17-06-2021 15:00,3,0.0,13.44666667,62.29253333,576.438,13.7386,300.8633333,34.74333333,53.04333333
17-06-2021 15:00,4,34.61333333,14.52666667,71.28961667,674.612,18.09856667,303.92,20.4,12.5
17-06-2021 15:00,5,49.60166667,22.49166667,66.44755,2892.313,43.12916667,686.44,30.43166667,67.05166667
17-06-2021 15:00,6,30.07333333,12.76,47.3083,659.523,27.289,252.83,34.27333333,52.77833333
01-07-2021 16:00,1,39.97631579,12.69473684,11.10644737,804.9142105,63.54226316,545.3736842,37.15,45.26052632
01-07-2021 16:00,2,35.38888889,11.87777778,42.74977778,0.0,0.0,343.5111111,36.31111111,46.81111111
01-07-2021 16:00,3,0.0,12.23703704,86.372,620.1133333,34.36392593,279.4666667,34.83703704,52.3
01-07-2021 16:00,4,72.26333333,32.555,65.98951667,830.086,15.4324,293.0033333,20.4,12.5
01-07-2021 16:00,5,33.44333333,15.11333333,50.0565,1327.45,11.69976667,396.93,32.33,65.09833333
01-07-2021 16:00,6,26.46333333,12.28666667,39.91433333,632.592,5.3637,302.1733333,35.28,48.17833333
02-07-2021 01:00,1,36.19166667,15.30833333,12.53048333,774.314,177.5039667,382.0833333,27.04166667,82.65833333
02-07-2021 01:00,2,39.1,14.03333333,119.743,0.0,85.94466667,157.2,27.8,80.73333333
02-07-2021 01:00,3,0.0,21.74,78.48728333,668.882,74.6213,145.41,27.57666667,78.78833333
02-07-2021 01:00,4,27.48166667,12.685,84.409,597.83,62.82743333,132.7466667,20.4,12.5
02-07-2021 01:00,5,32.33166667,14.8,108.4230333,1669.34,44.4152,479.46,33.88,53.8
02-07-2021 01:00,6,24.06833333,11.90666667,77.37491667,321.262,108.1209,103.0533333,28.61833333,76.915
02-07-2021 02:00,1,36.88333333,15.84,7.75385,767.629,170.4151,338.4166667,26.93666667,83.19333333
02-07-2021 02:00,2,36.7537037,12.91851852,115.4534815,0.0,78.06814815,163.5074074,27.7037037,82.54259259
02-07-2021 02:00,3,0.0,18.7862069,90.83951724,608.367931,79.044,137.7758621,27.81206897,81.94482759
02-07-2021 02:00,4,28.3,12.96166667,95.07463333,576.056,71.48463333,131.0,20.4,12.5
02-07-2021 02:00,5,33.86666667,16.36,112.6434833,1834.364,58.56156667,495.18,33.37166667,56.78333333
02-07-2021 02:00,6,22.115,11.44833333,86.7646,274.658,113.6728,90.82666667,28.49,81.39666667
02-07-2021 03:00,1,51.76333333,21.20333333,8.898933333,798.189,179.731,357.63,26.83666667,85.50333333
02-07-2021 03:00,2,49.42166667,23.755,95.07463333,0.0,69.2576,166.8066667,27.60166667,84.24833333
02-07-2021 03:00,3,0.0,18.275,86.07755,600.313,77.13063333,131.8733333,27.66333333,83.50166667
02-07-2021 03:00,4,30.83833333,14.165,89.67638333,595.92,67.4697,131.4366667,20.4,12.5
02-07-2021 03:00,5,23.59833333,11.54833333,170.2575333,1026.052,83.52943333,320.95,31.56333333,73.18333333
02-07-2021 03:00,6,20.81166667,10.85666667,83.32935,297.769,111.4144,96.50333333,28.46666667,83.11166667
02-07-2021 04:00,1,46.035,17.65,7.6557,804.492,188.0745333,369.8566667,27.06333333,88.20166667
02-07-2021 04:00,2,41.125,16.505,96.41601667,0.0,71.2337,177.2866667,27.4,85.39333333
02-07-2021 04:00,3,0.0,20.47833333,82.47871667,617.694,75.71913333,145.8466667,27.29833333,84.115
02-07-2021 04:00,4,28.24,12.99166667,80.90831667,639.086,60.38083333,134.0566667,20.4,12.5
02-07-2021 04:00,5,20.48,10.155,162.094725,1052.028,86.7602,309.815,30.9925,77.3
02-07-2021 04:00,6,21.635,11.35166667,76.557,331.194,104.7960333,101.7433333,28.45833333,82.69666667
06-07-2021 15:00,1,47.05185185,17.55555556,4.943851852,943.1155556,180.9508148,330.8962963,26.17407407,91.61111111
06-07-2021 15:00,2,36.13529412,11.72352941,90.298,0.0,42.06823529,178.7764706,29.42352941,72.52352941
06-07-2021 15:00,3,0.0,11.85789474,77.38352632,770.2326316,62.70031579,159.9578947,29.14210526,73.82631579
06-07-2021 15:00,4,24.87741935,10.85483871,61.10629032,763.0141935,32.41896774,210.4451613,20.4,12.5
06-07-2021 15:00,5,28.44,11.385,77.66936667,1461.341,51.88046667,375.97,28.33,79.06166667
06-07-2021 15:00,6,16.46666667,8.7,68.05066667,786.92,72.77066667,183.4,30.36666667,71.23333333
06-07-2021 17:00,1,29.71833333,11.95833333,10.96008333,935.327,141.9028,414.8333333,27.37666667,85.08166667
06-07-2021 17:00,2,35.24833333,11.55166667,95.9907,0.0,47.6146,175.1033333,28.18666667,76.545
06-07-2021 17:00,3,0.0,14.13,84.37628333,776.033,66.7169,160.6933333,28.17666667,76.34666667
06-07-2021 17:00,4,20.855,9.358333333,77.21133333,795.515,47.11273333,203.4866667,20.4,12.5
06-07-2021 17:00,5,37.45666667,15.46,65.20431667,1180.38,25.1247,355.4466667,30.95,69.775
06-07-2021 17:00,6,18.7,9.5,86.372,1272.06,103.51,262.0,28.1,78.1
06-07-2021 18:00,1,29.53,11.80166667,4.9075,1010.39,149.9640333,395.62,26.86666667,86.03
06-07-2021 18:00,2,36.45666667,12.335,97.79011667,0.0,54.3898,186.4566667,27.67833333,79.955
06-07-2021 18:00,3,0.0,15.48833333,92.68631667,897.7,76.221,177.2866667,27.58166667,79.56833333
06-07-2021 18:00,4,23.23166667,10.40333333,80.31941667,875.735,56.0836,212.6566667,20.4,12.5
06-07-2021 18:00,5,27.19,11.99,62.4234,921.002,14.9619,327.5,32.59166667,61.51
06-07-2021 18:00,6,20.42051282,10.29230769,81.238,971.1615385,106.3088718,216.3179487,27.82051282,79.75128205
06-07-2021 19:00,1,35.98666667,13.25,6.543333333,1659.026,171.6697667,514.83,26.42,88.49
06-07-2021 19:00,2,34.91833333,11.295,84.70345,0.0,46.79906667,184.2733333,27.47666667,80.995
06-07-2021 19:00,3,0.0,17.26833333,90.13441667,1046.871,77.38156667,211.7833333,27.16166667,80.84
06-07-2021 19:00,4,26.46,11.47,74.16868333,1011.536,57.74603333,232.7433333,20.4,12.5
06-07-2021 19:00,5,18.40833333,9.465,54.34238333,662.77,8.688566667,310.9066667,33.13166667,57.52166667
06-07-2021 19:00,6,20.705,10.35,77.27676667,895.026,105.0783333,200.8666667,27.69166667,80.02666667
06-07-2021 20:00,1,51.19333333,20.31666667,4.7112,1644.128,176.0611,524.8733333,26.31666667,90.67833333
06-07-2021 20:00,2,34.595,10.77,74.43041667,0.0,44.6975,175.1033333,27.25833333,81.20333333
06-07-2021 20:00,3,0.0,15.87272727,87.79963636,951.18,77.84636364,192.9272727,27.06363636,81.07272727
06-07-2021 20:00,4,27.49833333,12.13833333,72.20568333,1247.039,60.91406667,274.6633333,20.4,12.5
06-07-2021 20:00,5,17.05666667,8.623333333,66.08766667,483.421,11.82523333,274.6633333,33.15666667,56.96
06-07-2021 20:00,6,19.68166667,9.99,66.44755,752.731,96.01336667,174.23,27.80333333,79.62666667
07-07-2021 01:00,1,27.27166667,12.085,4.449466667,521.43,158.9035333,362.4333333,25.505,93.24666667
07-07-2021 01:00,2,36.755,13.04,95.36908333,0.0,61.4473,156.7633333,25.93,89.115
07-07-2021 01:00,3,0.0,13.0,86.372,618.84,80.926,104.8,25.8,86.7
07-07-2021 01:00,4,31.20666667,13.76166667,74.52856667,477.5,61.03953333,128.38,20.4,12.5
07-07-2021 01:00,5,23.745,8.851666667,110.9422167,1690.541,77.03653333,391.69,27.02666667,78.59666667
07-07-2021 01:00,6,22.28833333,11.31833333,67.23275,414.661,103.4472667,104.8,26.60166667,86.47833333
07-07-2021 02:00,1,28.19833333,12.34833333,3.173516667,506.723,161.4128667,302.1733333,25.02333333,94.715
07-07-2021 02:00,2,36.09333333,12.46333333,95.7944,0.0,60.56903333,153.27,25.665,90.095
07-07-2021 02:00,3,0.0,13.84,83.75466667,541.485,86.32106667,122.7033333,25.67166667,87.235
07-07-2021 02:00,4,29.87833333,13.15333333,74.13596667,476.927,61.94916667,128.8166667,20.4,12.5
07-07-2021 02:00,5,35.81666667,9.001666667,115.0645167,1014.974,78.7617,261.5633333,26.19166667,83.21
07-07-2021 02:00,6,22.73018868,11.40566038,72.85322642,417.3169811,114.2693585,102.8226415,26.28867925,87.79622642
07-07-2021 03:00,1,37.08,15.42666667,4.678483333,622.278,164.9573,360.6866667,24.84333333,95.775
07-07-2021 03:00,2,34.325,10.89333333,95.82711667,0.0,60.34946667,145.41,25.53,90.38166667
07-07-2021 03:00,3,0.0,15.04833333,81.8571,585.415,85.5369,128.38,25.495,87.76666667
07-07-2021 03:00,4,32.52666667,13.645,74.03781667,503.094,61.79233333,125.76,20.4,12.5
07-07-2021 03:00,5,42.995,9.89,112.5126167,922.53,79.63996667,245.8433333,26.025,85.16166667
07-07-2021 03:00,6,21.095,10.55,72.27111667,415.998,113.6728,100.4333333,26.15,88.365
07-07-2021 04:00,1,26.94954955,11.34144144,10.23943243,717.6437838,179.5868829,356.4144144,25.85585586,90.64144144
07-07-2021 04:00,2,33.43166667,10.15833333,93.2425,0.0,58.37336667,143.2266667,25.52333333,90.93
07-07-2021 04:00,3,0.0,11.37211538,96.545625,706.7734615,88.77973077,150.9019231,25.97692308,85.31153846
07-07-2021 04:00,4,34.42542373,14.79067797,89.48285593,751.989661,71.56384746,175.1847458,20.4,12.5
07-07-2021 04:00,5,26.92,9.773333333,95.07463333,864.657,72.2688,241.04,26.215,84.58333333
07-07-2021 04:00,6,18.5733945,9.425688073,92.71122936,688.3359633,131.5500734,143.2587156,26.43669725,86.16972477
07-07-2021 05:00,1,30.11333333,11.88,10.78014167,918.4235,191.4778167,392.1266667,25.46416667,94.14083333
07-07-2021 05:00,2,34.28202247,10.57078652,103.8846067,0.0,68.44982022,177.2179775,25.81685393,88.83370787
07-07-2021 05:00,3,0.0,11.90666667,94.35486667,886.049,89.50478333,172.7016667,25.98083333,85.47833333
07-07-2021 05:00,4,46.215,19.98333333,83.13305,1005.997,70.62205,220.9533333,20.4,12.5
07-07-2021 05:00,5,20.64833333,9.935,83.32935,878.6,66.59143333,240.6033333,26.54166667,83.49333333
07-07-2021 05:00,6,20.1325,9.998333333,86.27385,964.359,126.61155,194.535,26.545,85.71666667
07-07-2021 06:00,1,31.12916667,12.66416667,12.15424167,1104.2665,183.5263667,439.9416667,25.67,94.16083333
07-07-2021 06:00,2,35.18938053,11.08230088,104.7164956,0.0,70.5000531,216.3238938,26.32654867,86.95309735
07-07-2021 06:00,3,0.0,14.38083333,92.35915,1014.4965,90.77513333,197.5916667,25.7575,87.62166667
07-07-2021 06:00,4,52.9975,23.30583333,83.36206667,1355.718,71.20233333,278.8116667,20.4,12.5
07-07-2021 06:00,5,20.30833333,9.786666667,78.45456667,602.796,64.61533333,196.0633333,26.53333333,83.32166667
07-07-2021 06:00,6,20.90833333,10.44833333,83.60744167,1016.311,123.2082667,203.705,26.57166667,86.24833333
07-07-2021 07:00,1,31.76416667,13.40833333,4.384033333,1143.9945,171.4502,429.025,26.10166667,92.84833333
07-07-2021 07:00,2,37.17,12.72666667,94.78018333,0.0,63.62728333,223.1366667,26.8825,86.21
07-07-2021 07:00,3,0.0,16.825,84.81795833,1013.9235,84.47043333,209.3816667,26.2775,87.235
07-07-2021 07:00,4,58.98333333,26.07166667,80.27034167,1271.5825,64.99173333,272.48,20.4,12.5
07-07-2021 07:00,5,19.02352941,9.170588235,75.97964706,411.8858824,60.55611765,157.2,26.52352941,82.97058824
07-07-2021 07:00,6,22.555,11.1675,86.19205833,1006.761,123.88265,200.6483333,26.815,86.66583333
07-07-2021 12:00,1,22.335,9.651666667,4.02415,489.724,57.5892,413.0866667,33.08,61.26666667
07-07-2021 12:00,2,31.92166667,8.921666667,74.82301667,0.0,13.86406667,198.2466667,33.19333333,59.51166667
07-07-2021 12:00,3,0.0,7.478333333,41.09213333,487.05,16.71843333,188.2033333,32.97833333,60.175
07-07-2021 12:00,4,23.37833333,10.79666667,51.36516667,551.608,7.841666667,203.05,20.4,12.5
07-07-2021 12:00,5,20.84833333,8.031666667,133.18955,1220.299,85.41143333,307.85,26.78833333,80.03333333
07-07-2021 12:00,6,19.56666667,10.04,77.9311,612.537,66.40323333,138.86,31.77,63.615
10-07-2021 01:00,1,28.79333333,13.055,5.3001,542.249,42.78413333,358.5033333,34.44666667,55.72333333
10-07-2021 01:00,2,30.43018868,8.011320755,106.3353396,0.0,19.92079245,223.4415094,34.08490566,56.36226415
10-07-2021 01:00,3,0.0,6.803333333,79.99225,619.986,21.2666,183.8366667,33.305,58.24666667
10-07-2021 01:00,4,25.365,11.54333333,70.40626667,570.517,9.911866667,150.2133333,20.4,12.5
10-07-2021 01:00,5,16.11083333,8.128333333,99.62225,701.925,58.29495,220.2983333,29.23,75.50166667
10-07-2021 01:00,6,15.80833333,8.24,82.60958333,638.704,48.02236667,141.0433333,33.49,57.07666667
10-07-2021 02:00,1,43.36166667,18.48,33.14198333,827.985,90.17916667,386.45,33.62833333,59.47166667
10-07-2021 02:00,2,31.565,9.0,94.84561667,0.0,16.31066667,246.28,33.99,58.49666667
10-07-2021 02:00,3,0.0,6.618333333,97.92098333,631.255,40.49436667,175.54,33.135,59.77166667
10-07-2021 02:00,4,19.635,9.44,57.84306667,542.44,8.312166667,174.6666667,20.4,12.5
10-07-2021 02:00,5,17.84583333,8.709166667,100.0312083,532.89,55.47195,181.6533333,28.99083333,76.28583333
10-07-2021 02:00,6,15.40666667,8.241666667,65.62963333,561.349,35.35023333,168.1166667,34.40166667,56.01833333
10-07-2021 03:00,1,22.655,10.19,18.8448,630.682,127.3486667,343.6566667,33.295,62.43333333
10-07-2021 03:00,2,31.035,8.496666667,121.1825333,0.0,28.54366667,231.4333333,33.33166667,60.56
10-07-2021 03:00,3,0.0,7.793333333,94.71475,577.393,46.79906667,181.6533333,33.04,63.15666667
10-07-2021 03:00,4,20.06666667,9.32,85.91396667,571.472,26.0657,157.6366667,20.4,12.5
10-07-2021 03:00,5,16.975,8.515,104.1044333,464.2255,55.1426,162.44,29.04,77.0475
10-07-2021 03:00,6,17.90833333,8.913333333,65.85865,514.363,43.4742,205.67,33.93166667,60.68833333
10-07-2021 04:00,1,22.365,10.07,14.95151667,587.325,120.9185,361.1233333,32.61666667,64.79666667
10-07-2021 04:00,2,31.55666667,8.858333333,134.0729,0.0,35.9462,226.63,32.58666667,63.56666667
10-07-2021 04:00,3,0.0,8.048333333,89.25106667,650.546,46.8618,186.02,32.61,65.43
10-07-2021 04:00,4,17.32666667,8.285,77.04775,586.179,38.80056667,178.5966667,20.4,12.5
10-07-2021 04:00,5,17.36083333,8.685833333,73.48163333,436.7215,38.22028333,169.8633333,30.28166667,72.23833333
10-07-2021 04:00,6,16.38,8.705,58.95543333,571.281,35.0993,237.5466667,33.19666667,62.80333333
10-07-2021 05:00,1,28.93333333,13.08833333,13.25025,587.898,156.6451333,347.15,30.54833333,71.005
10-07-2021 05:00,2,32.06,9.231666667,165.0228667,0.0,56.99323333,211.3466667,31.0,70.77833333
10-07-2021 05:00,3,0.0,6.056603774,95.22401887,696.8977358,57.31222642,188.8377358,31.26226415,69.76792453
10-07-2021 05:00,4,19.19,8.73,89.1202,632.974,56.46,168.1166667,20.4,12.5
10-07-2021 05:00,5,17.8075,8.8525,60.0678,402.055,31.93126667,193.6616667,31.25833333,69.35083333
10-07-2021 05:00,6,15.67333333,8.15,109.5354,653.411,112.0103667,211.7833333,31.30166667,69.77333333
10-07-2021 06:00,1,24.50333333,11.04,20.05531667,651.119,167.498,374.2233333,29.54,75.32833333
10-07-2021 06:00,2,32.02333333,9.236666667,182.2972667,0.0,78.16573333,176.4133333,29.69,76.12333333
10-07-2021 06:00,3,0.0,5.788333333,86.50286667,582.741,59.31436667,167.68,30.26333333,72.68333333
10-07-2021 06:00,4,21.75333333,10.38166667,102.17415,650.546,71.35916667,142.79,20.4,12.5
10-07-2021 06:00,5,16.225,8.62,81.33363333,371.0175,32.98205,191.6966667,31.45916667,68.56083333
10-07-2021 06:00,6,16.16440678,8.215254237,110.5934237,653.9969492,124.2438983,177.1830508,30.22542373,73.03220339
10-07-2021 07:00,1,24.98,11.22666667,12.66135,654.366,167.2157,348.0233333,28.90666667,79.00333333
10-07-2021 07:00,2,30.88666667,8.54,178.6657167,0.0,76.06416667,142.3533333,29.19166667,78.18166667
10-07-2021 07:00,3,0.0,6.19,98.5426,590.572,65.33676667,134.93,29.43833333,75.57166667
10-07-2021 07:00,4,23.21833333,10.745,114.34475,636.03,79.85953333,127.9433333,20.4,12.5
10-07-2021 07:00,5,15.22583333,8.213333333,84.04911667,345.0415,28.29273333,188.64,31.82916667,66.21833333
10-07-2021 07:00,6,14.87,8.553333333,117.2565333,552.181,126.9095333,130.1266667,29.37666667,77.78
10-07-2021 08:00,1,24.28333333,10.05833333,10.30575,632.21,174.3359333,324.0066667,28.515,82.84166667
10-07-2021 08:00,2,32.12333333,9.138333333,163.4851833,0.0,75.06043333,137.1133333,28.945,79.83166667
10-07-2021 08:00,3,0.0,4.467924528,91.85358491,593.9739623,68.56871698,139.8981132,29.22641509,77.58679245
10-07-2021 08:00,4,20.03,9.488333333,97.88826667,599.358,68.00293333,121.3933333,20.4,12.5
10-07-2021 08:00,5,17.46583333,9.0925,86.89546667,398.044,29.31215,211.1283333,31.62083333,65.78416667
10-07-2021 08:00,6,13.13666667,7.816666667,112.0218667,517.228,123.1769,111.7866667,29.04666667,80.33
10-07-2021 09:00,1,21.88833333,9.288333333,12.00701667,591.336,182.0835,308.2866667,28.44666667,84.45833333
10-07-2021 09:00,2,33.67666667,10.625,156.94185,0.0,74.1508,135.8033333,28.75666667,82.21
10-07-2021 09:00,3,0.0,4.405,86.89546667,432.042,63.67433333,107.8566667,29.15333333,78.51166667
10-07-2021 09:00,4,20.47288136,9.754237288,95.95410169,587.7620339,68.29427119,115.0135593,20.4,12.5
10-07-2021 09:00,5,19.1175,9.359166667,119.9556583,464.4165,50.12393333,186.8933333,31.16833333,67.11666667
10-07-2021 09:00,6,13.435,7.916666667,105.2822333,485.331,119.1933333,100.87,29.02333333,81.25166667
10-07-2021 10:00,1,20.48166667,9.098333333,17.2744,555.81,168.5017333,306.1033333,28.355,85.70833333
10-07-2021 10:00,2,32.87166667,9.691666667,143.9206167,0.0,75.28,131.4366667,28.835,83.26333333
10-07-2021 10:00,3,0.0,5.026666667,81.0719,354.878,63.7057,105.2366667,29.2,79.495
10-07-2021 10:00,4,21.36666667,9.903333333,90.26528333,561.54,66.811,109.6033333,20.4,12.5
10-07-2021 10:00,5,21.0825,9.170833333,110.173375,618.649,48.22625,224.4466667,31.04916667,67.775
10-07-2021 10:00,6,16.76833333,8.348333333,94.68203333,476.163,118.2837,99.99666667,29.035,81.61666667
10-07-2021 11:00,1,18.92166667,8.33,14.55891667,514.936,159.6877,336.67,28.16333333,86.89
10-07-2021 11:00,2,31.90666667,8.811666667,133.97475,0.0,66.811,127.07,28.79333333,82.54166667
10-07-2021 11:00,3,0.0,4.26,73.2199,332.34,61.29046667,104.8,29.18166667,79.56333333
10-07-2021 11:00,4,21.45333333,9.388333333,80.05768333,545.878,63.01563333,106.11,20.4,12.5
10-07-2021 11:00,5,15.65333333,8.086666667,103.1392917,448.3725,47.84985,189.7316667,30.7125,68.77916667
10-07-2021 11:00,6,15.045,7.89,86.92818333,441.783,112.5436,93.01,28.925,81.94833333
10-07-2021 12:00,1,28.99574468,13.04042553,7.225510638,535.4502128,53.13646809,340.0425532,33.81276596,58.82553191
10-07-2021 12:00,2,30.59333333,8.062222222,68.79224444,0.0,13.38311111,222.9911111,34.32888889,53.89555556
10-07-2021 12:00,3,0.0,7.554545455,57.99772727,600.3477273,2.951318182,185.1863636,33.61590909,57.96590909
10-07-2021 12:00,4,31.98909091,14.32,72.55961818,626.9661818,4.858981818,130.0472727,20.4,12.5
10-07-2021 12:00,5,15.86916667,7.854166667,94.71475,517.7055,52.35096667,197.5916667,29.73583333,72.88916667
10-07-2021 12:00,6,19.93488372,9.344186047,95.77613953,636.1632558,61.84339535,121.8604651,32.93953488,59.52790698
11-07-2021 01:00,1,30.91333333,12.98,7.573908333,554.473,96.09178333,329.6833333,31.445,70.21916667
11-07-2021 01:00,2,31.68495575,9.265486726,104.2127168,0.0,37.09038938,177.3716814,31.39115044,69.50619469
11-07-2021 01:00,3,0.0,6.390833333,66.08766667,437.581,37.53021667,149.995,31.56666667,67.46083333
11-07-2021 01:00,4,23.44583333,11.01166667,58.71005833,545.7825,31.93126667,144.5366667,20.4,12.5
11-07-2021 01:00,5,16.12833333,8.335,121.2806833,604.324,62.23146667,201.74,30.70166667,69.34166667
11-07-2021 01:00,6,16.42118644,9.057627119,75.0764322,598.1537288,66.14113559,112.1271186,31.49576271,68.03644068
11-07-2021 02:00,1,28.13083333,12.4575,10.43661667,543.4905,101.3143333,345.185,31.31416667,71.27916667
11-07-2021 02:00,2,31.9475,9.143333333,101.5688917,0.0,33.876,195.845,31.38916667,69.24583333
11-07-2021 02:00,3,0.0,6.805309735,67.14154867,502.9215929,40.13823009,163.460177,31.75575221,66.38761062
11-07-2021 02:00,4,23.26833333,10.92333333,82.33149167,575.483,35.35023333,137.1133333,20.4,12.5
11-07-2021 02:00,5,15.25254237,8.108474576,106.0685424,525.4118644,57.12986441,185.1762712,30.27288136,69.64915254
11-07-2021 02:00,6,17.15583333,9.239166667,72.05845833,618.3625,63.3293,132.0916667,31.4025,68.995
11-07-2021 03:00,1,29.58166667,13.015,8.604483333,568.034,112.6377,348.6783333,30.9525,72.80833333
11-07-2021 03:00,2,31.49583333,8.848333333,115.1953833,0.0,44.16426667,181.435,31.04833333,70.1625
11-07-2021 03:00,3,0.0,5.963716814,76.10533628,499.4734513,51.16375221,151.6353982,30.9460177,69.42920354
11-07-2021 03:00,4,21.63416667,10.00083333,87.02633333,587.2295,47.97531667,149.1216667,20.4,12.5
11-07-2021 03:00,5,15.18448276,8.284482759,113.7863103,470.6503448,60.97031034,163.0724138,29.72931034,73.22931034
11-07-2021 03:00,6,18.00416667,9.069166667,69.99730833,585.7015,66.23071667,139.515,31.1775,69.72833333
11-07-2021 04:00,1,28.84833333,12.61416667,21.49485,597.83,155.3434167,357.63,28.60833333,80.49083333
11-07-2021 04:00,2,32.7675,9.87,120.6917833,0.0,47.74006667,187.5483333,30.50083333,72.8425
11-07-2021 04:00,3,0.0,6.008333333,74.38134167,519.138,50.35918333,150.8683333,30.80583333,70.03
11-07-2021 04:00,4,23.80416667,10.90083333,98.28086667,638.513,68.15976667,144.3183333,20.4,12.5
11-07-2021 04:00,5,15.71206897,8.355172414,118.4907414,454.8434483,63.59862069,149.5206897,29.42413793,75.72413793
11-07-2021 04:00,6,16.205,8.488333333,84.359925,636.5075,89.81845,149.34,30.43583333,72.39916667
11-07-2021 05:00,1,48.035,20.02583333,17.63428333,742.226,176.3590833,378.8083333,28.2,83.67583333
11-07-2021 05:00,2,34.1325,11.03916667,122.4584833,0.0,56.14633333,177.7233333,29.61916667,74.17
11-07-2021 05:00,3,0.0,10.25,66.48026667,576.82,53.98203333,157.4183333,30.30666667,71.57166667
11-07-2021 05:00,4,45.4475,19.30916667,95.53266667,701.543,78.35393333,149.5583333,20.4,12.5
11-07-2021 05:00,5,16.88666667,8.708333333,112.3490333,429.177,60.44356667,142.3533333,29.19,76.465
11-07-2021 05:00,6,16.20083333,8.89,82.02068333,665.3485,98.77363333,153.4883333,29.88333333,74.68416667
11-07-2021 06:00,1,61.21916667,23.91416667,16.62006667,839.9225,166.2433333,390.38,28.39833333,83.76
11-07-2021 06:00,2,34.21,11.22666667,134.7435917,0.0,65.16425,177.0683333,29.55333333,75.26833333
11-07-2021 06:00,3,0.0,9.434166667,61.86721667,620.2725,54.2016,160.0383333,29.6,73.99916667
11-07-2021 06:00,4,35.61583333,14.46583333,85.9794,716.059,73.27253333,146.065,20.4,12.5
11-07-2021 06:00,5,18.27142857,8.971428571,114.9757143,378.18,72.05371429,131.0,29.0,78.24285714
11-07-2021 06:00,6,17.35083333,9.53,86.97725833,714.531,103.74525,148.9033333,29.36583333,76.02
11-07-2021 12:00,1,32.55333333,14.33916667,10.158525,584.651,103.6982,334.705,31.40916667,71.54666667
11-07-2021 12:00,2,30.74833333,8.3675,112.7907083,0.0,40.32185,167.4616667,31.475,69.2375
11-07-2021 12:00,3,0.0,5.552941176,59.33538655,421.9013445,31.48791597,136.9445378,31.20420168,69.20588235
11-07-2021 12:00,4,24.58083333,11.80916667,58.08844167,554.5685,33.84463333,132.31,20.4,12.5
11-07-2021 12:00,5,15.625,8.105,172.9730167,573.191,80.33003333,194.3166667,30.61,73.83
11-07-2021 12:00,6,17.05916667,8.964166667,80.25398333,612.6325,74.5272,112.2233333,30.92916667,70.54583333
12-07-2021 10:00,1,46.09,19.25833333,5.954433333,455.535,22.52126667,377.28,33.49,62.48333333
12-07-2021 10:00,2,40.81428571,15.94693878,82.1255102,0.0,8.372979592,198.9061224,33.47959184,58.88979592
12-07-2021 10:00,3,0.0,12.47959184,39.74073469,424.4877551,13.05877551,165.755102,33.33673469,59.07346939
12-07-2021 10:00,4,65.93166667,30.13333333,30.6228,646.535,0.345033333,175.54,20.4,12.5
12-07-2021 10:00,5,33.10833333,15.83166667,50.67811667,467.186,1.7879,239.73,33.73333333,59.19833333
12-07-2021 10:00,6,43.27333333,18.41,94.74746667,1094.239,83.87446667,215.2766667,32.32666667,64.26166667
12-07-2021 11:00,1,40.07666667,17.385,1.27595,422.492,15.68333333,345.4033333,34.56833333,58.30166667
12-07-2021 11:00,2,41.60666667,16.41833333,121.6405667,0.0,12.73486667,184.71,33.695,58.28
12-07-2021 11:00,3,0.0,13.51833333,58.92271667,411.414,5.959666667,162.0033333,33.80333333,57.54166667
12-07-2021 11:00,4,44.19833333,20.075,47.60275,600.886,0.125466667,165.9333333,20.4,12.5
12-07-2021 11:00,5,34.25833333,16.59833333,79.23976667,506.723,3.1053,257.1966667,34.62333333,56.14333333
12-07-2021 11:00,6,36.63333333,16.77,93.01348333,1073.038,58.27926667,218.77,33.44666667,59.86333333
12-07-2021 12:00,1,31.87333333,14.31333333,0.752483333,424.784,28.73186667,393.4366667,35.225,55.47666667
12-07-2021 12:00,2,40.14166667,15.31,148.7954,0.0,22.0194,173.3566667,34.01666667,57.345
12-07-2021 12:00,3,0.0,13.75666667,54.5714,475.208,3.607166667,197.3733333,34.69666667,55.26666667
12-07-2021 12:00,4,31.87,14.85833333,34.25435,555.81,0.0,189.5133333,20.4,12.5
12-07-2021 12:00,5,31.73333333,15.74333333,73.51435,428.031,1.348766667,277.2833333,35.82333333,51.97666667
12-07-2021 12:00,6,37.19666667,16.96833333,88.335,812.514,45.79533333,189.5133333,34.26333333,56.56333333
12-07-2021 13:00,1,26.71,12.22,7.2631,426.885,45.3562,424.0033333,35.16333333,54.71666667
12-07-2021 13:00,2,38.28490566,13.85660377,101.1870943,0.0,2.166075472,228.3849057,35.32075472,53.4754717
12-07-2021 13:00,3,0.0,13.11166667,48.74783333,449.041,0.2823,224.01,35.515,52.66666667
12-07-2021 13:00,4,58.655,26.30333333,73.57978333,653.411,3.513066667,202.6133333,20.4,12.5
12-07-2021 13:00,5,30.75833333,15.065,119.0232333,471.197,18.22403333,262.8733333,34.545,55.55166667
12-07-2021 13:00,6,34.96833333,15.55833333,98.47716667,697.15,42.50183333,173.3566667,34.46,56.81
12-07-2021 14:00,1,31.48833333,13.475,12.66135,525.823,76.4092,413.5233333,35.14166667,56.15
12-07-2021 14:00,2,37.44666667,13.535,123.7017167,0.0,19.3846,237.9833333,33.93166667,59.73333333
12-07-2021 14:00,3,0.0,13.25833333,80.64658333,550.844,13.39356667,249.7733333,34.71166667,56.655
12-07-2021 14:00,4,36.535,16.45166667,73.38348333,644.434,6.932033333,213.0933333,20.4,12.5
12-07-2021 14:00,5,27.44,13.32333333,154.6516833,592.1,49.46523333,237.9833333,33.44,59.6
12-07-2021 14:00,6,28.84,13.345,77.21133333,716.823,26.84986667,221.39,34.96833333,55.61
12-07-2021 15:00,1,35.405,13.77833333,32.12776667,648.827,165.2396,421.82,32.09666667,68.945
12-07-2021 15:00,2,35.65166667,12.09333333,162.83085,0.0,52.82146667,214.4033333,32.06333333,68.47333333
12-07-2021 15:00,3,0.0,11.91833333,92.09741667,597.83,34.9111,251.52,33.18166667,63.89833333
12-07-2021 15:00,4,38.61166667,17.47333333,93.70053333,681.106,47.39503333,220.9533333,20.4,12.5
12-07-2021 15:00,5,21.835,10.72333333,144.0514833,657.613,66.811,237.11,31.89333333,66.90166667
12-07-2021 15:00,6,27.09833333,12.45333333,84.86703333,693.33,65.0231,259.8166667,32.90666667,63.89666667
12-07-2021 16:00,1,36.62666667,14.47666667,30.19748333,755.023,174.9319,427.9333333,30.20833333,74.78
12-07-2021 16:00,2,35.52,11.87333333,158.0215,0.0,66.40323333,206.98,30.71166667,71.61
12-07-2021 16:00,3,0.0,28.62166667,103.4501,792.077,65.46223333,233.6166667,30.79,69.33666667
12-07-2021 16:00,4,37.93833333,16.225,102.2723,770.876,71.4219,203.05,20.4,12.5
12-07-2021 16:00,5,20.94666667,10.30666667,123.2436833,656.467,66.27776667,233.18,31.02166667,69.65166667
12-07-2021 16:00,6,26.90666667,12.69166667,106.7544833,889.487,115.4293333,258.5066667,31.17333333,68.80166667
12-07-2021 17:00,1,81.595,23.4,25.1264,1058.522,192.4345,430.5533333,29.205,76.745
12-07-2021 17:00,2,40.26666667,15.455,142.8409667,0.0,62.13736667,200.8666667,29.615,73.68333333
12-07-2021 17:00,3,0.0,23.175,109.5026833,885.858,77.60113333,205.67,28.60166667,75.125
12-07-2021 17:00,4,49.57894737,20.54561404,82.446,955.6031579,59.06838596,214.6561404,20.4,12.5
12-07-2021 17:00,5,33.26666667,15.97333333,116.6022,1164.336,59.34573333,294.75,30.15333333,68.905
12-07-2021 17:00,6,47.60333333,20.91,126.7443667,1279.509,125.9371667,273.3533333,29.27666667,73.97666667
12-07-2021 18:00,1,92.55166667,30.405,8.310033333,1241.118,180.5779,457.19,28.87,75.825
12-07-2021 18:00,2,39.73666667,15.345,141.9576167,0.0,69.5399,198.6833333,29.57666667,75.25333333
12-07-2021 18:00,3,0.0,23.91833333,109.24095,1054.893,85.75646667,212.6566667,28.30333333,75.76
12-07-2021 18:00,4,38.765,16.19166667,94.55116667,1119.833,71.0455,234.49,20.4,12.5
12-07-2021 18:00,5,23.26833333,11.35,118.8923667,924.822,65.80726667,244.5333333,30.08833333,71.52
12-07-2021 18:00,6,33.25666667,15.07333333,110.1897333,1175.414,124.9648,262.0,29.91166667,73.585
12-07-2021 19:00,1,41.08833333,16.19,21.0041,799.144,199.6174667,375.0966667,28.91333333,80.91666667
12-07-2021 19:00,2,34.095,10.83166667,132.1099,0.0,64.99173333,176.4133333,29.35333333,77.39166667
12-07-2021 19:00,3,0.0,22.52,99.22965,916.227,83.87446667,211.3466667,29.02,76.37333333
12-07-2021 19:00,4,30.85666667,13.96333333,98.11728333,711.857,77.19336667,164.6233333,20.4,12.5
12-07-2021 19:00,5,18.13666667,8.94,118.3034667,531.171,66.77963333,187.7666667,29.64166667,75.95333333
12-07-2021 19:00,6,19.74833333,10.17833333,101.5525333,793.032,118.7228333,198.6833333,29.61333333,77.70666667
12-07-2021 20:00,1,39.41333333,13.20333333,8.53905,644.816,175.4965,368.9833333,28.815,83.60166667
12-07-2021 20:00,2,37.305,13.17333333,134.4982167,0.0,72.23743333,166.37,29.23,80.22833333
12-07-2021 20:00,3,0.0,8.255,78.87988333,678.05,67.03056667,189.5133333,29.65166667,77.075
12-07-2021 20:00,4,32.74666667,13.94,92.91533333,671.938,82.9021,147.1566667,20.4,12.5
12-07-2021 20:00,5,16.16833333,8.31,111.1058,468.332,65.17993333,165.4966667,29.55,77.245
12-07-2021 20:00,6,21.37166667,10.26333333,97.98641667,760.18,121.5458333,179.9066667,29.475,79.68833333
12-07-2021 21:00,1,41.715,16.23166667,6.37975,642.333,166.1806,362.87,28.65333333,84.06166667
12-07-2021 21:00,2,36.605,12.73,125.2394,0.0,68.00293333,157.2,29.24,81.225
12-07-2021 21:00,3,0.0,57.05833333,72.4347,1269.959,77.94616667,292.5666667,29.1,77.64333333
12-07-2021 21:00,4,46.78333333,19.50333333,77.70208333,779.089,74.4331,165.4966667,20.4,12.5
12-07-2021 21:00,5,15.64833333,8.095,102.2723,422.492,61.66686667,157.2,29.42833333,77.84666667
12-07-2021 21:00,6,20.72666667,9.878333333,91.41036667,631.255,115.1156667,151.96,29.40166667,80.42333333
12-07-2021 22:00,1,113.3383333,37.12166667,9.749566667,1730.842,181.9580333,562.4266667,28.18,84.86666667
12-07-2021 22:00,2,50.34827586,23.34827586,107.9311552,0.0,68.43341379,204.6310345,28.57931034,82.22758621
12-07-2021 22:00,3,0.0,47.69333333,23.1634,973.336,38.07913333,233.6166667,28.44333333,78.575
12-07-2021 22:00,4,81.59,32.81833333,77.83295,1353.617,85.00366667,250.21,20.4,12.5
12-07-2021 22:00,5,37.45,17.21833333,83.59108333,784.628,64.33303333,226.1933333,29.18166667,76.76166667
12-07-2021 22:00,6,61.80666667,25.23833333,75.1829,1036.748,112.8886333,230.1233333,28.57166667,80.3
12-07-2021 23:00,1,112.3133333,36.12166667,7.328533333,1829.016,183.1186,588.19,27.40833333,84.97833333
12-07-2021 23:00,2,56.255,27.45166667,113.6904167,0.0,78.54213333,209.6,27.80833333,83.12333333
12-07-2021 23:00,3,0.0,31.77818182,14.24067273,689.4752727,24.63709091,182.4472727,28.40727273,77.15636364
12-07-2021 23:00,4,76.76333333,30.96333333,80.74473333,1139.315,85.56826667,213.9666667,20.4,12.5
12-07-2021 23:00,5,47.32833333,21.55166667,86.92818333,850.523,72.04923333,234.9266667,28.61333333,76.21
12-07-2021 23:00,6,58.04482759,24.0137931,77.03082759,912.8482759,116.099931,198.3068966,28.18448276,79.39827586
13-07-2021 00:00,1,110.665,37.03166667,10.07673333,1694.361,189.2664667,528.3666667,26.95166667,86.175
13-07-2021 00:00,2,52.86333333,25.38833333,119.6775667,0.0,79.38903333,188.2033333,27.07166667,86.345
13-07-2021 00:00,3,0.0,31.61166667,22.70536667,701.734,32.77816667,168.5533333,28.39,77.75
13-07-2021 00:00,4,77.73166667,32.425,72.631,1005.997,77.69523333,190.8233333,20.4,12.5
13-07-2021 00:00,5,43.35666667,20.26,88.69488333,664.298,71.3278,199.9933333,28.295,76.43333333
13-07-2021 00:00,6,56.35666667,23.42333333,80.71201667,773.932,121.9849667,168.99,28.075,79.57166667
13-07-2021 01:00,1,112.48,40.765,8.0483,1593.131,192.4972333,492.9966667,26.72166667,87.9
13-07-2021 01:00,2,55.83,27.60166667,124.5196333,0.0,86.3838,188.2033333,27.085,86.31333333
13-07-2021 01:00,3,0.0,53.19655172,8.664275862,763.2755172,17.45717241,184.7551724,28.2637931,78.81551724
13-07-2021 01:00,4,73.20333333,31.19,77.50578333,874.207,74.9036,167.68,20.4,12.5
13-07-2021 01:00,5,47.30166667,21.86166667,90.72331667,770.876,73.80576667,245.4066667,28.38,77.08
13-07-2021 01:00,6,55.25,23.65862069,79.53534483,772.1668966,117.2356207,169.3965517,28.10344828,80.23965517
13-07-2021 02:00,1,111.6733333,41.49833333,8.93165,1643.937,191.9953667,526.62,26.42166667,89.82833333
13-07-2021 02:00,2,55.52666667,27.75333333,112.1200167,0.0,78.41666667,181.6533333,27.35833333,85.04833333
13-07-2021 02:00,3,0.0,40.92166667,18.51763333,809.076,30.45703333,176.4133333,27.92,80.175
13-07-2021 02:00,4,91.535,38.95,89.38193333,880.701,85.75646667,156.7633333,20.4,12.5
13-07-2021 02:00,5,52.925,24.23,88.7276,793.223,74.27626667,230.1233333,28.31166667,77.94333333
13-07-2021 02:00,6,49.77333333,22.49166667,80.45028333,730.766,110.8498,154.1433333,27.90833333,81.175
13-07-2021 03:00,1,121.0783333,44.785,11.9743,1724.157,196.2612333,539.72,26.42,90.25666667
13-07-2021 03:00,2,49.36923077,22.81923077,111.85325,0.0,70.06830769,189.95,27.08269231,85.37307692
13-07-2021 03:00,3,0.0,55.95833333,11.81071667,839.254,26.41073333,197.3733333,27.71833333,81.10333333
13-07-2021 03:00,4,121.7466667,52.48833333,85.35778333,889.487,78.69896667,164.6233333,20.4,12.5
13-07-2021 03:00,5,52.52666667,24.43833333,82.90403333,747.383,68.37933333,214.84,28.105,78.42833333
13-07-2021 03:00,6,53.05166667,23.88833333,85.35778333,772.213,119.6952,156.7633333,27.84833333,81.85666667
13-07-2021 04:00,1,121.12,45.265,9.880433333,1516.731,196.9826667,532.7333333,26.14,92.715
13-07-2021 04:00,2,50.15666667,23.96166667,102.8939167,0.0,64.52123333,203.9233333,27.01833333,85.36
13-07-2021 04:00,3,0.0,56.56,26.8931,771.64,39.36516667,197.3733333,27.745,81.145
13-07-2021 04:00,4,102.0933333,44.34166667,89.02205,871.151,79.6086,165.9333333,20.4,12.5
13-07-2021 04:00,5,43.05166667,20.39666667,89.15291667,713.003,67.4697,224.01,27.935,79.11333333
13-07-2021 04:00,6,51.53333333,23.96833333,81.36635,791.695,113.2023,172.92,27.69166667,83.11666667
13-07-2021 05:00,1,130.4383333,47.56833333,7.099516667,1585.3,188.2941,546.7066667,26.02666667,93.45833333
13-07-2021 05:00,2,56.01166667,28.73666667,107.86685,0.0,69.4458,210.91,27.01833333,85.315
13-07-2021 05:00,3,0.0,54.00833333,7.426683333,798.762,22.36443333,208.29,27.85333333,81.06
13-07-2021 05:00,4,136.8333333,58.195,91.0832,1098.632,90.9947,205.67,20.4,12.5
13-07-2021 05:00,5,48.43166667,22.93166667,94.4203,642.524,68.53616667,221.8266667,27.71,80.71666667
13-07-2021 05:00,6,65.56,30.34,81.0719,940.675,114.2374,217.0233333,27.56666667,83.70333333
13-07-2021 06:00,1,132.3433333,50.15833333,7.001366667,1543.471,175.4965,574.2166667,26.29666667,92.42166667
13-07-2021 06:00,2,50.01,23.45666667,113.1996667,0.0,69.38306667,187.7666667,27.28333333,84.11166667
13-07-2021 06:00,3,0.0,45.46833333,18.74665,947.169,26.66166667,228.3766667,27.95,81.25166667
13-07-2021 06:00,4,170.9566667,69.145,92.29371667,1481.205,93.4413,266.8033333,20.4,12.5
13-07-2021 06:00,5,48.70333333,23.07833333,89.74181667,837.535,62.4824,250.6466667,28.01166667,79.19666667
13-07-2021 06:00,6,70.74833333,31.39666667,82.08611667,1300.328,119.0992333,268.1133333,27.59833333,84.325
13-07-2021 07:00,1,114.4133333,42.87333333,7.034083333,1150.393,136.6645667,444.09,28.145,84.645
13-07-2021 07:00,2,53.995,26.95833333,102.7957667,0.0,54.13886667,222.2633333,29.08666667,77.75666667
13-07-2021 07:00,3,0.0,47.16333333,19.2374,1020.513,20.29423333,254.14,29.265,77.68666667
13-07-2021 07:00,4,173.7166667,68.78666667,96.05613333,1487.126,82.27476667,272.9166667,20.4,12.5
13-07-2021 07:00,5,81.34666667,37.19666667,108.6847667,1050.882,64.33303333,271.17,28.88166667,77.29
13-07-2021 07:00,6,84.77,38.02833333,96.80861667,1215.333,116.3076,243.2233333,28.06833333,82.71333333
13-07-2021 08:00,1,76.51,31.295,8.898933333,731.53,86.1956,445.4,29.72833333,78.30666667
13-07-2021 08:00,2,63.20377358,34.52830189,102.4093396,0.0,40.12566038,247.1698113,30.35849057,73.59811321
13-07-2021 08:00,3,0.0,53.595,38.76925,827.794,23.36816667,261.1266667,30.37666667,75.10833333
13-07-2021 08:00,4,147.3683333,59.31,107.5724,1319.81,59.15753333,246.28,20.4,12.5
13-07-2021 08:00,5,94.245,42.88,115.6861333,1093.857,44.85433333,281.2133333,30.13666667,73.46666667
13-07-2021 08:00,6,83.575,36.995,108.7829167,1599.816,112.1358333,298.68,29.34,78.43
13-07-2021 09:00,1,76.90833333,30.52666667,6.739633333,606.998,67.59516667,349.3333333,31.105,72.685
13-07-2021 09:00,2,66.135,37.815,79.43606667,0.0,5.771466667,252.83,32.25,65.23833333
13-07-2021 09:00,3,0.0,47.36333333,67.59263333,702.116,29.7356,196.9366667,31.48833333,70.415
13-07-2021 09:00,4,124.4566667,50.02,110.81135,1173.504,39.30243333,226.1933333,20.4,12.5
13-07-2021 09:00,5,83.95,37.91833333,122.19675,1234.433,33.876,313.9633333,32.00333333,66.25833333
13-07-2021 09:00,6,97.12166667,41.575,127.2678333,1617.006,96.4525,285.1433333,30.23,74.91166667
13-07-2021 10:00,1,69.79833333,27.2,15.01695,483.994,54.23296667,351.9533333,31.79666667,67.64333333
13-07-2021 10:00,2,63.96,35.30833333,139.47115,0.0,16.59296667,199.12,32.07833333,64.91
13-07-2021 10:00,3,0.0,56.07118644,84.17610169,745.6769492,12.37654237,196.2779661,32.40508475,65.13050847
13-07-2021 10:00,4,83.335,33.305,82.77316667,793.605,15.9029,187.7666667,20.4,12.5
13-07-2021 10:00,5,50.25,23.765,65.30246667,577.011,1.066466667,262.4366667,33.38833333,59.515
13-07-2021 10:00,6,94.945,39.43666667,135.5778667,1555.313,83.3726,265.93,31.32166667,68.99833333
13-07-2021 11:00,1,69.22833333,25.74833333,6.216166667,388.685,38.42416667,319.64,33.12,62.19166667
13-07-2021 11:00,2,47.96666667,22.15333333,111.8582833,0.0,5.5519,185.5833333,33.57,57.27
13-07-2021 11:00,3,0.0,54.56166667,106.0674333,749.484,11.60566667,198.6833333,33.10666667,62.88333333
13-07-2021 11:00,4,47.41666667,20.48666667,58.82456667,538.62,0.250933333,165.4966667,20.4,12.5
13-07-2021 11:00,5,36.825,17.70666667,73.28533333,407.785,0.972366667,247.1533333,34.265,53.55833333
13-07-2021 11:00,6,58.40666667,24.56666667,115.6534167,1006.952,56.3659,190.3866667,32.505,62.11666667
13-07-2021 12:00,1,59.78,22.73666667,6.37975,351.822,47.83416667,326.19,33.29,59.67833333
13-07-2021 12:00,2,45.81525424,20.25254237,101.1111356,0.0,2.328576271,213.5966102,34.1,55.19830508
13-07-2021 12:00,3,0.0,55.68333333,105.3803833,857.972,21.4548,221.8266667,33.74666667,62.82333333
13-07-2021 12:00,4,47.37166667,20.385,68.57413333,480.747,1.3174,158.51,20.4,12.5
13-07-2021 12:00,5,45.995,21.79666667,140.2890667,411.414,15.08736667,201.74,33.64166667,55.85166667
13-07-2021 12:00,6,48.47,20.87166667,102.0432833,891.206,39.9925,191.6966667,33.78,56.51166667
13-07-2021 13:00,1,47.29,19.725,12.72678333,356.597,55.2367,369.8566667,33.525,57.74
13-07-2021 13:00,2,48.50192308,22.52307692,137.82525,0.0,11.47296154,208.5923077,33.83846154,55.675
13-07-2021 13:00,3,0.0,44.09,89.34921667,709.565,12.26436667,206.1066667,32.99333333,63.34833333
13-07-2021 13:00,4,44.98,20.14333333,83.36206667,443.311,7.277066667,141.0433333,20.4,12.5
13-07-2021 13:00,5,43.25833333,20.575,149.28615,433.761,24.05823333,190.3866667,33.645,53.785
13-07-2021 13:00,6,50.08166667,21.475,104.6279,991.672,43.53693333,230.1233333,33.97666667,55.12833333
13-07-2021 14:00,1,46.49333333,19.05333333,5.00565,422.874,46.79906667,381.21,34.68833333,55.34833333
13-07-2021 14:00,2,43.42166667,18.32,134.8581,0.0,15.49513333,213.9666667,33.68,54.41666667
13-07-2021 14:00,3,0.0,41.675,132.9278167,769.921,37.13813333,171.1733333,33.17166667,62.27
13-07-2021 14:00,4,51.30833333,22.27,117.5182667,503.476,25.28153333,125.76,20.4,12.5
13-07-2021 14:00,5,45.57333333,21.625,158.7412667,579.112,35.69526667,204.36,33.42833333,54.21666667
13-07-2021 14:00,6,47.42333333,20.705,101.78155,834.861,42.28226667,227.94,33.54166667,55.09333333
13-07-2021 15:00,1,53.24,20.065,31.408,502.33,101.7534667,385.5766667,33.19833333,61.31166667
13-07-2021 15:00,2,50.62333333,23.81333333,189.3967833,0.0,38.7692,193.4433333,32.81166667,60.555
13-07-2021 15:00,3,0.0,47.78666667,138.3260667,790.358,40.9335,173.3566667,33.04666667,62.27166667
13-07-2021 15:00,4,58.60166667,24.3,136.33035,645.007,40.96486667,130.5633333,20.4,12.5
13-07-2021 15:00,5,46.07,21.705,195.4820833,649.782,55.36216667,194.3166667,32.57,60.71
13-07-2021 15:00,6,55.77627119,22.35084746,148.289678,1033.730847,87.97552542,235.3559322,32.9,60.1559322
13-07-2021 16:00,1,53.04,20.97833333,79.17433333,673.275,186.6003,322.26,31.17333333,70.73
13-07-2021 16:00,2,44.68,19.60833333,195.8419667,0.0,57.36963333,208.29,31.35166667,69.59833333
13-07-2021 16:00,3,0.0,31.58666667,131.22655,821.682,48.33603333,205.67,32.17,65.08166667
13-07-2021 16:00,4,54.92833333,23.81833333,147.3558667,797.234,60.4122,164.1866667,20.4,12.5
13-07-2021 16:00,5,37.86666667,18.01833333,194.43515,718.924,66.87373333,203.05,31.44,68.36
13-07-2021 16:00,6,50.32333333,22.00666667,162.2092333,966.842,115.9312,228.3766667,31.57166667,69.07833333
13-07-2021 17:00,1,46.0,20.76166667,41.05941667,689.892,180.6406333,386.45,30.05,77.00333333
13-07-2021 17:00,2,35.795,12.40666667,157.3671667,0.0,61.00816667,206.1066667,30.34833333,72.295
13-07-2021 17:00,3,0.0,16.87166667,110.9749333,784.055,57.18143333,218.3333333,31.19666667,70.07166667
13-07-2021 17:00,4,29.81666667,13.46833333,112.7089167,736.496,70.16723333,193.88,20.4,12.5
13-07-2021 17:00,5,23.265,11.38666667,149.2207167,727.71,65.99546667,229.25,30.91166667,71.03
13-07-2021 17:00,6,26.25283019,12.48867925,131.0765472,782.0909434,119.7023019,208.6113208,30.7509434,73.00754717
13-07-2021 18:00,1,26.15833333,11.70666667,8.34275,553.709,156.0178,351.9533333,29.55166667,77.24166667
13-07-2021 18:00,2,31.89666667,9.29,136.4612167,0.0,62.3883,189.95,29.64666667,75.525
13-07-2021 18:00,3,0.0,8.706666667,98.96791667,613.492,68.47343333,193.0066667,30.395,74.06
13-07-2021 18:00,4,21.65,10.03333333,87.5498,644.816,64.89763333,181.6533333,20.4,12.5
13-07-2021 18:00,5,17.02333333,8.536666667,107.9977167,614.256,57.74603333,221.39,30.36666667,71.06166667
13-07-2021 18:00,6,16.70333333,9.028333333,103.9735667,717.205,111.1634667,199.9933333,30.15666667,75.47833333
13-07-2021 19:00,1,21.22666667,9.493333333,13.97001667,525.823,167.7489333,341.0366667,29.09,79.74833333
13-07-2021 19:00,2,31.25166667,8.801666667,131.6845833,0.0,64.7408,168.5533333,29.26333333,78.74166667
13-07-2021 19:00,3,0.0,6.075,80.74725,537.2976923,61.85265385,167.7807692,30.05384615,74.63269231
13-07-2021 19:00,4,19.48166667,9.155,86.30656667,606.425,65.61906667,157.2,20.4,12.5
13-07-2021 19:00,5,14.335,7.543333333,107.5069667,499.274,60.25536667,186.8933333,29.84166667,73.74333333
13-07-2021 19:00,6,19.96166667,9.025,96.35058333,596.684,112.5749667,171.1733333,29.635,76.82333333
13-07-2021 20:00,1,36.15666667,15.865,12.85765,654.366,170.7601333,344.0933333,28.78,82.06666667
13-07-2021 20:00,2,29.78235294,7.8,123.4380588,0.0,63.47137255,158.227451,29.00196078,80.18235294
13-07-2021 20:00,3,0.0,5.19,72.631,600.886,62.3883,165.06,29.675,74.85166667
13-07-2021 20:00,4,19.40333333,9.216666667,89.3165,576.438,74.40173333,143.2266667,20.4,12.5
13-07-2021 20:00,5,12.5,7.146666667,104.039,391.55,58.84386667,168.99,29.52833333,74.92166667
13-07-2021 20:00,6,19.45666667,9.326666667,88.23685,535.373,111.1321,152.3966667,29.37666667,77.84666667
13-07-2021 21:00,1,41.705,18.80833333,18.71393333,622.469,180.672,316.5833333,25.74833333,94.055
13-07-2021 21:00,2,29.39666667,7.446666667,120.6590667,0.0,67.62653333,144.5366667,28.85166667,81.52833333
13-07-2021 21:00,3,0.0,4.296666667,76.98231667,557.911,65.08583333,136.6766667,29.42833333,76.32666667
13-07-2021 21:00,4,23.17166667,10.85333333,85.55408333,575.865,70.8573,127.9433333,20.4,12.5
13-07-2021 21:00,5,12.295,6.808333333,99.68768333,354.114,61.51003333,155.0166667,29.295,76.90166667
13-07-2021 21:00,6,13.65666667,7.8,87.7461,473.107,111.7280667,137.9866667,29.30666667,78.92
14-07-2021 00:00,1,50.95,21.64,13.3484,877.072,206.0162667,354.5733333,25.64,98.17166667
14-07-2021 00:00,2,33.00943396,9.960377358,105.446434,0.0,64.34309434,119.6301887,26.51886792,88.43962264
14-07-2021 00:00,3,0.0,7.198333333,99.78583333,631.637,89.45773333,94.75666667,25.38333333,91.27
14-07-2021 00:00,4,27.19333333,12.89833333,83.49293333,604.515,77.38156667,118.3366667,20.4,12.5
14-07-2021 00:00,5,11.57333333,6.695,101.6834,403.01,67.21876667,138.4233333,26.72166667,85.76333333
14-07-2021 00:00,6,11.35166667,7.255,89.87268333,568.607,110.1597333,91.7,26.91666667,87.20333333
14-07-2021 01:00,1,29.87,12.92166667,9.32425,659.714,184.8437667,349.3333333,25.86,98.03833333
14-07-2021 01:00,2,33.84166667,10.67833333,91.60666667,0.0,60.66313333,130.1266667,26.56,89.97166667
14-07-2021 01:00,3,0.0,15.30172414,92.59944828,766.6344828,89.88172414,108.4137931,25.65344828,90.49137931
14-07-2021 01:00,4,21.935,10.42833333,70.89701667,550.844,68.37933333,111.35,20.4,12.5
14-07-2021 01:00,5,15.81,8.335,87.28806667,481.129,65.17993333,172.4833333,27.32,84.37
14-07-2021 01:00,6,14.40172414,8.479310345,74.56015517,574.9758621,97.40972414,107.5103448,27.01034483,88.21896552
14-07-2021 02:00,1,26.575,11.35833333,3.173516667,604.706,162.4793333,301.7366667,25.88666667,96.54
14-07-2021 02:00,2,39.38166667,15.52333333,107.7032667,0.0,64.58396667,131.4366667,25.985,92.11666667
14-07-2021 02:00,3,0.0,24.98333333,79.53421667,715.677,82.77663333,104.8,26.07833333,89.4
14-07-2021 02:00,4,41.49,18.97666667,64.71356667,625.716,62.13736667,125.76,20.4,12.5
14-07-2021 02:00,5,18.87166667,9.358333333,77.30948333,1640.881,61.4473,486.8833333,27.32166667,84.96666667
14-07-2021 02:00,6,23.67333333,12.35,81.17005,615.402,104.3569,110.9133333,26.37,91.89
14-07-2021 03:00,1,40.13333333,17.67333333,1.112366667,674.803,146.1686667,297.8066667,25.69,95.305
14-07-2021 03:00,2,45.84833333,21.26,104.3988833,0.0,58.8125,131.0,25.64333333,89.37333333
14-07-2021 03:00,3,0.0,10.03666667,63.27403333,722.744,68.37933333,102.6166667,25.335,88.20166667
14-07-2021 03:00,4,63.075,28.325,66.1531,663.534,62.63923333,125.3233333,20.4,12.5
14-07-2021 03:00,5,29.63333333,14.25666667,81.79166667,1052.219,64.01936667,342.3466667,27.02,84.75666667
14-07-2021 03:00,6,36.30333333,18.11333333,75.70636667,613.11,97.70716667,98.25,25.98833333,90.65166667
14-07-2021 04:00,1,40.595,17.60833333,5.3001,676.331,151.2500667,302.1733333,25.48666667,95.70666667
14-07-2021 04:00,2,37.47833333,14.10666667,111.3021,0.0,59.5653,153.27,25.37166667,88.08333333
14-07-2021 04:00,3,0.0,13.13166667,58.36653333,730.575,65.14856667,110.04,25.79166667,86.15333333
14-07-2021 04:00,4,48.88333333,22.22166667,65.98951667,617.694,57.08733333,112.2233333,20.4,12.5
14-07-2021 04:00,5,18.26833333,9.101666667,79.99225,553.136,56.14633333,189.95,26.29666667,84.045
14-07-2021 04:00,6,21.005,10.94,80.38485,675.567,105.4861,107.8566667,25.92333333,88.33833333
14-07-2021 05:00,1,34.69333333,15.56,15.96573333,642.333,174.0536333,301.7366667,24.89333333,97.18833333
14-07-2021 05:00,2,36.43666667,13.095,106.5581833,0.0,66.59143333,168.99,26.55,84.57166667
14-07-2021 05:00,3,0.0,22.32166667,79.1089,886.24,88.04623333,156.3266667,26.075,87.00833333
14-07-2021 05:00,4,67.90333333,30.17166667,78.16011667,749.293,76.06416667,127.5066667,20.4,12.5
14-07-2021 05:00,5,28.22833333,13.51666667,94.48573333,529.643,65.74453333,177.2866667,26.31166667,84.89666667
14-07-2021 05:00,6,31.74166667,15.45,74.85573333,895.79,105.3606333,165.06,26.68666667,87.895
14-07-2021 06:00,1,27.13333333,12.1,14.95151667,673.466,176.908,343.6566667,24.875,98.38833333
14-07-2021 06:00,2,39.285,15.41333333,111.1712333,0.0,69.3517,228.3766667,26.745,86.195
14-07-2021 06:00,3,0.0,19.98666667,82.54415,1129.765,90.02233333,197.3733333,26.06166667,89.06666667
14-07-2021 06:00,4,53.45,24.35833333,84.86703333,752.158,78.41666667,123.5766667,20.4,12.5
14-07-2021 06:00,5,29.04,13.81833333,106.29645,846.512,79.57723333,215.2766667,26.05333333,88.585
14-07-2021 06:00,6,37.08666667,18.18333333,81.49721667,1540.033,120.5421,291.2566667,26.3,92.74
14-07-2021 07:00,1,39.43666667,17.825,9.160666667,959.202,176.4375,388.1966667,25.405,97.08166667
14-07-2021 07:00,2,41.965,17.92,112.38175,0.0,66.46596667,251.9566667,26.83666667,87.09833333
14-07-2021 07:00,3,0.0,18.58333333,86.92818333,1888.417,91.71613333,343.6566667,26.62833333,87.87
14-07-2021 07:00,4,56.47333333,25.855,83.06761667,996.638,78.41666667,168.5533333,20.4,12.5
14-07-2021 07:00,5,32.62166667,15.63333333,106.29645,1526.854,79.985,341.91,26.55833333,87.56666667
14-07-2021 07:00,6,37.49,18.80666667,85.71766667,2318.74,123.6787667,432.7366667,26.65,91.695
14-07-2021 08:00,1,50.60166667,22.35666667,9.553266667,1016.12,167.0275,384.2666667,26.39833333,92.96333333
14-07-2021 08:00,2,50.32166667,25.255,99.3278,0.0,45.10526667,306.1033333,29.66833333,76.41833333
14-07-2021 08:00,3,0.0,26.515,62.75056667,1490.373,66.02683333,282.0866667,28.085,83.925
14-07-2021 08:00,4,89.08166667,40.30666667,88.56401667,1266.903,91.05743333,211.3466667,20.4,12.5
14-07-2021 08:00,5,35.42333333,17.03,101.3235167,1257.162,67.43833333,287.7633333,27.68333333,83.805
14-07-2021 08:00,6,43.515,21.33166667,94.4203,2207.005,109.8774333,403.48,27.76666667,88.44333333
14-07-2021 09:00,1,72.45333333,30.685,18.87751667,1300.519,133.8102,425.75,27.58333333,88.09833333
14-07-2021 09:00,2,56.33166667,30.34333333,113.1342333,0.0,31.49213333,277.72,31.25333333,70.94666667
14-07-2021 09:00,3,0.0,28.99433962,63.92713208,956.8018868,54.86207547,205.1509434,29.43584906,78.07169811
14-07-2021 09:00,4,74.81166667,32.13666667,86.50286667,1197.761,65.14856667,196.0633333,20.4,12.5
14-07-2021 09:00,5,46.52333333,22.1,93.2425,1288.677,46.98726667,303.92,29.77166667,75.61833333
14-07-2021 09:00,6,43.49833333,20.215,98.64075,1711.742,97.23666667,303.4833333,28.61,82.865
14-07-2021 10:00,1,59.74666667,22.00166667,4.842066667,831.805,105.1724333,328.81,29.03166667,82.07
14-07-2021 10:00,2,50.18833333,24.95333333,83.19848333,0.0,3.795366667,267.6766667,33.40333333,61.515
14-07-2021 10:00,3,0.0,22.285,61.93265,699.442,30.73933333,180.3433333,31.41,70.205
14-07-2021 10:00,4,59.785,26.15166667,81.00646667,920.62,24.0896,132.31,20.4,12.5
14-07-2021 10:00,5,39.53666667,19.1,46.3268,1050.5,6.367433333,324.0066667,32.78,63.12833333
14-07-2021 10:00,6,30.01206897,14.38103448,85.08589655,1201.916897,67.16793103,215.4724138,30.02413793,73.96551724
14-07-2021 11:00,1,44.77,17.61166667,7.688416667,587.134,65.24266667,329.2466667,30.2,75.185
14-07-2021 11:00,2,45.16666667,20.05833333,110.0588667,0.0,8.469,233.18,33.08666667,61.18333333
14-07-2021 11:00,3,0.0,29.04833333,67.23275,654.939,19.6669,243.66,32.30833333,66.50166667
14-07-2021 11:00,4,80.355,32.515,98.08456667,927.687,16.3734,137.1133333,20.4,12.5
14-07-2021 11:00,5,48.31333333,22.90333333,105.90385,1112.193,9.629566667,324.88,32.97666667,61.31833333
14-07-2021 11:00,6,43.78679245,20.30377358,109.3353962,1307.521132,68.92381132,224.4301887,31.23018868,68.5245283
14-07-2021 12:00,1,48.74666667,19.37,6.837783333,572.236,40.68256667,290.3833333,32.39166667,65.57833333
14-07-2021 12:00,2,45.24,20.35333333,144.7058167,0.0,27.79086667,204.7966667,32.14666667,64.63333333
14-07-2021 12:00,3,0.0,25.03389831,84.9080678,574.5538983,33.62081356,154.979661,32.22033898,66.9559322
14-07-2021 12:00,4,85.63166667,33.81166667,97.3648,901.138,8.8454,155.89,20.4,12.5
14-07-2021 12:00,5,62.27166667,28.59833333,184.6855833,1299.373,44.6034,314.4,32.23833333,64.03
14-07-2021 12:00,6,49.98333333,22.60333333,116.30775,1299.946,58.342,241.04,31.94666667,66.15
14-07-2021 13:00,1,50.695,20.37833333,3.958716667,500.611,8.061233333,317.02,34.0,58.49666667
14-07-2021 13:00,2,50.65490196,25.37254902,162.0822157,0.0,49.33792157,178.7764706,31.04901961,69.64117647
14-07-2021 13:00,3,0.0,27.12,77.47306667,578.157,30.2061,167.68,32.00333333,67.84666667
14-07-2021 13:00,4,63.20666667,26.95333333,96.28515,782.336,14.89916667,159.3833333,20.4,12.5
14-07-2021 13:00,5,65.125,28.23833333,180.89045,1252.578,36.10303333,321.8233333,32.64333333,62.14
14-07-2021 13:00,6,54.535,24.815,140.45265,911.643,70.1986,169.4266667,31.665,67.22333333
14-07-2021 14:00,1,65.43833333,25.37,29.08511667,685.117,77.7266,327.9366667,32.66,64.03
14-07-2021 14:00,2,40.34333333,16.94666667,144.5422333,0.0,57.90286667,167.68,30.11666667,69.60166667
14-07-2021 14:00,3,0.0,31.00833333,123.9961667,642.715,72.04923333,158.51,30.31166667,72.895
14-07-2021 14:00,4,63.30833333,28.10166667,98.57531667,908.205,23.68183333,198.2466667,20.4,12.5
14-07-2021 14:00,5,57.20833333,26.31166667,164.1068,1324.776,53.9193,355.4466667,31.86333333,65.335
14-07-2021 14:00,6,47.76666667,23.08666667,128.9363833,874.971,87.01113333,188.2033333,30.61,69.78166667
14-07-2021 15:00,1,31.72833333,13.10666667,30.13205,707.846,159.4367667,414.8333333,30.685,70.675
14-07-2021 15:00,2,41.32166667,17.36,85.5868,0.0,19.41596667,234.49,33.17666667,57.83666667
14-07-2021 15:00,3,0.0,26.28,110.2878833,757.888,62.8588,190.8233333,31.38166667,67.37666667
14-07-2021 15:00,4,76.895,34.27,139.0458333,1137.023,62.7647,195.6266667,20.4,12.5
14-07-2021 15:00,5,44.19,20.51833333,167.7056333,1083.161,56.80503333,276.41,30.73166667,68.17
14-07-2021 15:00,6,44.15833333,21.10666667,121.5097,1151.73,84.37633333,228.3766667,31.26166667,66.215
14-07-2021 16:00,1,54.05333333,22.2,53.81891667,851.287,231.9251333,347.15,28.985,81.79666667
14-07-2021 16:00,2,42.555,18.19,156.0257833,0.0,44.3211,217.8966667,29.81666667,74.26166667
14-07-2021 16:00,3,0.0,23.67666667,121.4769833,949.652,53.4488,204.7966667,31.38833333,67.79333333
14-07-2021 16:00,4,55.07666667,24.93,137.2791333,1030.827,98.02083333,172.4833333,20.4,12.5
14-07-2021 16:00,5,29.045,13.64666667,173.6927833,1220.108,75.68776667,286.89,29.715,74.67166667
14-07-2021 16:00,6,41.34137931,18.82931034,141.3021552,1714.455517,111.0704483,336.5344828,30.19655172,73.93965517
14-07-2021 17:00,1,53.2425,23.3575,58.59555,858.6405,211.1604,360.25,28.0625,85.8175
14-07-2021 17:00,2,36.8175,13.2,192.86475,0.0,99.2755,207.635,27.7175,85.0575
14-07-2021 17:00,3,0.0,13.65,128.625575,1125.372,77.5384,239.075,28.9025,76.22
14-07-2021 17:00,4,47.5,21.0975,113.0688,987.279,91.0888,163.75,20.4,12.5
14-07-2021 17:00,5,23.56,11.4825,156.009425,1207.5975,77.162,280.34,29.175,74.9225
14-07-2021 17:00,6,28.025,12.8775,125.14125,1818.129,123.03575,356.975,29.3425,74.985
15-07-2021 12:00,1,55.64615385,24.59615385,5.0585,554.4876923,58.77630769,333.5461538,32.18076923,68.93076923
15-07-2021 12:00,2,34.32,11.06,53.15804,0.0,19.42224,208.552,32.788,63.988
15-07-2021 12:00,3,0.0,14.284,14.60472,301.1688,7.45272,187.592,32.604,64.992
15-07-2021 12:00,4,34.55555556,15.84444444,33.51640741,606.1066667,11.43140741,162.0518519,20.4,12.5
15-07-2021 12:00,5,37.52692308,18.06923077,69.762,540.3830769,13.68069231,273.0846154,31.79615385,64.67692308
15-07-2021 12:00,6,31.432,15.076,77.18516,561.0816,62.4824,123.664,31.08,69.66
15-07-2021 13:00,1,54.535,23.96666667,4.384033333,552.372,49.93573333,341.0366667,32.82333333,64.90166667
15-07-2021 13:00,2,33.77068966,10.69655172,41.86605172,0.0,8.533896552,223.1517241,32.86034483,62.70344828
15-07-2021 13:00,3,0.0,12.31132075,63.77898113,365.2064151,41.1909434,166.5924528,32.00943396,67.48301887
15-07-2021 13:00,4,35.58,16.29166667,47.5046,655.894,20.48243333,173.3566667,20.4,12.5
15-07-2021 13:00,5,33.28833333,15.32833333,104.8242,747.765,46.26583333,270.2966667,31.91666667,64.80333333
15-07-2021 13:00,6,26.19333333,12.90333333,75.05203333,595.92,63.07836667,141.0433333,31.45333333,68.24666667
15-07-2021 14:00,1,41.73666667,17.86333333,32.29135,592.864,139.1111667,339.29,30.77833333,74.06
15-07-2021 14:00,2,32.63666667,9.761666667,67.42905,0.0,26.1598,211.3466667,32.55,63.74
15-07-2021 14:00,3,0.0,9.315,60.16595,482.657,39.55336667,182.9633333,32.21333333,64.97166667
15-07-2021 14:00,4,29.38666667,13.625,74.56128333,672.702,46.14036667,168.1166667,20.4,12.5
15-07-2021 14:00,5,30.95333333,11.70666667,102.8612,626.48,48.99473333,253.7033333,31.755,67.08666667
15-07-2021 14:00,6,17.76333333,9.718333333,52.90285,579.112,45.79533333,152.3966667,32.38,62.23833333
15-07-2021 15:00,1,24.58166667,10.96166667,42.46623333,598.021,196.1985,361.9966667,26.58,91.49666667
15-07-2021 15:00,2,33.32333333,10.06,75.28105,0.0,27.1949,213.53,30.20666667,73.00333333
15-07-2021 15:00,3,0.0,19.19166667,80.54843333,598.212,54.578,175.1033333,29.595,74.42166667
15-07-2021 15:00,4,40.65166667,17.73,85.32506667,722.553,58.27926667,169.8633333,20.4,12.5
15-07-2021 15:00,5,25.19333333,11.41,86.30656667,635.839,39.02013333,271.17,31.15333333,67.68
15-07-2021 15:00,6,23.53833333,11.62666667,60.00236667,548.17,49.62206667,175.1033333,30.27666667,72.9
15-07-2021 16:00,1,21.55,9.871666667,22.08375,683.207,202.4718333,343.22,25.54833333,94.96666667
15-07-2021 16:00,2,30.79814815,8.303703704,157.8760926,0.0,86.6417037,130.5148148,25.2962963,93.64074074
15-07-2021 16:00,3,0.0,13.75333333,130.63765,648.063,99.30686667,133.1833333,26.54166667,84.865
15-07-2021 16:00,4,59.995,23.98666667,119.2195333,664.871,90.02233333,136.6766667,20.4,12.5
15-07-2021 16:00,5,21.61166667,11.21166667,154.0955,464.512,87.82666667,176.85,25.53666667,91.40666667
15-07-2021 16:00,6,15.02333333,8.961666667,141.0088333,590.381,157.6802333,127.5066667,25.485,94.31
15-07-2021 17:00,1,4.6,4.7,25.9116,719.497,201.7817667,375.0966667,25.02166667,98.785
15-07-2021 17:00,2,29.99803922,7.931372549,162.6595686,0.0,96.49862745,123.8078431,25.20392157,94.80196078
15-07-2021 17:00,3,0.0,7.953333333,125.3048333,648.636,103.4786333,117.0266667,25.26,91.46833333
15-07-2021 17:00,4,36.84833333,16.90166667,105.6748333,791.122,91.8416,160.6933333,20.4,12.5
15-07-2021 17:00,5,35.28166667,17.46166667,145.5237333,727.71,91.3711,208.29,25.49333333,90.63333333
15-07-2021 17:00,6,13.54666667,8.46,125.1739667,739.743,151.6578333,135.8033333,25.46833333,95.11333333
15-07-2021 18:00,1,7.162264151,5.511320755,12.07430189,686.9513208,168.1726792,355.9245283,24.90754717,98.45849057
15-07-2021 18:00,2,29.43571429,7.733928571,135.201625,0.0,83.91703571,120.2392857,25.1625,95.01428571
15-07-2021 18:00,3,0.0,9.21,115.4244,679.196,101.3143333,112.2233333,24.85,93.49833333
15-07-2021 18:00,4,35.00666667,16.17833333,88.85846667,745.282,79.57723333,150.65,20.4,12.5
15-07-2021 18:00,5,13.53166667,7.651666667,119.5794167,709.947,78.32256667,205.2333333,25.595,90.27833333
15-07-2021 18:00,6,11.90666667,7.883333333,106.8199167,662.006,135.0021333,113.0966667,25.41166667,94.82333333
15-07-2021 19:00,1,7.325,5.275,18.15775,601.65,159.97,386.45,24.7,98.225
15-07-2021 19:00,2,29.244,7.47,123.39418,0.0,81.22712,120.52,25.142,95.54
15-07-2021 19:00,3,0.0,7.276666667,106.1328667,602.605,94.91553333,94.32,24.72333333,93.94166667
15-07-2021 19:00,4,39.6122449,18.31836735,79.08085714,703.0359184,72.78346939,148.1102041,20.4,12.5
15-07-2021 19:00,5,13.00666667,7.498333333,104.9877833,565.36,71.39053333,169.4266667,25.71,89.77333333
15-07-2021 19:00,6,13.73333333,8.72,94.6166,674.803,125.5294,119.6466667,25.42,94.80666667
